{"type":"FeatureCollection","features":[{"type":"Feature","properties":{"id":"cankaya-mesrutiyet"},"geometry":{"type":"MultiPolygon","coordinates":[[[[32.8585,39.9161],[32.8582,39.9151],[32.8544,39.9149],[32.8541,39.9206],[32.8559,39.9209],[32.8575,39.9182],[32.8581,39.9164],[32.8585,39.9161]]]]}},{"type":"Feature","properties":{"id":"cankaya-buyukesat"},"geometry":{"type":"MultiPolygon","coordinates":[[[[32.8775,39.8993],[32.8781,39.8984],[32.8798,39.8975],[32.881,39.8963],[32.882,39.8945],[32.882,39.8935],[32.8814,39.8921],[32.8808,39.8914],[32.8797,39.8909],[32.8792,39.8904],[32.8784,39.8885],[32.8784,39.8877],[32.8782,39.888],[32.8779,39.8879],[32.8755,39.8866],[32.8734,39.8851],[32.8744,39.8873],[32.8719,39.8901],[32.8723,39.8905],[32.8726,39.8912],[32.8721,39.8913],[32.8729,39.8944],[32.8741,39.8964],[32.8744,39.8975],[32.8744,39.8981],[32.8746,39.8985],[32.8747,39.8986],[32.8757,39.8982],[32.8762,39.8991],[32.8766,39.8991],[32.8769,39.8997],[32.8774,39.8997],[32.8775,39.8993]]]]}},{"type":"Feature","properties":{"id":"cankaya-anittepe"},"geometry":{"type":"MultiPolygon","coordinates":[[[[32.8416,39.928],[32.8407,39.9277],[32.8396,39.9295],[32.8374,39.9316],[32.8374,39.9317],[32.8376,39.9327],[32.8374,39.935],[32.8378,39.9349],[32.8422,39.9327],[32.8431,39.9321],[32.8448,39.9307],[32.8438,39.9301],[32.8421,39.9287],[32.8421,39.9284],[32.8422,39.9282],[32.8416,39.928]]]]}},{"type":"Feature","properties":{"id":"cankaya-barbaros"},"geometry":{"type":"MultiPolygon","coordinates":[[[[32.8624,39.9008],[32.8621,39.9006],[32.8605,39.9024],[32.8603,39.903],[32.8606,39.9056],[32.8615,39.9079],[32.8619,39.9091],[32.862,39.9103],[32.8642,39.909],[32.8665,39.9069],[32.8672,39.9059],[32.8675,39.9047],[32.8663,39.9044],[32.8653,39.9038],[32.8632,39.9014],[32.8624,39.9008]]]]}},{"type":"Feature","properties":{"id":"cankaya-zafertepe"},"geometry":{"type":"MultiPolygon","coordinates":[[[[32.8738,39.9177],[32.8758,39.9179],[32.8768,39.9173],[32.8778,39.9172],[32.8791,39.9168],[32.8783,39.9156],[32.8779,39.9159],[32.8772,39.9156],[32.877,39.9159],[32.8755,39.9152],[32.8731,39.9148],[32.8704,39.9137],[32.8698,39.9144],[32.8702,39.9146],[32.8701,39.9151],[32.8705,39.916],[32.8703,39.9179],[32.8702,39.918],[32.8738,39.9177]]]]}},{"type":"Feature","properties":{"id":"cankaya-kizilay"},"geometry":{"type":"MultiPolygon","coordinates":[[[[32.8541,39.9213],[32.8541,39.9206],[32.8532,39.9209],[32.8523,39.9192],[32.8472,39.9216],[32.8491,39.9237],[32.854,39.9259],[32.8552,39.9267],[32.8542,39.9223],[32.8541,39.9213]]]]}},{"type":"Feature","properties":{"id":"cankaya-akarlar"},"geometry":{"type":"MultiPolygon","coordinates":[[[[33.0912,39.7723],[33.1025,39.7608],[33.1281,39.7631],[33.1393,39.7564],[33.1429,39.7504],[33.1381,39.7495],[33.1325,39.7438],[33.1247,39.7429],[33.1206,39.7426],[33.1155,39.7394],[33.115,39.7369],[33.1149,39.7355],[33.1141,39.7342],[33.1133,39.7317],[33.1136,39.7311],[33.1153,39.73],[33.1162,39.7278],[33.1143,39.7234],[33.1107,39.7231],[33.1091,39.7242],[33.1049,39.7255],[33.1038,39.7301],[33.1015,39.7325],[33.093,39.738],[33.0869,39.7416],[33.0823,39.7439],[33.0763,39.7461],[33.0738,39.7478],[33.0741,39.7498],[33.0724,39.7576],[33.078,39.761],[33.0802,39.7608],[33.08,39.7619],[33.0811,39.764],[33.0818,39.7647],[33.0836,39.7651],[33.0846,39.7665],[33.0886,39.7691],[33.0912,39.7723]]]]}},{"type":"Feature","properties":{"id":"cankaya-saglik"},"geometry":{"type":"MultiPolygon","coordinates":[[[[32.8604,39.9291],[32.8634,39.9287],[32.8634,39.9284],[32.8631,39.928],[32.8604,39.9261],[32.8612,39.9253],[32.8606,39.9251],[32.8599,39.9258],[32.857,39.9238],[32.8552,39.9267],[32.8552,39.9276],[32.8548,39.929],[32.8604,39.9291]]]]}},{"type":"Feature","properties":{"id":"cankaya-ata"},"geometry":{"type":"MultiPolygon","coordinates":[[[[32.8271,39.8698],[32.8269,39.8698],[32.826,39.8708],[32.825,39.8716],[32.8233,39.8741],[32.823,39.8769],[32.8233,39.879],[32.8232,39.88],[32.8237,39.8816],[32.8237,39.8832],[32.8278,39.8829],[32.8277,39.8818],[32.8282,39.8807],[32.8275,39.8789],[32.8259,39.8764],[32.8261,39.8753],[32.8269,39.8736],[32.8274,39.8731],[32.8283,39.8728],[32.8296,39.8716],[32.83,39.8714],[32.8271,39.8698]]]]}},{"type":"Feature","properties":{"id":"cankaya-korkutreis"},"geometry":{"type":"MultiPolygon","coordinates":[[[[32.8546,39.9291],[32.8548,39.929],[32.855,39.9285],[32.8552,39.9267],[32.8544,39.9261],[32.8491,39.9237],[32.8482,39.9247],[32.8477,39.9258],[32.8487,39.9267],[32.8512,39.9278],[32.8535,39.9285],[32.8539,39.9287],[32.854,39.9291],[32.8546,39.9291]]]]}},{"type":"Feature","properties":{"id":"cankaya-kavaklidere"},"geometry":{"type":"MultiPolygon","coordinates":[[[[32.8625,39.9133],[32.8623,39.9111],[32.8619,39.9091],[32.859,39.9091],[32.8565,39.9086],[32.8564,39.9088],[32.8547,39.9084],[32.8548,39.9079],[32.8528,39.9068],[32.8527,39.9074],[32.8527,39.9083],[32.8533,39.9105],[32.8535,39.9118],[32.855,39.9118],[32.8544,39.9129],[32.8543,39.9136],[32.8544,39.9149],[32.8593,39.9151],[32.8593,39.9154],[32.8622,39.9153],[32.8625,39.9133]]]]}},{"type":"Feature","properties":{"id":"cankaya-ilker"},"geometry":{"type":"MultiPolygon","coordinates":[[[[32.843,39.8646],[32.8431,39.864],[32.843,39.8634],[32.8432,39.863],[32.843,39.8623],[32.8419,39.8608],[32.8412,39.8597],[32.84,39.8579],[32.8393,39.8571],[32.8388,39.8564],[32.8385,39.855],[32.8379,39.8541],[32.8381,39.8551],[32.8379,39.8557],[32.8367,39.8561],[32.8354,39.8569],[32.8348,39.8577],[32.8354,39.8593],[32.8362,39.8627],[32.8364,39.8643],[32.8374,39.8659],[32.8385,39.8665],[32.8391,39.8662],[32.842,39.8653],[32.843,39.8646]]]]}},{"type":"Feature","properties":{"id":"cankaya-aydinlar"},"geometry":{"type":"MultiPolygon","coordinates":[[[[32.8392,39.8815],[32.8394,39.8815],[32.839,39.8805],[32.8382,39.8791],[32.835,39.8756],[32.8338,39.874],[32.8318,39.8751],[32.8316,39.8756],[32.8316,39.8772],[32.8325,39.8783],[32.8346,39.88],[32.836,39.8823],[32.8392,39.8815]]]]}},{"type":"Feature","properties":{"id":"cankaya-gokturk"},"geometry":{"type":"MultiPolygon","coordinates":[[[[32.8745,39.9127],[32.8747,39.9121],[32.8751,39.9121],[32.8753,39.9118],[32.8767,39.9116],[32.8768,39.911],[32.8747,39.9111],[32.874,39.9109],[32.8718,39.9094],[32.872,39.9087],[32.871,39.9084],[32.8706,39.9114],[32.8703,39.912],[32.8713,39.9125],[32.8704,39.9137],[32.8721,39.9145],[32.8737,39.9149],[32.8761,39.9152],[32.8764,39.9147],[32.8739,39.9132],[32.8745,39.9127]]]]}},{"type":"Feature","properties":{"id":"cankaya-ehlibeyt"},"geometry":{"type":"MultiPolygon","coordinates":[[[[32.8213,39.8953],[32.8206,39.8947],[32.8185,39.8903],[32.8164,39.8884],[32.8162,39.8879],[32.8149,39.8871],[32.8144,39.887],[32.8143,39.8867],[32.8125,39.8869],[32.8136,39.8972],[32.8184,39.8974],[32.8189,39.8972],[32.8207,39.8956],[32.8213,39.8953]]]]}},{"type":"Feature","properties":{"id":"cankaya-cevizlidere"},"geometry":{"type":"MultiPolygon","coordinates":[[[[32.8203,39.8913],[32.8203,39.8906],[32.82,39.8906],[32.8198,39.8884],[32.8199,39.8857],[32.8202,39.8838],[32.8184,39.8838],[32.8189,39.8832],[32.8191,39.8824],[32.8188,39.8811],[32.8178,39.8798],[32.8181,39.8774],[32.8175,39.8774],[32.8151,39.8784],[32.8148,39.8786],[32.815,39.879],[32.815,39.8793],[32.8126,39.8794],[32.8127,39.8801],[32.8118,39.8801],[32.8125,39.8869],[32.8143,39.8867],[32.8144,39.887],[32.8149,39.8871],[32.8162,39.8879],[32.8164,39.8884],[32.8185,39.8903],[32.819,39.8915],[32.8203,39.8913]]]]}},{"type":"Feature","properties":{"id":"cankaya-dodurga"},"geometry":{"type":"MultiPolygon","coordinates":[[[[32.6484,39.8452],[32.6497,39.8447],[32.6495,39.8442],[32.6491,39.8441],[32.6493,39.8437],[32.6503,39.8441],[32.6506,39.844],[32.6507,39.8443],[32.6499,39.8447],[32.6516,39.8449],[32.6519,39.844],[32.6516,39.8434],[32.6523,39.8427],[32.6571,39.8426],[32.659,39.8416],[32.6576,39.8399],[32.6614,39.8389],[32.663,39.8379],[32.6684,39.8353],[32.6707,39.8334],[32.6717,39.8302],[32.6717,39.826],[32.6698,39.8222],[32.6665,39.822],[32.6662,39.8209],[32.6671,39.8189],[32.6675,39.8186],[32.6691,39.8203],[32.6709,39.8199],[32.6736,39.8219],[32.6768,39.822],[32.6763,39.8197],[32.6754,39.8176],[32.6766,39.8153],[32.6788,39.8151],[32.6789,39.8141],[32.6785,39.8123],[32.6744,39.8065],[32.6743,39.8047],[32.673,39.8045],[32.6718,39.8038],[32.6731,39.802],[32.6718,39.8009],[32.6715,39.8002],[32.6717,39.7998],[32.6693,39.7986],[32.6688,39.7978],[32.6703,39.7971],[32.6662,39.7901],[32.6645,39.7852],[32.663,39.7884],[32.661,39.791],[32.6586,39.7933],[32.656,39.7952],[32.6545,39.7961],[32.6496,39.7986],[32.6479,39.7998],[32.6457,39.802],[32.6447,39.8039],[32.6441,39.8055],[32.6439,39.8075],[32.6443,39.8101],[32.6452,39.8139],[32.6459,39.8203],[32.6461,39.8278],[32.6459,39.8328],[32.6453,39.8359],[32.6446,39.8376],[32.6428,39.8402],[32.6437,39.8404],[32.6436,39.8405],[32.6457,39.8419],[32.6444,39.843],[32.6445,39.8441],[32.6474,39.8443],[32.648,39.8452],[32.6484,39.8451],[32.6484,39.8452]]]]}},{"type":"Feature","properties":{"id":"cankaya-sehit-cengiz-karaca"},"geometry":{"type":"MultiPolygon","coordinates":[[[[32.8308,39.8773],[32.8312,39.8775],[32.8316,39.8772],[32.8316,39.8756],[32.8318,39.8751],[32.8338,39.874],[32.8336,39.8734],[32.8318,39.8721],[32.83,39.8714],[32.8296,39.8716],[32.8283,39.8728],[32.8274,39.8731],[32.8269,39.8736],[32.8261,39.8751],[32.8259,39.8763],[32.8263,39.8771],[32.8275,39.8789],[32.828,39.8804],[32.8301,39.88],[32.8298,39.8796],[32.8301,39.8795],[32.83,39.8789],[32.8308,39.8773]]]]}},{"type":"Feature","properties":{"id":"cankaya-balgat"},"geometry":{"type":"MultiPolygon","coordinates":[[[[32.822,39.9127],[32.8197,39.9101],[32.8212,39.9062],[32.8168,39.9062],[32.8163,39.9043],[32.8165,39.9033],[32.8142,39.9034],[32.8148,39.9089],[32.8145,39.9127],[32.8244,39.9149],[32.822,39.9127]]]]}},{"type":"Feature","properties":{"id":"cankaya-arka-topraklik"},"geometry":{"type":"MultiPolygon","coordinates":[[[[32.8726,39.9212],[32.873,39.9208],[32.8733,39.9198],[32.8738,39.9194],[32.8745,39.9191],[32.8761,39.9193],[32.8766,39.9191],[32.877,39.9184],[32.8757,39.9179],[32.8742,39.9177],[32.8715,39.9179],[32.8716,39.921],[32.8705,39.922],[32.8709,39.9223],[32.8716,39.9217],[32.8726,39.9212]]]]}},{"type":"Feature","properties":{"id":"cankaya-devlet"},"geometry":{"type":"MultiPolygon","coordinates":[[[[32.8543,39.9175],[32.8543,39.9136],[32.8544,39.9129],[32.855,39.9118],[32.8535,39.9118],[32.8533,39.9105],[32.8527,39.9078],[32.8529,39.906],[32.8529,39.9051],[32.8488,39.9051],[32.8466,39.9054],[32.8421,39.8972],[32.839,39.8967],[32.8331,39.8963],[32.832,39.8961],[32.8297,39.8949],[32.8274,39.8947],[32.8261,39.8947],[32.8213,39.8953],[32.8215,39.8959],[32.8216,39.9],[32.8223,39.9026],[32.8233,39.9044],[32.8234,39.9067],[32.8236,39.9077],[32.8244,39.9089],[32.826,39.9104],[32.8287,39.9141],[32.8289,39.9146],[32.8288,39.9158],[32.8344,39.9161],[32.8387,39.9159],[32.8378,39.9183],[32.838,39.9184],[32.8407,39.918],[32.8407,39.9176],[32.8454,39.9168],[32.8459,39.9186],[32.8508,39.9169],[32.8532,39.9209],[32.8541,39.9206],[32.8543,39.9175]]]]}},{"type":"Feature","properties":{"id":"cankaya-mursel-uluc"},"geometry":{"type":"MultiPolygon","coordinates":[[[[32.8377,39.8704],[32.8379,39.87],[32.8388,39.8701],[32.839,39.8687],[32.8403,39.8685],[32.839,39.8669],[32.8374,39.8659],[32.8364,39.8643],[32.8362,39.8627],[32.8354,39.8593],[32.8348,39.8577],[32.8354,39.8569],[32.8367,39.8561],[32.8379,39.8557],[32.8381,39.8551],[32.8379,39.8541],[32.8372,39.8543],[32.8351,39.8545],[32.8336,39.855],[32.8322,39.855],[32.8295,39.855],[32.8278,39.8549],[32.8264,39.8545],[32.8246,39.8543],[32.8243,39.8544],[32.8244,39.8549],[32.8248,39.8553],[32.8249,39.8559],[32.8272,39.8586],[32.8277,39.86],[32.8282,39.8606],[32.8288,39.8616],[32.8288,39.8625],[32.8297,39.8626],[32.8305,39.8637],[32.8324,39.8683],[32.8335,39.8676],[32.8341,39.8674],[32.8353,39.868],[32.8353,39.8694],[32.8351,39.8697],[32.8355,39.87],[32.8358,39.8698],[32.8368,39.8703],[32.8371,39.8706],[32.8377,39.8704]]]]}},{"type":"Feature","properties":{"id":"cankaya-seyranbaglari"},"geometry":{"type":"MultiPolygon","coordinates":[[[[32.8702,39.9153],[32.8701,39.9148],[32.8702,39.9146],[32.8698,39.9144],[32.8713,39.9125],[32.8703,39.912],[32.8699,39.9127],[32.869,39.9123],[32.8662,39.915],[32.8657,39.9152],[32.8651,39.9152],[32.8635,39.9196],[32.8634,39.9204],[32.8631,39.9207],[32.8635,39.9226],[32.8636,39.9218],[32.8649,39.9204],[32.8678,39.9186],[32.8703,39.9179],[32.8705,39.916],[32.8702,39.9153]]]]}},{"type":"Feature","properties":{"id":"cankaya-boztepe"},"geometry":{"type":"MultiPolygon","coordinates":[[[[32.8941,39.9048],[32.8952,39.9039],[32.8956,39.9032],[32.8963,39.9025],[32.8957,39.9024],[32.8952,39.902],[32.8944,39.9014],[32.8944,39.9011],[32.8926,39.9007],[32.8929,39.9019],[32.8925,39.9029],[32.8907,39.9031],[32.8908,39.9038],[32.8902,39.9036],[32.8899,39.904],[32.8894,39.9041],[32.8886,39.9038],[32.8882,39.9043],[32.8869,39.9048],[32.8862,39.9048],[32.8852,39.9044],[32.8844,39.9046],[32.8854,39.9075],[32.8858,39.9091],[32.8867,39.91],[32.8916,39.9065],[32.8926,39.9056],[32.8941,39.9048]]]]}},{"type":"Feature","properties":{"id":"cankaya-50.yil"},"geometry":{"type":"MultiPolygon","coordinates":[[[[32.8809,39.9241],[32.8817,39.9242],[32.8823,39.9246],[32.8826,39.9251],[32.8835,39.9245],[32.8855,39.9235],[32.8856,39.9232],[32.8854,39.9229],[32.8851,39.9228],[32.8843,39.9217],[32.8837,39.9214],[32.8825,39.9214],[32.8806,39.9219],[32.8794,39.9219],[32.8784,39.9222],[32.8776,39.9218],[32.8771,39.9221],[32.875,39.922],[32.8737,39.9226],[32.8752,39.9247],[32.8766,39.9263],[32.8777,39.9265],[32.8791,39.926],[32.8798,39.9252],[32.88,39.9248],[32.8805,39.9248],[32.8804,39.9242],[32.8809,39.9241]]]]}},{"type":"Feature","properties":{"id":"cankaya-nasuh-akar"},"geometry":{"type":"MultiPolygon","coordinates":[[[[32.8225,39.9031],[32.8224,39.9029],[32.8203,39.9087],[32.8197,39.9101],[32.822,39.9127],[32.8244,39.9149],[32.8288,39.9158],[32.8289,39.9146],[32.8287,39.9141],[32.826,39.9104],[32.8244,39.9089],[32.8236,39.9077],[32.8234,39.9067],[32.8233,39.9044],[32.8225,39.9031]]]]}},{"type":"Feature","properties":{"id":"cankaya-guzeltepe"},"geometry":{"type":"MultiPolygon","coordinates":[[[[32.8521,39.885],[32.8536,39.8849],[32.8555,39.8853],[32.857,39.8829],[32.855,39.8823],[32.8535,39.8821],[32.8501,39.8822],[32.8481,39.8825],[32.8479,39.8818],[32.8475,39.8818],[32.8471,39.8812],[32.8459,39.8816],[32.845,39.8826],[32.845,39.8838],[32.8448,39.8848],[32.8449,39.8856],[32.8444,39.886],[32.8437,39.8873],[32.8439,39.8877],[32.8435,39.8879],[32.8439,39.8884],[32.8438,39.8898],[32.845,39.8897],[32.845,39.8887],[32.8468,39.8888],[32.8468,39.888],[32.8472,39.8872],[32.8491,39.8857],[32.8507,39.8852],[32.8521,39.885]]]]}},{"type":"Feature","properties":{"id":"cankaya-oran"},"geometry":{"type":"MultiPolygon","coordinates":[[[[32.8305,39.855],[32.8336,39.855],[32.8351,39.8545],[32.8372,39.8543],[32.8379,39.8541],[32.8383,39.8528],[32.8383,39.8521],[32.8386,39.8512],[32.8371,39.8507],[32.8379,39.8497],[32.8392,39.8494],[32.838,39.8494],[32.8376,39.8491],[32.8372,39.8485],[32.8377,39.8481],[32.8373,39.8484],[32.8367,39.8475],[32.8363,39.8464],[32.8366,39.8463],[32.8366,39.846],[32.8361,39.8459],[32.8388,39.8385],[32.8387,39.8377],[32.8392,39.8368],[32.8396,39.8362],[32.8415,39.8313],[32.8429,39.8311],[32.8437,39.8307],[32.846,39.8284],[32.8445,39.8291],[32.8394,39.8297],[32.8374,39.8293],[32.8356,39.8294],[32.8331,39.8306],[32.8314,39.831],[32.8298,39.8309],[32.8282,39.8302],[32.8274,39.8294],[32.8317,39.8272],[32.8324,39.8257],[32.8314,39.8242],[32.8261,39.8245],[32.8215,39.8239],[32.8183,39.8221],[32.818,39.8182],[32.8187,39.8137],[32.8135,39.8142],[32.8105,39.8138],[32.8073,39.8128],[32.8023,39.8105],[32.7981,39.8161],[32.7968,39.8189],[32.7959,39.8262],[32.7961,39.8281],[32.7974,39.8311],[32.7975,39.8321],[32.7969,39.8344],[32.7971,39.8354],[32.7975,39.8361],[32.7981,39.8368],[32.8094,39.8455],[32.8105,39.8472],[32.8109,39.8489],[32.8116,39.8495],[32.8121,39.8502],[32.8115,39.8516],[32.8127,39.8511],[32.8165,39.8512],[32.8209,39.8522],[32.824,39.8545],[32.8246,39.8543],[32.8264,39.8545],[32.8278,39.8549],[32.8305,39.855]]]]}},{"type":"Feature","properties":{"id":"cankaya-asagi-ovecler"},"geometry":{"type":"MultiPolygon","coordinates":[[[[32.8264,39.8946],[32.8297,39.8948],[32.8293,39.8925],[32.8288,39.8858],[32.8285,39.8845],[32.8278,39.8829],[32.8237,39.8832],[32.8238,39.8852],[32.8243,39.8889],[32.8242,39.8894],[32.8234,39.8906],[32.8233,39.891],[32.8235,39.8949],[32.8264,39.8946]]]]}},{"type":"Feature","properties":{"id":"cankaya-koru"},"geometry":{"type":"MultiPolygon","coordinates":[[[[32.6907,39.8939],[32.6907,39.8936],[32.69,39.8936],[32.6898,39.8934],[32.6898,39.8894],[32.6893,39.8891],[32.69,39.8886],[32.6882,39.8872],[32.6887,39.8864],[32.6907,39.8855],[32.6926,39.885],[32.6772,39.8785],[32.6754,39.8807],[32.6685,39.8829],[32.6679,39.8844],[32.6656,39.8862],[32.6758,39.893],[32.6919,39.9026],[32.6921,39.8981],[32.691,39.8953],[32.6907,39.8939]]]]}},{"type":"Feature","properties":{"id":"cankaya-camlitepe"},"geometry":{"type":"MultiPolygon","coordinates":[[[[32.871,39.9289],[32.8713,39.9283],[32.8733,39.926],[32.8765,39.9263],[32.8739,39.9229],[32.8721,39.9239],[32.8715,39.9246],[32.87,39.9234],[32.8683,39.9251],[32.8673,39.928],[32.8674,39.9288],[32.8694,39.9289],[32.8711,39.9295],[32.871,39.9289]]]]}},{"type":"Feature","properties":{"id":"cankaya-tohumlar"},"geometry":{"type":"MultiPolygon","coordinates":[[[[32.9484,39.7662],[32.9493,39.7649],[32.9478,39.765],[32.9491,39.7646],[32.9496,39.7646],[32.9496,39.7644],[32.9502,39.7641],[32.951,39.7634],[32.9513,39.7637],[32.9518,39.7637],[32.9521,39.7632],[32.9532,39.7628],[32.9537,39.7614],[32.9539,39.757],[32.9548,39.7562],[32.9573,39.7551],[32.9573,39.7548],[32.9586,39.7545],[32.9593,39.754],[32.9595,39.7536],[32.9607,39.7535],[32.9613,39.7532],[32.9612,39.7531],[32.9614,39.7529],[32.963,39.7525],[32.9629,39.7523],[32.9632,39.7521],[32.9635,39.7521],[32.9643,39.7514],[32.9648,39.7512],[32.9634,39.7507],[32.963,39.7504],[32.9628,39.75],[32.9629,39.7496],[32.9643,39.7477],[32.9644,39.7469],[32.9653,39.7478],[32.9656,39.748],[32.9657,39.7485],[32.9662,39.7487],[32.9665,39.75],[32.967,39.75],[32.9672,39.7504],[32.9669,39.7505],[32.9668,39.7513],[32.967,39.7517],[32.9675,39.7518],[32.9674,39.7511],[32.9677,39.7509],[32.9678,39.7505],[32.9676,39.7502],[32.9677,39.7499],[32.9674,39.7495],[32.9678,39.7493],[32.9669,39.7482],[32.967,39.7481],[32.967,39.7477],[32.9665,39.7463],[32.967,39.7461],[32.9672,39.7456],[32.9703,39.7456],[32.9709,39.7448],[32.9693,39.7395],[32.9707,39.7379],[32.9727,39.7373],[32.9732,39.7373],[32.9728,39.7362],[32.9728,39.7352],[32.9733,39.7336],[32.9773,39.7342],[32.9782,39.733],[32.9797,39.7325],[32.9811,39.7314],[32.9819,39.7311],[32.9826,39.7307],[32.9831,39.7301],[32.9804,39.729],[32.9797,39.7273],[32.9807,39.7261],[32.9829,39.7243],[32.9844,39.7219],[32.9843,39.7197],[32.9875,39.7173],[32.9852,39.7144],[32.9821,39.7128],[32.9827,39.7119],[32.9826,39.711],[32.9826,39.7105],[32.9819,39.7097],[32.982,39.7096],[32.983,39.7093],[32.9834,39.7089],[32.9857,39.7076],[32.9851,39.7069],[32.9841,39.7064],[32.9796,39.7054],[32.9789,39.7049],[32.9775,39.7053],[32.9753,39.7052],[32.9746,39.7053],[32.9734,39.705],[32.9719,39.7061],[32.971,39.7052],[32.9711,39.7056],[32.9705,39.7062],[32.9696,39.7066],[32.9688,39.7066],[32.9685,39.7059],[32.9672,39.7042],[32.9677,39.7031],[32.9677,39.7019],[32.9679,39.7013],[32.9676,39.7014],[32.9672,39.7012],[32.9674,39.6997],[32.9648,39.7017],[32.9647,39.7019],[32.965,39.7022],[32.9598,39.7046],[32.9593,39.7052],[32.9578,39.7059],[32.9567,39.7068],[32.9558,39.7072],[32.9547,39.7082],[32.9533,39.7084],[32.952,39.7091],[32.9507,39.7095],[32.9492,39.7111],[32.9481,39.7115],[32.9487,39.7123],[32.9485,39.7141],[32.9464,39.715],[32.9455,39.715],[32.9422,39.7161],[32.9394,39.7176],[32.9397,39.7184],[32.939,39.7184],[32.9403,39.7189],[32.9396,39.7193],[32.9406,39.7197],[32.9396,39.7199],[32.9393,39.7197],[32.939,39.7198],[32.9393,39.7208],[32.9382,39.7218],[32.9386,39.7219],[32.9381,39.7222],[32.9383,39.7227],[32.9376,39.7231],[32.937,39.7239],[32.9353,39.7272],[32.9354,39.7272],[32.9352,39.728],[32.9348,39.7286],[32.934,39.7285],[32.9339,39.7275],[32.9316,39.728],[32.9307,39.7278],[32.9272,39.7275],[32.9243,39.729],[32.9237,39.7292],[32.9236,39.7288],[32.9224,39.7291],[32.9222,39.7295],[32.9209,39.7303],[32.9201,39.7315],[32.9199,39.7305],[32.9194,39.7306],[32.9191,39.7303],[32.9149,39.7296],[32.9112,39.7301],[32.9094,39.7301],[32.9057,39.7311],[32.904,39.7328],[32.9035,39.7336],[32.9051,39.7359],[32.9023,39.7381],[32.9064,39.7389],[32.9109,39.7441],[32.9174,39.7466],[32.9207,39.7539],[32.9225,39.761],[32.9298,39.7619],[32.9304,39.7646],[32.9377,39.7711],[32.9472,39.7745],[32.9476,39.7707],[32.9476,39.7684],[32.9478,39.7678],[32.9478,39.7672],[32.9481,39.7669],[32.9477,39.7668],[32.9484,39.7662]]]]}},{"type":"Feature","properties":{"id":"cankaya-malazgirt"},"geometry":{"type":"MultiPolygon","coordinates":[[[[32.8344,39.8722],[32.8339,39.8718],[32.8343,39.8715],[32.834,39.8713],[32.8342,39.8712],[32.8345,39.8714],[32.8357,39.8723],[32.8365,39.8714],[32.8369,39.8703],[32.8358,39.8698],[32.8355,39.87],[32.8351,39.8697],[32.8353,39.8694],[32.8353,39.868],[32.8341,39.8674],[32.8335,39.8676],[32.8324,39.8683],[32.8305,39.8637],[32.8297,39.8626],[32.8288,39.8625],[32.828,39.8633],[32.8293,39.8646],[32.8293,39.8649],[32.8289,39.8659],[32.8293,39.8669],[32.8293,39.8677],[32.8296,39.8682],[32.8294,39.8684],[32.8293,39.8683],[32.8288,39.8678],[32.8271,39.8698],[32.83,39.8714],[32.8316,39.872],[32.8323,39.8725],[32.833,39.872],[32.8337,39.8727],[32.8344,39.8722]]]]}},{"type":"Feature","properties":{"id":"cankaya-murat"},"geometry":{"type":"MultiPolygon","coordinates":[[[[32.8744,39.9036],[32.8747,39.904],[32.8759,39.9034],[32.8762,39.9027],[32.8762,39.9021],[32.8769,39.9025],[32.8773,39.9025],[32.8775,39.9017],[32.8775,39.9004],[32.8771,39.9002],[32.8766,39.8991],[32.8759,39.8993],[32.8749,39.9003],[32.8742,39.9006],[32.8723,39.9027],[32.8744,39.9036]]]]}},{"type":"Feature","properties":{"id":"cankaya-fidanlik"},"geometry":{"type":"MultiPolygon","coordinates":[[[[32.8674,39.9288],[32.8673,39.9279],[32.8667,39.9272],[32.8595,39.9217],[32.8583,39.9214],[32.857,39.9238],[32.8599,39.9258],[32.8606,39.9251],[32.8612,39.9253],[32.8604,39.9261],[32.8631,39.928],[32.8634,39.9284],[32.8634,39.9287],[32.8674,39.9288]]]]}},{"type":"Feature","properties":{"id":"cankaya-kultur"},"geometry":{"type":"MultiPolygon","coordinates":[[[[32.8623,39.9155],[32.8622,39.9153],[32.8593,39.9154],[32.8593,39.9151],[32.8582,39.9151],[32.859,39.917],[32.8595,39.9175],[32.8602,39.9179],[32.8583,39.9214],[32.8595,39.9217],[32.8624,39.9241],[32.8634,39.9229],[32.8635,39.9226],[32.8629,39.9189],[32.8631,39.9172],[32.8623,39.9155]]]]}},{"type":"Feature","properties":{"id":"cankaya-cebeci"},"geometry":{"type":"MultiPolygon","coordinates":[[[[32.8797,39.9335],[32.8804,39.9334],[32.8846,39.932],[32.885,39.9319],[32.8855,39.9313],[32.8838,39.9294],[32.8825,39.9302],[32.8808,39.9291],[32.8787,39.9303],[32.8781,39.9298],[32.8762,39.9315],[32.8747,39.9326],[32.8775,39.9341],[32.8797,39.9335]]]]}},{"type":"Feature","properties":{"id":"cankaya-dogus"},"geometry":{"type":"MultiPolygon","coordinates":[[[[32.8703,39.912],[32.8706,39.9114],[32.8709,39.9089],[32.8682,39.9086],[32.8674,39.9102],[32.8666,39.9111],[32.8699,39.9127],[32.8703,39.912]]]]}},{"type":"Feature","properties":{"id":"cankaya-ilkadim"},"geometry":{"type":"MultiPolygon","coordinates":[[[[32.8503,39.877],[32.8503,39.8758],[32.8496,39.8754],[32.8495,39.8756],[32.8491,39.8758],[32.8478,39.8767],[32.8471,39.8763],[32.8436,39.8766],[32.8431,39.8771],[32.843,39.8786],[32.8426,39.879],[32.8398,39.8794],[32.8387,39.8798],[32.8394,39.8819],[32.8396,39.885],[32.8401,39.8864],[32.8402,39.8882],[32.8414,39.8905],[32.8414,39.8933],[32.8421,39.8971],[32.8432,39.8991],[32.8453,39.8988],[32.8449,39.8969],[32.8443,39.8967],[32.8438,39.8935],[32.8438,39.8911],[32.8435,39.8898],[32.8436,39.8887],[32.8439,39.8884],[32.8435,39.8879],[32.8439,39.8877],[32.8437,39.8873],[32.8444,39.886],[32.8449,39.8855],[32.8448,39.8848],[32.845,39.8838],[32.845,39.8826],[32.8459,39.8816],[32.8476,39.881],[32.8489,39.8802],[32.85,39.8783],[32.8503,39.877]]]]}},{"type":"Feature","properties":{"id":"cankaya-mebusevleri"},"geometry":{"type":"MultiPolygon","coordinates":[[[[32.8373,39.935],[32.8376,39.9327],[32.8374,39.9317],[32.8392,39.9299],[32.8405,39.9283],[32.8419,39.9248],[32.8404,39.9244],[32.8386,39.9228],[32.8357,39.9213],[32.8338,39.9232],[32.8331,39.9242],[32.8293,39.9329],[32.8366,39.935],[32.8373,39.935]]]]}},{"type":"Feature","properties":{"id":"cankaya-topraklik"},"geometry":{"type":"MultiPolygon","coordinates":[[[[32.8739,39.9229],[32.8737,39.9225],[32.873,39.9221],[32.873,39.9216],[32.8732,39.9216],[32.8726,39.9212],[32.8713,39.9218],[32.87,39.9234],[32.8715,39.9246],[32.8721,39.9239],[32.8739,39.9229]]]]}},{"type":"Feature","properties":{"id":"cankaya-prof.-dr.-ahmet-taner-kislali"},"geometry":{"type":"MultiPolygon","coordinates":[[[[32.6913,39.8815],[32.6927,39.8815],[32.693,39.8812],[32.6922,39.8797],[32.6907,39.8791],[32.6914,39.8781],[32.6904,39.8777],[32.69,39.8758],[32.6895,39.8745],[32.6899,39.8745],[32.6897,39.874],[32.696,39.8734],[32.6982,39.8741],[32.6997,39.8749],[32.7022,39.8721],[32.7032,39.8713],[32.7028,39.871],[32.7029,39.8707],[32.7035,39.87],[32.7032,39.8699],[32.7034,39.8685],[32.7028,39.8676],[32.7035,39.8665],[32.7018,39.8661],[32.7002,39.8654],[32.7006,39.8643],[32.7004,39.8642],[32.698,39.8643],[32.6947,39.8639],[32.689,39.8639],[32.6883,39.8641],[32.6867,39.8649],[32.6861,39.866],[32.6858,39.8679],[32.6856,39.8678],[32.6852,39.8669],[32.6835,39.8648],[32.6817,39.8617],[32.6795,39.8606],[32.6791,39.8605],[32.6783,39.8605],[32.6791,39.8626],[32.6793,39.8643],[32.6778,39.8644],[32.6771,39.8646],[32.6773,39.865],[32.6752,39.8655],[32.6743,39.8655],[32.6742,39.8663],[32.673,39.8663],[32.6721,39.8666],[32.6726,39.867],[32.6741,39.8696],[32.6711,39.8723],[32.669,39.874],[32.6727,39.8763],[32.6744,39.8772],[32.69,39.884],[32.6902,39.8835],[32.6899,39.8822],[32.6911,39.882],[32.6913,39.8815]]]]}},{"type":"Feature","properties":{"id":"cankaya-cukurambar"},"geometry":{"type":"MultiPolygon","coordinates":[[[[32.807,39.9018],[32.8071,39.9011],[32.8084,39.9011],[32.8077,39.896],[32.8077,39.8945],[32.8062,39.894],[32.8037,39.894],[32.8037,39.8945],[32.8014,39.8956],[32.8002,39.8958],[32.8002,39.8964],[32.8007,39.8976],[32.8012,39.8978],[32.8003,39.8987],[32.7983,39.9014],[32.7935,39.8995],[32.7901,39.8985],[32.7892,39.9008],[32.7865,39.9067],[32.7861,39.9087],[32.7981,39.9092],[32.8012,39.9096],[32.8047,39.9104],[32.8057,39.9086],[32.8072,39.9067],[32.8053,39.9052],[32.8066,39.9036],[32.8068,39.903],[32.807,39.9018]]]]}},{"type":"Feature","properties":{"id":"cankaya-esatoglu"},"geometry":{"type":"MultiPolygon","coordinates":[[[[32.8666,39.9111],[32.8674,39.9102],[32.865,39.9094],[32.8642,39.909],[32.862,39.9103],[32.8623,39.9111],[32.8624,39.9133],[32.8643,39.9133],[32.865,39.9124],[32.8666,39.9111]]]]}},{"type":"Feature","properties":{"id":"cankaya-naci-cakir"},"geometry":{"type":"MultiPolygon","coordinates":[[[[32.8435,39.8724],[32.843,39.8723],[32.8397,39.8738],[32.8399,39.8745],[32.8398,39.8755],[32.8395,39.8758],[32.8366,39.8773],[32.8387,39.8798],[32.8398,39.8794],[32.8426,39.879],[32.8429,39.8787],[32.843,39.8772],[32.8433,39.8768],[32.8439,39.8766],[32.8469,39.8763],[32.8476,39.8759],[32.8479,39.8755],[32.8476,39.8747],[32.8466,39.8736],[32.8435,39.8724]]]]}},{"type":"Feature","properties":{"id":"cankaya-dumlupinar"},"geometry":{"type":"MultiPolygon","coordinates":[[[[32.8469,39.8315],[32.8469,39.8305],[32.8476,39.8292],[32.8473,39.8285],[32.8468,39.8282],[32.846,39.8284],[32.8439,39.8306],[32.8431,39.8311],[32.8415,39.8313],[32.8396,39.8362],[32.8392,39.8368],[32.8387,39.8377],[32.8388,39.8385],[32.8361,39.8459],[32.838,39.8465],[32.8409,39.8479],[32.8477,39.8515],[32.8487,39.8524],[32.8519,39.8574],[32.8528,39.8568],[32.8534,39.8552],[32.8546,39.8488],[32.8508,39.8453],[32.8482,39.8407],[32.8481,39.8396],[32.8484,39.8389],[32.8468,39.8364],[32.8468,39.8359],[32.8473,39.8351],[32.8471,39.8341],[32.8467,39.8333],[32.847,39.8325],[32.8469,39.8315]]]]}},{"type":"Feature","properties":{"id":"cankaya-tinaztepe"},"geometry":{"type":"MultiPolygon","coordinates":[[[[32.8651,39.9153],[32.8662,39.915],[32.869,39.9123],[32.8666,39.9111],[32.865,39.9124],[32.8643,39.9133],[32.8625,39.9133],[32.8622,39.9153],[32.8631,39.9172],[32.8629,39.9189],[32.8631,39.9207],[32.8634,39.9204],[32.8635,39.9196],[32.8651,39.9153]]]]}},{"type":"Feature","properties":{"id":"cankaya-aziziye"},"geometry":{"type":"MultiPolygon","coordinates":[[[[32.8504,39.8953],[32.8573,39.8953],[32.8556,39.8905],[32.855,39.8888],[32.855,39.8872],[32.8555,39.8853],[32.8532,39.8849],[32.8507,39.8852],[32.8486,39.886],[32.8475,39.8868],[32.847,39.8875],[32.8468,39.888],[32.8468,39.8887],[32.8471,39.8905],[32.8472,39.8942],[32.8475,39.8955],[32.8504,39.8953]]]]}},{"type":"Feature","properties":{"id":"cankaya-erzurum"},"geometry":{"type":"MultiPolygon","coordinates":[[[[32.8674,39.9288],[32.8675,39.9292],[32.8691,39.93],[32.8712,39.9326],[32.8723,39.9333],[32.8723,39.9336],[32.8721,39.934],[32.8732,39.9343],[32.8754,39.9345],[32.876,39.9345],[32.8775,39.9341],[32.8747,39.9326],[32.8722,39.9302],[32.8711,39.9295],[32.8694,39.9289],[32.8674,39.9288]]]]}},{"type":"Feature","properties":{"id":"cankaya-mimar-sinan"},"geometry":{"type":"MultiPolygon","coordinates":[[[[32.8786,39.9186],[32.8793,39.9184],[32.8801,39.9176],[32.8806,39.9162],[32.8807,39.9156],[32.8801,39.9139],[32.8783,39.9128],[32.8781,39.9114],[32.8768,39.911],[32.8767,39.9116],[32.8757,39.9116],[32.8753,39.9118],[32.875,39.9122],[32.8747,39.9121],[32.8745,39.9127],[32.8739,39.9132],[32.8764,39.9147],[32.8761,39.9152],[32.8756,39.9153],[32.877,39.9159],[32.8772,39.9156],[32.8779,39.9159],[32.8783,39.9156],[32.8785,39.9159],[32.879,39.9169],[32.8768,39.9173],[32.8758,39.9179],[32.8774,39.9185],[32.8786,39.9186]]]]}},{"type":"Feature","properties":{"id":"cankaya-keklik-pinari"},"geometry":{"type":"MultiPolygon","coordinates":[[[[32.8287,39.8678],[32.8294,39.8684],[32.8296,39.8682],[32.8293,39.8677],[32.8293,39.8669],[32.8289,39.8659],[32.8293,39.8649],[32.8293,39.8646],[32.828,39.8633],[32.8288,39.8625],[32.8288,39.8616],[32.8282,39.8606],[32.8277,39.86],[32.8271,39.8584],[32.8249,39.8559],[32.8248,39.8553],[32.8244,39.8549],[32.8243,39.8544],[32.824,39.8545],[32.8209,39.8522],[32.8191,39.8517],[32.8165,39.8512],[32.8153,39.8511],[32.8127,39.8511],[32.8115,39.8516],[32.811,39.8525],[32.811,39.853],[32.8124,39.8547],[32.8176,39.8627],[32.8191,39.8643],[32.8198,39.8659],[32.8222,39.8672],[32.8242,39.8686],[32.8271,39.8698],[32.8287,39.8678]]]]}},{"type":"Feature","properties":{"id":"cankaya-cumhuriyet"},"geometry":{"type":"MultiPolygon","coordinates":[[[[32.8542,39.9207],[32.8541,39.9213],[32.8542,39.9223],[32.8552,39.9267],[32.8558,39.926],[32.8583,39.9214],[32.8542,39.9207]]]]}},{"type":"Feature","properties":{"id":"cankaya-gaziosmanpasa"},"geometry":{"type":"MultiPolygon","coordinates":[[[[32.8683,39.8979],[32.8686,39.8954],[32.8685,39.8931],[32.8666,39.8927],[32.8644,39.8921],[32.8633,39.8977],[32.8628,39.8995],[32.8621,39.9006],[32.8632,39.9014],[32.8653,39.9038],[32.8663,39.9044],[32.8675,39.9047],[32.8676,39.9],[32.8683,39.8979]]]]}},{"type":"Feature","properties":{"id":"cankaya-bagcilar"},"geometry":{"type":"MultiPolygon","coordinates":[[[[32.8815,39.8922],[32.8814,39.8921],[32.8821,39.8937],[32.8818,39.8948],[32.8808,39.8966],[32.8798,39.8975],[32.8788,39.898],[32.8804,39.8997],[32.8807,39.9001],[32.8807,39.901],[32.8804,39.9018],[32.8806,39.9021],[32.8806,39.9034],[32.8826,39.9044],[32.8843,39.9044],[32.8841,39.9036],[32.8837,39.9029],[32.8835,39.9021],[32.8841,39.9005],[32.884,39.8995],[32.8846,39.897],[32.8845,39.8953],[32.8842,39.8948],[32.8841,39.8942],[32.8827,39.8935],[32.8815,39.8922]]]]}},{"type":"Feature","properties":{"id":"cankaya-dilekler"},"geometry":{"type":"MultiPolygon","coordinates":[[[[32.8746,39.9222],[32.875,39.922],[32.8771,39.9221],[32.8776,39.9218],[32.8784,39.9222],[32.8794,39.9219],[32.8802,39.9219],[32.8789,39.9214],[32.877,39.9205],[32.8762,39.9192],[32.8744,39.9191],[32.8733,39.9197],[32.873,39.9208],[32.8726,39.9212],[32.8732,39.9216],[32.873,39.9216],[32.873,39.9221],[32.8737,39.9226],[32.8746,39.9222]]]]}},{"type":"Feature","properties":{"id":"cankaya-karahasanli"},"geometry":{"type":"MultiPolygon","coordinates":[[[[33.023,39.7572],[33.0231,39.7565],[33.0238,39.7557],[33.0241,39.7531],[33.0258,39.7503],[33.0317,39.7479],[33.0346,39.7452],[33.0357,39.7426],[33.0381,39.7403],[33.041,39.7399],[33.0457,39.7414],[33.0466,39.7397],[33.0471,39.7396],[33.0496,39.74],[33.0497,39.7382],[33.0502,39.7365],[33.0509,39.7348],[33.0492,39.7301],[33.0496,39.7296],[33.0511,39.7291],[33.0514,39.7273],[33.0523,39.7264],[33.0531,39.7242],[33.054,39.7241],[33.0551,39.7231],[33.0572,39.723],[33.0589,39.7211],[33.0596,39.7189],[33.0632,39.7136],[33.0617,39.713],[33.0577,39.7119],[33.0509,39.7115],[33.0497,39.7111],[33.0489,39.7106],[33.0465,39.712],[33.0442,39.712],[33.0409,39.7127],[33.0398,39.7133],[33.037,39.7155],[33.035,39.7167],[33.0272,39.7156],[33.0253,39.7152],[33.023,39.7145],[33.0218,39.7139],[33.0213,39.7133],[33.0195,39.7136],[33.0177,39.7126],[33.0162,39.7126],[33.0141,39.712],[33.0123,39.7101],[33.01,39.7098],[33.0078,39.7087],[33.0063,39.7086],[33.005,39.7079],[33.0007,39.7067],[32.9986,39.7058],[32.996,39.7054],[32.9948,39.7046],[32.993,39.7023],[32.9919,39.7014],[32.9897,39.7001],[32.9886,39.6989],[32.9848,39.6966],[32.9802,39.6952],[32.9796,39.6941],[32.9788,39.6933],[32.9781,39.6919],[32.9764,39.6927],[32.9731,39.6935],[32.9718,39.6942],[32.9716,39.6949],[32.9706,39.6959],[32.9701,39.6967],[32.9698,39.7006],[32.9708,39.7048],[32.9711,39.7053],[32.9719,39.7061],[32.9734,39.705],[32.9746,39.7053],[32.9753,39.7052],[32.9775,39.7053],[32.9789,39.7049],[32.9796,39.7054],[32.9841,39.7064],[32.9851,39.7069],[32.9857,39.7076],[32.9834,39.7089],[32.983,39.7093],[32.982,39.7096],[32.9819,39.7097],[32.9826,39.7105],[32.9826,39.711],[32.9827,39.7119],[32.9821,39.7128],[32.9852,39.7144],[32.9875,39.7173],[32.9843,39.7197],[32.9844,39.7219],[32.9829,39.7243],[32.9807,39.7261],[32.9797,39.7273],[32.9804,39.729],[32.9831,39.7301],[32.9826,39.7307],[32.9819,39.7311],[32.9811,39.7314],[32.9797,39.7325],[32.9782,39.733],[32.9773,39.7342],[32.9733,39.7336],[32.9728,39.7352],[32.9728,39.7362],[32.9732,39.7373],[32.9727,39.7373],[32.9707,39.7379],[32.9693,39.7395],[32.9709,39.7448],[32.9703,39.7456],[32.9703,39.7459],[32.9715,39.7484],[32.9728,39.7489],[32.9736,39.7498],[32.9802,39.7514],[32.9824,39.7527],[32.9826,39.7547],[32.9838,39.7566],[32.9843,39.7564],[32.9852,39.7546],[32.9859,39.7547],[32.989,39.7558],[32.9895,39.7557],[32.9905,39.7566],[32.9905,39.7568],[32.9907,39.7572],[32.9921,39.7581],[32.9923,39.758],[32.9928,39.7588],[32.9931,39.7588],[32.9929,39.758],[32.9931,39.7568],[32.9935,39.7567],[32.9935,39.7554],[32.9971,39.7546],[32.998,39.7543],[32.9989,39.7543],[33.0005,39.7552],[33.0007,39.7555],[33.0014,39.7555],[33.0018,39.7561],[33.0031,39.7555],[33.0031,39.7553],[33.0039,39.7553],[33.004,39.7547],[33.0044,39.7546],[33.0046,39.7538],[33.0039,39.7534],[33.0044,39.7532],[33.008,39.7534],[33.0084,39.754],[33.0084,39.7548],[33.0106,39.7548],[33.0114,39.7551],[33.0119,39.7555],[33.0119,39.7562],[33.0111,39.7565],[33.0096,39.7566],[33.0094,39.7568],[33.0096,39.7569],[33.0096,39.757],[33.0084,39.7574],[33.0075,39.7581],[33.0099,39.7594],[33.0099,39.7598],[33.0096,39.7599],[33.0097,39.7601],[33.0104,39.7603],[33.0135,39.7604],[33.0185,39.7608],[33.0189,39.7617],[33.0228,39.7578],[33.023,39.7572]]]]}},{"type":"Feature","properties":{"id":"cankaya-yukari-ovecler"},"geometry":{"type":"MultiPolygon","coordinates":[[[[32.8233,39.8907],[32.8243,39.8889],[32.8238,39.8852],[32.8237,39.8832],[32.8202,39.8838],[32.8199,39.8857],[32.8198,39.8884],[32.82,39.8906],[32.8203,39.8906],[32.8203,39.8913],[32.819,39.8915],[32.8206,39.8947],[32.8213,39.8953],[32.8235,39.8949],[32.8232,39.8915],[32.8233,39.8907]]]]}},{"type":"Feature","properties":{"id":"cankaya-bahcelievler"},"geometry":{"type":"MultiPolygon","coordinates":[[[[32.8294,39.9327],[32.8324,39.9259],[32.8276,39.9249],[32.8248,39.9246],[32.8227,39.9246],[32.8231,39.9283],[32.823,39.931],[32.8228,39.9326],[32.8247,39.9328],[32.828,39.9325],[32.8293,39.9329],[32.8294,39.9327]]]]}},{"type":"Feature","properties":{"id":"cankaya-huzur"},"geometry":{"type":"MultiPolygon","coordinates":[[[[32.8225,39.8674],[32.8211,39.8687],[32.8197,39.8697],[32.8188,39.8706],[32.8187,39.8741],[32.8182,39.876],[32.8178,39.8798],[32.8188,39.8811],[32.8191,39.8824],[32.8189,39.8832],[32.8184,39.8838],[32.8202,39.8838],[32.8237,39.8832],[32.8237,39.8816],[32.8232,39.88],[32.8233,39.879],[32.823,39.8769],[32.8233,39.8741],[32.825,39.8716],[32.826,39.8708],[32.8269,39.8698],[32.8242,39.8686],[32.8225,39.8674]]]]}},{"type":"Feature","properties":{"id":"cankaya-kazim-ozalp"},"geometry":{"type":"MultiPolygon","coordinates":[[[[32.8701,39.8983],[32.871,39.898],[32.8717,39.8973],[32.8722,39.8971],[32.8741,39.8964],[32.8729,39.8944],[32.8721,39.8913],[32.8726,39.8912],[32.8723,39.8905],[32.8719,39.8901],[32.8742,39.8875],[32.8711,39.8861],[32.8671,39.8848],[32.8676,39.8881],[32.8674,39.8903],[32.8674,39.8912],[32.8685,39.8931],[32.8686,39.8939],[32.8686,39.8958],[32.8683,39.8979],[32.8701,39.8983]]]]}},{"type":"Feature","properties":{"id":"cankaya-ilkbahar"},"geometry":{"type":"MultiPolygon","coordinates":[[[[32.8629,39.8642],[32.8632,39.8644],[32.8639,39.8639],[32.8648,39.8625],[32.8659,39.8618],[32.8688,39.8616],[32.8706,39.8607],[32.8728,39.8588],[32.874,39.8587],[32.8739,39.8576],[32.8746,39.8561],[32.8746,39.8556],[32.8744,39.8552],[32.8738,39.8547],[32.8708,39.854],[32.8698,39.8537],[32.8693,39.8532],[32.8693,39.8524],[32.8688,39.8511],[32.8701,39.8493],[32.8703,39.8479],[32.8697,39.8476],[32.8684,39.8474],[32.8633,39.8447],[32.8607,39.8431],[32.8596,39.8419],[32.8585,39.8411],[32.8588,39.8402],[32.8581,39.839],[32.8584,39.8374],[32.8583,39.8365],[32.8581,39.8365],[32.8582,39.8357],[32.858,39.8355],[32.8576,39.8354],[32.8535,39.8363],[32.8521,39.8363],[32.8507,39.8367],[32.8468,39.8366],[32.8473,39.8371],[32.8479,39.8383],[32.8484,39.8389],[32.8481,39.8396],[32.8482,39.8407],[32.8508,39.8453],[32.8546,39.8488],[32.8534,39.8552],[32.8528,39.8568],[32.8519,39.8574],[32.8531,39.8594],[32.854,39.862],[32.8551,39.8632],[32.8577,39.8651],[32.8581,39.8657],[32.8588,39.8671],[32.8629,39.8642]]]]}},{"type":"Feature","properties":{"id":"cankaya-remzi-oguz-arik"},"geometry":{"type":"MultiPolygon","coordinates":[[[[32.8619,39.9091],[32.8606,39.9056],[32.8603,39.9031],[32.8605,39.9024],[32.8593,39.9021],[32.8595,39.901],[32.858,39.9008],[32.8574,39.9005],[32.8558,39.9005],[32.8534,39.9001],[32.8533,39.9014],[32.8528,39.9036],[32.8529,39.9058],[32.8528,39.9068],[32.8548,39.9079],[32.8547,39.9084],[32.8564,39.9088],[32.8565,39.9086],[32.859,39.9091],[32.8619,39.9091]]]]}},{"type":"Feature","properties":{"id":"cankaya-kocatepe"},"geometry":{"type":"MultiPolygon","coordinates":[[[[32.8587,39.9164],[32.8585,39.9161],[32.8581,39.9164],[32.8575,39.9182],[32.8559,39.9209],[32.8583,39.9214],[32.8602,39.9179],[32.8593,39.9173],[32.8587,39.9164]]]]}},{"type":"Feature","properties":{"id":"cankaya-kucukesat"},"geometry":{"type":"MultiPolygon","coordinates":[[[[32.8682,39.9086],[32.8688,39.9049],[32.8672,39.9059],[32.8661,39.9072],[32.8642,39.909],[32.865,39.9094],[32.8674,39.9102],[32.8682,39.9086]]]]}},{"type":"Feature","properties":{"id":"cankaya-fakulteler"},"geometry":{"type":"MultiPolygon","coordinates":[[[[32.8744,39.926],[32.8733,39.926],[32.8713,39.9283],[32.871,39.929],[32.8711,39.9295],[32.8722,39.9302],[32.8747,39.9326],[32.8778,39.9301],[32.8777,39.9293],[32.8782,39.9281],[32.8779,39.9276],[32.8761,39.9267],[32.8763,39.9263],[32.8744,39.926]]]]}},{"type":"Feature","properties":{"id":"cankaya-kirkkonaklar"},"geometry":{"type":"MultiPolygon","coordinates":[[[[32.8902,39.8922],[32.8907,39.892],[32.8923,39.8919],[32.8917,39.8912],[32.8916,39.8906],[32.8921,39.8909],[32.8927,39.891],[32.8941,39.892],[32.8997,39.8881],[32.9006,39.8881],[32.901,39.8879],[32.8987,39.885],[32.8969,39.8858],[32.8966,39.8856],[32.8961,39.8856],[32.8952,39.8852],[32.8934,39.885],[32.8929,39.8843],[32.8919,39.8842],[32.8921,39.8838],[32.892,39.8836],[32.8934,39.883],[32.8933,39.8826],[32.8929,39.8822],[32.8912,39.8817],[32.8917,39.8811],[32.8915,39.8808],[32.8899,39.8807],[32.8885,39.8814],[32.8881,39.8811],[32.8867,39.8822],[32.8859,39.8831],[32.8846,39.8839],[32.8839,39.8841],[32.8822,39.8852],[32.8804,39.8858],[32.8789,39.887],[32.8784,39.8877],[32.8784,39.8885],[32.8792,39.8904],[32.8797,39.8909],[32.8808,39.8914],[32.8827,39.8935],[32.8841,39.8942],[32.8842,39.8948],[32.8845,39.8953],[32.8857,39.8957],[32.8884,39.8959],[32.8901,39.8954],[32.8903,39.8947],[32.8908,39.8944],[32.8909,39.894],[32.8908,39.8928],[32.8902,39.8922]]]]}},{"type":"Feature","properties":{"id":"cankaya-bademlidere"},"geometry":{"type":"MultiPolygon","coordinates":[[[[32.8879,39.9044],[32.8883,39.9042],[32.8886,39.9038],[32.8894,39.9041],[32.8899,39.904],[32.8902,39.9036],[32.8908,39.9038],[32.8907,39.9031],[32.8925,39.9029],[32.8929,39.9019],[32.8926,39.9007],[32.8944,39.9011],[32.8946,39.9004],[32.8951,39.9001],[32.8953,39.8994],[32.895,39.8989],[32.8951,39.8981],[32.8948,39.898],[32.8947,39.8972],[32.8946,39.8971],[32.8945,39.8959],[32.8943,39.8954],[32.8942,39.8946],[32.8946,39.8943],[32.8946,39.8939],[32.8941,39.8921],[32.8927,39.891],[32.8921,39.8909],[32.8916,39.8906],[32.8919,39.8915],[32.8924,39.8919],[32.8903,39.8922],[32.8908,39.8928],[32.8909,39.894],[32.8908,39.8944],[32.8903,39.8947],[32.8901,39.8954],[32.8884,39.8959],[32.8857,39.8957],[32.8845,39.8953],[32.8846,39.897],[32.884,39.8995],[32.8841,39.9005],[32.8835,39.9021],[32.8837,39.9029],[32.8841,39.9036],[32.8844,39.9046],[32.8852,39.9044],[32.8862,39.9048],[32.8869,39.9048],[32.8879,39.9044]]]]}},{"type":"Feature","properties":{"id":"cankaya-yildizevler"},"geometry":{"type":"MultiPolygon","coordinates":[[[[32.8577,39.8823],[32.859,39.8811],[32.8607,39.8803],[32.8614,39.8795],[32.8645,39.8776],[32.8629,39.8747],[32.8606,39.8707],[32.8592,39.8711],[32.8598,39.8725],[32.8553,39.8726],[32.8552,39.8732],[32.8536,39.8732],[32.8535,39.8739],[32.8526,39.8739],[32.851,39.8747],[32.8503,39.8758],[32.8501,39.878],[32.8492,39.8798],[32.8487,39.8804],[32.8471,39.8812],[32.8475,39.8818],[32.8479,39.8818],[32.8481,39.8825],[32.8501,39.8822],[32.8535,39.8821],[32.855,39.8823],[32.857,39.8829],[32.8577,39.8823]]]]}},{"type":"Feature","properties":{"id":"cankaya-yukari-dikmen"},"geometry":{"type":"MultiPolygon","coordinates":[[[[32.8447,39.8499],[32.838,39.8465],[32.8366,39.846],[32.8366,39.8463],[32.8363,39.8464],[32.8367,39.8475],[32.8373,39.8484],[32.8377,39.8481],[32.8372,39.8485],[32.8376,39.8491],[32.838,39.8494],[32.8392,39.8494],[32.8379,39.8497],[32.8371,39.8507],[32.8386,39.8512],[32.8383,39.8521],[32.8383,39.8528],[32.8379,39.8541],[32.8386,39.8552],[32.8389,39.8565],[32.8412,39.8597],[32.8419,39.8608],[32.843,39.8623],[32.8432,39.863],[32.843,39.8634],[32.8435,39.8635],[32.8439,39.864],[32.8447,39.8659],[32.8471,39.8697],[32.8471,39.871],[32.8473,39.8715],[32.8491,39.8731],[32.8497,39.8739],[32.8503,39.8758],[32.8508,39.8749],[32.8503,39.8745],[32.8501,39.8742],[32.85,39.8731],[32.8505,39.8722],[32.8498,39.8709],[32.8499,39.8704],[32.8543,39.8643],[32.855,39.8637],[32.8556,39.8636],[32.8546,39.8628],[32.854,39.862],[32.8529,39.859],[32.8487,39.8524],[32.848,39.8517],[32.8473,39.8512],[32.8447,39.8499]]]]}},{"type":"Feature","properties":{"id":"cankaya-hilal"},"geometry":{"type":"MultiPolygon","coordinates":[[[[32.8523,39.874],[32.8535,39.8739],[32.8536,39.8732],[32.8552,39.8732],[32.8553,39.8726],[32.8598,39.8725],[32.8592,39.8711],[32.8606,39.8707],[32.8595,39.8689],[32.858,39.8655],[32.8575,39.865],[32.8556,39.8636],[32.855,39.8637],[32.8543,39.8643],[32.8525,39.8666],[32.8498,39.8707],[32.8505,39.8722],[32.85,39.8731],[32.8503,39.8745],[32.8508,39.8749],[32.8523,39.874]]]]}},{"type":"Feature","properties":{"id":"cankaya-yucetepe"},"geometry":{"type":"MultiPolygon","coordinates":[[[[32.8459,39.9186],[32.8454,39.9168],[32.8407,39.9176],[32.8407,39.918],[32.8378,39.9183],[32.8366,39.9202],[32.8357,39.9213],[32.8386,39.9228],[32.8404,39.9244],[32.8419,39.9248],[32.8426,39.9233],[32.8432,39.9224],[32.8454,39.92],[32.8461,39.9194],[32.8459,39.9186]]]]}},{"type":"Feature","properties":{"id":"cankaya-on-cebeci"},"geometry":{"type":"MultiPolygon","coordinates":[[[[32.8642,39.9213],[32.8636,39.9218],[32.8635,39.9228],[32.8624,39.9241],[32.8667,39.9272],[32.8673,39.928],[32.8683,39.9251],[32.8691,39.9241],[32.8667,39.9225],[32.8642,39.9213]]]]}},{"type":"Feature","properties":{"id":"cankaya-harbiye"},"geometry":{"type":"MultiPolygon","coordinates":[[[[32.8393,39.8815],[32.836,39.8823],[32.8367,39.8837],[32.8371,39.8848],[32.8367,39.888],[32.8351,39.8915],[32.8346,39.8945],[32.8344,39.8965],[32.839,39.8967],[32.8421,39.8972],[32.8414,39.8933],[32.8414,39.8905],[32.8402,39.8882],[32.8401,39.8865],[32.8396,39.885],[32.8396,39.8828],[32.8393,39.8815]]]]}},{"type":"Feature","properties":{"id":"cankaya-birlik"},"geometry":{"type":"MultiPolygon","coordinates":[[[[32.8822,39.8852],[32.8839,39.8841],[32.8846,39.8839],[32.8859,39.8831],[32.8867,39.8822],[32.8881,39.8811],[32.8885,39.8814],[32.8899,39.8807],[32.8912,39.8807],[32.8915,39.8808],[32.8917,39.8811],[32.8912,39.8817],[32.8919,39.8819],[32.8922,39.8815],[32.8922,39.8807],[32.891,39.8776],[32.8912,39.8767],[32.892,39.8759],[32.8912,39.8751],[32.8874,39.8765],[32.8837,39.8729],[32.8791,39.8735],[32.8777,39.8723],[32.8781,39.8717],[32.8774,39.871],[32.8758,39.8705],[32.8711,39.8677],[32.8693,39.8672],[32.8692,39.8681],[32.8663,39.8726],[32.8662,39.8754],[32.8658,39.8767],[32.8654,39.8771],[32.8645,39.8776],[32.8655,39.8793],[32.8664,39.8816],[32.8671,39.8848],[32.8711,39.8861],[32.8742,39.8875],[32.8743,39.8872],[32.8734,39.8851],[32.8755,39.8866],[32.8782,39.888],[32.8789,39.887],[32.8802,39.8859],[32.8822,39.8852]]]]}},{"type":"Feature","properties":{"id":"cankaya-sehit-cevdet-ozdemir"},"geometry":{"type":"MultiPolygon","coordinates":[[[[32.8319,39.8777],[32.8316,39.8772],[32.8312,39.8775],[32.8308,39.8773],[32.83,39.8789],[32.8301,39.8795],[32.8298,39.8796],[32.8301,39.88],[32.828,39.8804],[32.8282,39.8808],[32.8277,39.8818],[32.8278,39.8829],[32.8286,39.8847],[32.836,39.8823],[32.8346,39.88],[32.8319,39.8777]]]]}},{"type":"Feature","properties":{"id":"cankaya-ovecler"},"geometry":{"type":"MultiPolygon","coordinates":[[[[32.8367,39.8837],[32.836,39.8823],[32.8286,39.8847],[32.829,39.8874],[32.8291,39.8914],[32.8297,39.8948],[32.8304,39.8943],[32.8315,39.8941],[32.8313,39.8921],[32.8335,39.8869],[32.8356,39.8843],[32.8367,39.8837]]]]}},{"type":"Feature","properties":{"id":"cankaya-sancak"},"geometry":{"type":"MultiPolygon","coordinates":[[[[32.8689,39.8663],[32.8701,39.8665],[32.8722,39.8665],[32.8726,39.8664],[32.8733,39.8659],[32.8734,39.8657],[32.8706,39.8646],[32.8688,39.862],[32.8688,39.8616],[32.8659,39.8618],[32.8648,39.8625],[32.8639,39.8639],[32.8632,39.8644],[32.8629,39.8642],[32.8588,39.8671],[32.8599,39.8697],[32.8629,39.8747],[32.8645,39.8776],[32.8654,39.8771],[32.8658,39.8767],[32.8662,39.8754],[32.8663,39.8726],[32.8693,39.8679],[32.8693,39.8672],[32.8688,39.8665],[32.8689,39.8663]]]]}},{"type":"Feature","properties":{"id":"cankaya-yayla"},"geometry":{"type":"MultiPolygon","coordinates":[[[[33.064,39.7136],[33.0632,39.7136],[33.0596,39.7189],[33.0589,39.7211],[33.0572,39.723],[33.0551,39.7231],[33.054,39.7241],[33.0531,39.7242],[33.0523,39.7264],[33.0514,39.7273],[33.0511,39.7291],[33.0496,39.7296],[33.0492,39.7301],[33.0509,39.7348],[33.0502,39.7365],[33.0497,39.7382],[33.0496,39.74],[33.0517,39.7401],[33.0551,39.7411],[33.0572,39.743],[33.0585,39.7454],[33.0589,39.7474],[33.061,39.7505],[33.0604,39.7544],[33.0605,39.7547],[33.0616,39.7555],[33.0651,39.7558],[33.0664,39.7567],[33.068,39.7576],[33.0712,39.7578],[33.0724,39.7576],[33.0741,39.7498],[33.0738,39.7478],[33.0763,39.7461],[33.0823,39.7439],[33.0869,39.7416],[33.093,39.738],[33.1015,39.7325],[33.1038,39.7301],[33.1049,39.7255],[33.0963,39.7247],[33.0882,39.7224],[33.0756,39.7205],[33.0697,39.7178],[33.064,39.7136]]]]}},{"type":"Feature","properties":{"id":"cankaya-osman-temiz"},"geometry":{"type":"MultiPolygon","coordinates":[[[[32.8417,39.8729],[32.843,39.8723],[32.8403,39.8685],[32.839,39.8687],[32.8388,39.8701],[32.8379,39.87],[32.8377,39.8704],[32.8371,39.8706],[32.8369,39.8703],[32.8365,39.8714],[32.8357,39.8723],[32.8342,39.8712],[32.834,39.8713],[32.8343,39.8715],[32.8339,39.8718],[32.8344,39.8722],[32.8342,39.8723],[32.8337,39.8727],[32.833,39.872],[32.8323,39.8725],[32.8336,39.8734],[32.8346,39.8751],[32.8366,39.8773],[32.8396,39.8757],[32.8398,39.8755],[32.8399,39.8747],[32.8397,39.8738],[32.8417,39.8729]]]]}},{"type":"Feature","properties":{"id":"cankaya-umut"},"geometry":{"type":"MultiPolygon","coordinates":[[[[32.8744,39.9036],[32.8723,39.9027],[32.8718,39.9039],[32.8715,39.9052],[32.8716,39.9075],[32.871,39.9084],[32.8727,39.9087],[32.8769,39.907],[32.8778,39.9066],[32.8783,39.9061],[32.8772,39.9046],[32.877,39.9036],[32.8769,39.9025],[32.8762,39.9021],[32.8762,39.9027],[32.8759,39.9034],[32.8747,39.904],[32.8744,39.9036]]]]}},{"type":"Feature","properties":{"id":"cankaya-evciler"},"geometry":{"type":"MultiPolygon","coordinates":[[[[33.0281,39.7978],[33.0326,39.7955],[33.0391,39.7941],[33.0421,39.7957],[33.0484,39.7925],[33.051,39.7914],[33.0567,39.7916],[33.0606,39.7881],[33.0671,39.7884],[33.0808,39.7943],[33.0817,39.7897],[33.082,39.784],[33.0835,39.7789],[33.0918,39.775],[33.0912,39.7723],[33.0886,39.7691],[33.0846,39.7665],[33.0836,39.7651],[33.0818,39.7647],[33.0811,39.764],[33.08,39.7619],[33.0802,39.7608],[33.078,39.761],[33.0724,39.7576],[33.0712,39.7578],[33.068,39.7576],[33.0664,39.7567],[33.0651,39.7558],[33.0616,39.7555],[33.0605,39.7547],[33.0604,39.7544],[33.061,39.7505],[33.0589,39.7474],[33.0585,39.7454],[33.0572,39.743],[33.0551,39.7411],[33.0517,39.7401],[33.0471,39.7396],[33.0466,39.7397],[33.0457,39.7414],[33.041,39.7399],[33.0381,39.7403],[33.0357,39.7426],[33.0346,39.7452],[33.0317,39.7479],[33.0258,39.7503],[33.0241,39.7531],[33.0238,39.7557],[33.0231,39.7565],[33.0228,39.7578],[33.0189,39.7617],[33.019,39.7625],[33.0193,39.7635],[33.0197,39.7638],[33.0198,39.7666],[33.0189,39.7669],[33.0184,39.7676],[33.0169,39.7675],[33.0171,39.7677],[33.0156,39.7677],[33.0153,39.7685],[33.0162,39.7687],[33.0162,39.7689],[33.016,39.7695],[33.0156,39.7696],[33.0153,39.7702],[33.0154,39.7703],[33.0149,39.7708],[33.0146,39.7703],[33.0131,39.7705],[33.0129,39.7706],[33.0115,39.7702],[33.0112,39.7721],[33.0111,39.7724],[33.0103,39.7724],[33.0102,39.7738],[33.0095,39.775],[33.0092,39.7752],[33.009,39.7757],[33.0091,39.776],[33.0093,39.7761],[33.009,39.7767],[33.0092,39.7777],[33.009,39.7788],[33.0092,39.779],[33.0094,39.7789],[33.0094,39.7791],[33.0098,39.7798],[33.0094,39.7799],[33.0097,39.7806],[33.0093,39.7807],[33.0089,39.7813],[33.0098,39.7821],[33.0085,39.7828],[33.0085,39.7834],[33.0081,39.7842],[33.0075,39.785],[33.0065,39.7855],[33.0054,39.7857],[33.0047,39.7852],[33.0048,39.7848],[33.0044,39.7847],[33.0026,39.7851],[33.0016,39.7851],[33.002,39.7854],[33.0016,39.7855],[33.0029,39.7861],[33.0031,39.7863],[33.0027,39.7865],[33.0012,39.7865],[33.0005,39.7873],[33.0004,39.7876],[32.9994,39.7877],[32.9973,39.7875],[32.9958,39.7888],[32.9968,39.7893],[33.001,39.7894],[33.0004,39.7905],[33.0029,39.7897],[33.003,39.7892],[33.0038,39.7892],[33.004,39.7901],[33.0053,39.7904],[33.0044,39.7915],[33.0092,39.7917],[33.009,39.7923],[33.0104,39.7925],[33.0112,39.7933],[33.012,39.7932],[33.0121,39.7937],[33.0145,39.7941],[33.0173,39.7956],[33.0177,39.7961],[33.0182,39.7964],[33.0185,39.7962],[33.0187,39.7956],[33.0213,39.7965],[33.0237,39.7975],[33.0239,39.7978],[33.0259,39.7981],[33.0273,39.8],[33.0273,39.801],[33.0281,39.7978]]]]}},{"type":"Feature","properties":{"id":"cankaya-orta-imrahor"},"geometry":{"type":"MultiPolygon","coordinates":[[[[32.8972,39.8956],[32.899,39.8956],[32.9011,39.8951],[32.9014,39.8948],[32.9026,39.8947],[32.9058,39.8937],[32.9072,39.8926],[32.9045,39.8914],[32.9053,39.8906],[32.9053,39.89],[32.9058,39.8877],[32.9055,39.8871],[32.9009,39.8879],[32.9006,39.8881],[32.8997,39.8881],[32.8941,39.892],[32.8946,39.8939],[32.8946,39.8943],[32.8942,39.8946],[32.8954,39.8955],[32.8972,39.8956]]]]}},{"type":"Feature","properties":{"id":"cankaya-komurcu"},"geometry":{"type":"MultiPolygon","coordinates":[[[[32.985,39.8034],[32.9866,39.8027],[32.9882,39.8033],[32.989,39.8026],[32.9885,39.7998],[32.9862,39.7969],[32.9847,39.7935],[32.9913,39.7911],[32.993,39.791],[32.9931,39.7895],[32.9951,39.7884],[32.9958,39.7888],[32.9973,39.7875],[32.9994,39.7877],[33.0004,39.7876],[33.0005,39.7873],[33.0012,39.7865],[33.0027,39.7865],[33.0031,39.7863],[33.0029,39.7861],[33.0016,39.7855],[33.002,39.7854],[33.0016,39.7851],[33.0026,39.7851],[33.0044,39.7847],[33.0048,39.7848],[33.0047,39.7852],[33.0054,39.7857],[33.0065,39.7855],[33.0075,39.785],[33.0081,39.7842],[33.0085,39.7834],[33.0085,39.7828],[33.0098,39.7821],[33.0089,39.7813],[33.0093,39.7807],[33.0097,39.7806],[33.0094,39.7799],[33.0098,39.7798],[33.0094,39.7791],[33.0094,39.7789],[33.0092,39.779],[33.009,39.7788],[33.0092,39.7777],[33.009,39.7767],[33.0093,39.7761],[33.0091,39.776],[33.009,39.7757],[33.0092,39.7752],[33.0095,39.775],[33.0102,39.7738],[33.0103,39.7724],[33.0111,39.7724],[33.0112,39.7721],[33.0115,39.7702],[33.0129,39.7706],[33.0131,39.7705],[33.0146,39.7703],[33.0149,39.7708],[33.0154,39.7703],[33.0153,39.7702],[33.0156,39.7696],[33.016,39.7695],[33.0162,39.7689],[33.0162,39.7687],[33.0153,39.7685],[33.0156,39.7677],[33.0171,39.7677],[33.0169,39.7675],[33.0184,39.7676],[33.0189,39.7669],[33.0198,39.7666],[33.0197,39.7638],[33.0193,39.7635],[33.019,39.7625],[33.0189,39.7617],[33.0185,39.7608],[33.0135,39.7604],[33.0104,39.7603],[33.0097,39.7601],[33.0096,39.7599],[33.0099,39.7598],[33.0099,39.7594],[33.0075,39.7581],[33.0084,39.7574],[33.0096,39.757],[33.0096,39.7569],[33.0094,39.7568],[33.0096,39.7566],[33.0111,39.7565],[33.0119,39.7562],[33.0119,39.7555],[33.0114,39.7551],[33.0106,39.7548],[33.0084,39.7548],[33.0084,39.754],[33.008,39.7534],[33.0044,39.7532],[33.0039,39.7534],[33.0046,39.7538],[33.0044,39.7546],[33.004,39.7547],[33.0039,39.7553],[33.0031,39.7553],[33.0031,39.7555],[33.0018,39.7561],[33.0014,39.7555],[33.0007,39.7555],[33.0005,39.7552],[32.9989,39.7543],[32.998,39.7543],[32.9971,39.7546],[32.9935,39.7554],[32.9935,39.7567],[32.9931,39.7568],[32.9929,39.758],[32.9931,39.7588],[32.9928,39.7588],[32.9923,39.758],[32.9921,39.7581],[32.9907,39.7572],[32.9905,39.7568],[32.9905,39.7566],[32.9895,39.7557],[32.989,39.7558],[32.9859,39.7547],[32.9852,39.7546],[32.9843,39.7564],[32.9838,39.7566],[32.9826,39.7547],[32.9824,39.7527],[32.9802,39.7514],[32.9736,39.7498],[32.9728,39.7489],[32.9715,39.7484],[32.9703,39.7456],[32.9672,39.7456],[32.967,39.7461],[32.9665,39.7463],[32.967,39.7477],[32.967,39.7481],[32.9669,39.7482],[32.9678,39.7493],[32.9674,39.7495],[32.9677,39.7499],[32.9676,39.7502],[32.9678,39.7505],[32.9677,39.7509],[32.9674,39.7511],[32.9675,39.7518],[32.967,39.7517],[32.9668,39.7513],[32.9669,39.7505],[32.9672,39.7504],[32.967,39.75],[32.9665,39.75],[32.9662,39.7487],[32.9657,39.7485],[32.9656,39.748],[32.9653,39.7478],[32.9644,39.7469],[32.9643,39.7477],[32.9629,39.7496],[32.9628,39.75],[32.963,39.7504],[32.9634,39.7507],[32.9648,39.7512],[32.9643,39.7514],[32.9635,39.7521],[32.9632,39.7521],[32.9629,39.7523],[32.963,39.7525],[32.9614,39.7529],[32.9612,39.7531],[32.9613,39.7532],[32.9607,39.7535],[32.9595,39.7536],[32.9593,39.754],[32.9586,39.7545],[32.9573,39.7548],[32.9573,39.7551],[32.9548,39.7562],[32.9539,39.757],[32.9537,39.7614],[32.9532,39.7628],[32.9521,39.7632],[32.9518,39.7637],[32.9513,39.7637],[32.951,39.7634],[32.9502,39.7641],[32.9496,39.7644],[32.9496,39.7646],[32.9491,39.7646],[32.9478,39.765],[32.9493,39.7649],[32.9484,39.7662],[32.9477,39.7668],[32.9481,39.7669],[32.9478,39.7672],[32.9478,39.7678],[32.9476,39.7684],[32.9476,39.7707],[32.9472,39.7745],[32.9551,39.7773],[32.9571,39.782],[32.962,39.7854],[32.9614,39.7874],[32.9683,39.7949],[32.9699,39.7974],[32.971,39.7985],[32.974,39.7997],[32.9761,39.7988],[32.9804,39.8002],[32.9809,39.8017],[32.985,39.8034]]]]}},{"type":"Feature","properties":{"id":"cankaya-umit"},"geometry":{"type":"MultiPolygon","coordinates":[[[[32.7019,39.8914],[32.7015,39.8888],[32.7012,39.888],[32.7011,39.8878],[32.7001,39.8882],[32.6996,39.8876],[32.6992,39.8876],[32.6989,39.8878],[32.6991,39.8882],[32.6981,39.8888],[32.6974,39.8901],[32.6962,39.8912],[32.6951,39.891],[32.6907,39.8936],[32.691,39.8953],[32.6921,39.8981],[32.6919,39.9026],[32.6945,39.9042],[32.6973,39.905],[32.6988,39.9052],[32.7112,39.9057],[32.7111,39.9049],[32.7076,39.9009],[32.7037,39.8954],[32.703,39.8942],[32.7019,39.8914]]]]}},{"type":"Feature","properties":{"id":"cankaya-ertugrulgazi"},"geometry":{"type":"MultiPolygon","coordinates":[[[[32.8787,39.9303],[32.8808,39.9291],[32.8825,39.9302],[32.8838,39.9294],[32.883,39.9281],[32.883,39.9265],[32.8826,39.9256],[32.8826,39.9251],[32.8823,39.9246],[32.8817,39.9242],[32.881,39.924],[32.8804,39.9242],[32.8805,39.9248],[32.88,39.9248],[32.8798,39.9252],[32.8791,39.926],[32.8777,39.9265],[32.8763,39.9263],[32.8761,39.9267],[32.8779,39.9276],[32.8782,39.9281],[32.8777,39.9293],[32.8778,39.9301],[32.8781,39.9298],[32.8787,39.9303]]]]}},{"type":"Feature","properties":{"id":"cankaya-muhsin-ertugrul"},"geometry":{"type":"MultiPolygon","coordinates":[[[[32.871,39.9084],[32.8716,39.9073],[32.8715,39.9054],[32.8716,39.9044],[32.8706,39.9043],[32.8688,39.9049],[32.8682,39.9086],[32.8709,39.9089],[32.871,39.9084]]]]}},{"type":"Feature","properties":{"id":"cankaya-konutkent"},"geometry":{"type":"MultiPolygon","coordinates":[[[[32.669,39.874],[32.6682,39.8736],[32.6666,39.8732],[32.6642,39.8731],[32.6616,39.8734],[32.6557,39.8734],[32.6539,39.8742],[32.6496,39.8722],[32.6475,39.8715],[32.6456,39.8723],[32.6656,39.8862],[32.6679,39.8844],[32.6685,39.8829],[32.6754,39.8807],[32.6772,39.8785],[32.6727,39.8763],[32.669,39.874]]]]}},{"type":"Feature","properties":{"id":"cankaya-incesu"},"geometry":{"type":"MultiPolygon","coordinates":[[[[32.87,39.9193],[32.8707,39.9194],[32.8715,39.9198],[32.8715,39.9179],[32.8696,39.9181],[32.8676,39.9187],[32.8647,39.9205],[32.8641,39.9213],[32.8667,39.9225],[32.8673,39.9212],[32.868,39.9202],[32.8685,39.9198],[32.87,39.9193]]]]}},{"type":"Feature","properties":{"id":"cankaya-yasamkent"},"geometry":{"type":"MultiPolygon","coordinates":[[[[32.6564,39.8734],[32.6616,39.8734],[32.6642,39.8731],[32.666,39.8731],[32.6675,39.8734],[32.669,39.874],[32.6711,39.8723],[32.6741,39.8696],[32.6726,39.867],[32.6721,39.8666],[32.6722,39.8648],[32.6684,39.8644],[32.667,39.864],[32.6646,39.8636],[32.6594,39.8607],[32.6574,39.8604],[32.6575,39.8584],[32.6523,39.8585],[32.6518,39.8552],[32.6481,39.8552],[32.6463,39.8545],[32.6467,39.854],[32.6442,39.8525],[32.6431,39.8535],[32.6415,39.8528],[32.6414,39.8538],[32.64,39.8532],[32.6371,39.8532],[32.6367,39.8575],[32.6343,39.8569],[32.6342,39.8574],[32.6355,39.8579],[32.6354,39.8595],[32.6356,39.8603],[32.6364,39.8602],[32.6363,39.861],[32.6366,39.8621],[32.6369,39.8627],[32.6385,39.8647],[32.6363,39.866],[32.6456,39.8723],[32.6475,39.8715],[32.6496,39.8722],[32.6539,39.8742],[32.6552,39.8735],[32.6564,39.8734]]]]}},{"type":"Feature","properties":{"id":"cankaya-oguzlar"},"geometry":{"type":"MultiPolygon","coordinates":[[[[32.8222,39.9035],[32.8224,39.9029],[32.8221,39.9021],[32.8216,39.9],[32.8215,39.8959],[32.8213,39.8953],[32.8207,39.8956],[32.8189,39.8972],[32.8184,39.8974],[32.8136,39.8972],[32.8142,39.9034],[32.8165,39.9033],[32.8163,39.9043],[32.8168,39.9062],[32.8212,39.9062],[32.8222,39.9035]]]]}},{"type":"Feature","properties":{"id":"cankaya-cigdem"},"geometry":{"type":"MultiPolygon","coordinates":[[[[32.8085,39.8875],[32.8125,39.8869],[32.8121,39.8832],[32.8096,39.8829],[32.809,39.8819],[32.8087,39.879],[32.8025,39.8788],[32.7991,39.8782],[32.7955,39.8785],[32.7948,39.8821],[32.7953,39.8855],[32.7952,39.8872],[32.7945,39.8872],[32.7937,39.8893],[32.7942,39.8909],[32.796,39.8905],[32.7978,39.8896],[32.7995,39.889],[32.8085,39.8875]]]]}},{"type":"Feature","properties":{"id":"cankaya-cavuslu"},"geometry":{"type":"MultiPolygon","coordinates":[[[[33.037,39.7155],[33.0398,39.7133],[33.0409,39.7127],[33.0442,39.712],[33.0465,39.712],[33.0489,39.7106],[33.0497,39.7111],[33.0509,39.7115],[33.0558,39.7118],[33.0584,39.7121],[33.0644,39.7101],[33.0707,39.7055],[33.0705,39.7033],[33.062,39.6985],[33.0617,39.6975],[33.0559,39.694],[33.0571,39.6919],[33.0561,39.6911],[33.0567,39.6902],[33.0553,39.6894],[33.0595,39.6833],[33.0588,39.6824],[33.0592,39.68],[33.0572,39.6756],[33.0494,39.6752],[33.0412,39.6679],[33.0408,39.6663],[33.036,39.6627],[33.0339,39.6596],[33.031,39.661],[33.0279,39.6581],[33.0266,39.6609],[33.0267,39.6617],[33.0269,39.6619],[33.0267,39.6623],[33.0264,39.6625],[33.0264,39.6629],[33.0261,39.663],[33.0261,39.6633],[33.0254,39.6634],[33.025,39.6636],[33.0252,39.6641],[33.0253,39.6645],[33.0248,39.6652],[33.0251,39.6653],[33.025,39.6657],[33.0247,39.6659],[33.0237,39.6659],[33.0221,39.6672],[33.0204,39.6666],[33.0223,39.6651],[33.022,39.6648],[33.02,39.6659],[33.0189,39.6653],[33.0165,39.6671],[33.0174,39.6674],[33.0173,39.6675],[33.0162,39.6681],[33.0157,39.6685],[33.0149,39.6698],[33.0143,39.6711],[33.0136,39.6708],[33.0132,39.6708],[33.0128,39.6712],[33.0115,39.671],[33.011,39.6715],[33.0099,39.6718],[33.0073,39.6722],[33.0068,39.673],[33.0063,39.6731],[33.0057,39.6735],[33.0053,39.6738],[33.0054,39.674],[33.0033,39.6756],[33.003,39.676],[33.0031,39.6766],[33.0025,39.6775],[33.0023,39.6779],[33.0012,39.6786],[33.0023,39.6795],[32.9979,39.6813],[32.9945,39.6821],[32.9933,39.6828],[32.9909,39.6848],[32.9885,39.6865],[32.9867,39.6872],[32.9835,39.6882],[32.9826,39.6887],[32.9807,39.6906],[32.9781,39.6919],[32.9788,39.6933],[32.9796,39.6941],[32.9802,39.6952],[32.9848,39.6966],[32.9886,39.6989],[32.9897,39.7001],[32.9919,39.7014],[32.993,39.7023],[32.9948,39.7046],[32.996,39.7054],[32.9986,39.7058],[33.0007,39.7067],[33.005,39.7079],[33.0063,39.7086],[33.0078,39.7087],[33.01,39.7098],[33.0123,39.7101],[33.0141,39.712],[33.0162,39.7126],[33.0177,39.7126],[33.0195,39.7136],[33.0213,39.7133],[33.0218,39.7139],[33.023,39.7145],[33.0253,39.7152],[33.0272,39.7156],[33.035,39.7167],[33.037,39.7155]]]]}},{"type":"Feature","properties":{"id":"cankaya-metin-akkus"},"geometry":{"type":"MultiPolygon","coordinates":[[[[32.849,39.8759],[32.8495,39.8756],[32.8496,39.8754],[32.8503,39.8758],[32.8497,39.8739],[32.8491,39.8731],[32.8473,39.8715],[32.8471,39.871],[32.8471,39.8697],[32.8447,39.8659],[32.8439,39.864],[32.8436,39.8636],[32.843,39.8634],[32.8431,39.864],[32.843,39.8646],[32.8424,39.8651],[32.8391,39.8662],[32.8385,39.8665],[32.839,39.8669],[32.8407,39.8691],[32.843,39.8723],[32.8462,39.8734],[32.8473,39.8743],[32.8478,39.875],[32.8479,39.8755],[32.8471,39.8763],[32.8478,39.8767],[32.849,39.8759]]]]}},{"type":"Feature","properties":{"id":"cankaya-bayraktar"},"geometry":{"type":"MultiPolygon","coordinates":[[[[32.8789,39.9057],[32.8796,39.9056],[32.8804,39.9053],[32.8797,39.9042],[32.8796,39.9035],[32.8806,39.9014],[32.8807,39.9006],[32.8804,39.8997],[32.8788,39.898],[32.8781,39.8984],[32.8774,39.8997],[32.8768,39.8996],[32.8771,39.9002],[32.8775,39.9004],[32.8775,39.9019],[32.8773,39.9025],[32.8769,39.9025],[32.8771,39.9042],[32.8776,39.9053],[32.8783,39.9061],[32.8789,39.9057]]]]}},{"type":"Feature","properties":{"id":"cankaya-yukari-bahcelievler"},"geometry":{"type":"MultiPolygon","coordinates":[[[[32.8324,39.9259],[32.8334,39.9237],[32.8362,39.9207],[32.8377,39.9186],[32.8381,39.9177],[32.8387,39.9159],[32.8344,39.9161],[32.8288,39.9158],[32.8283,39.9171],[32.8276,39.917],[32.8246,39.9173],[32.8224,39.9223],[32.8227,39.9246],[32.8248,39.9246],[32.8276,39.9249],[32.8324,39.9259]]]]}},{"type":"Feature","properties":{"id":"cankaya-karapinar"},"geometry":{"type":"MultiPolygon","coordinates":[[[[32.8194,39.865],[32.819,39.8642],[32.8182,39.8649],[32.8173,39.865],[32.8155,39.8666],[32.815,39.8672],[32.8143,39.8701],[32.8138,39.8707],[32.8121,39.8722],[32.8126,39.8731],[32.8135,39.8741],[32.8136,39.8741],[32.815,39.873],[32.8188,39.8706],[32.8197,39.8697],[32.8213,39.8685],[32.8224,39.8674],[32.82,39.8661],[32.8194,39.865]]]]}},{"type":"Feature","properties":{"id":"cankaya-maltepe"},"geometry":{"type":"MultiPolygon","coordinates":[[[[32.8464,39.9202],[32.846,39.9194],[32.8432,39.9224],[32.8424,39.9237],[32.8407,39.9277],[32.8422,39.9282],[32.8421,39.9284],[32.8421,39.9287],[32.8438,39.9301],[32.8448,39.9307],[32.8459,39.9292],[32.8479,39.9251],[32.8491,39.9237],[32.8474,39.9219],[32.8464,39.9202]]]]}},{"type":"Feature","properties":{"id":"cankaya-cankaya"},"geometry":{"type":"MultiPolygon","coordinates":[[[[32.8643,39.8924],[32.8644,39.8921],[32.8666,39.8927],[32.8685,39.8931],[32.8674,39.8912],[32.8674,39.8903],[32.8676,39.8879],[32.8667,39.8825],[32.8655,39.8793],[32.8645,39.8776],[32.8614,39.8795],[32.8607,39.8803],[32.859,39.8811],[32.857,39.8829],[32.8556,39.885],[32.855,39.8869],[32.855,39.8883],[32.8552,39.8896],[32.8595,39.901],[32.8593,39.9021],[32.8605,39.9024],[32.8608,39.9023],[32.8621,39.9006],[32.8628,39.8995],[32.8633,39.8977],[32.8643,39.8924]]]]}},{"type":"Feature","properties":{"id":"cankaya-ahlatlibel"},"geometry":{"type":"MultiPolygon","coordinates":[[[[32.7488,39.8541],[32.7503,39.8534],[32.7497,39.8516],[32.7498,39.8508],[32.7511,39.8508],[32.7514,39.8496],[32.7532,39.8496],[32.76,39.8505],[32.7608,39.8512],[32.761,39.8518],[32.7649,39.8508],[32.7662,39.8507],[32.7704,39.8515],[32.7719,39.8515],[32.7736,39.8512],[32.7752,39.8504],[32.7772,39.8487],[32.7778,39.8487],[32.7779,39.8482],[32.7841,39.8523],[32.7865,39.8519],[32.7899,39.8498],[32.7893,39.8477],[32.7927,39.845],[32.7946,39.8443],[32.805,39.842],[32.7981,39.8368],[32.7975,39.8361],[32.7971,39.8354],[32.7969,39.8344],[32.7975,39.8321],[32.7974,39.8311],[32.7962,39.8285],[32.7961,39.8278],[32.7937,39.8281],[32.7939,39.8293],[32.7926,39.8296],[32.7922,39.83],[32.7917,39.8301],[32.7913,39.8307],[32.7904,39.8309],[32.7898,39.832],[32.7881,39.833],[32.7878,39.8332],[32.7876,39.8336],[32.7868,39.8342],[32.7859,39.8344],[32.7831,39.8341],[32.7822,39.8338],[32.7817,39.8338],[32.7779,39.8375],[32.7773,39.8376],[32.777,39.8381],[32.7748,39.8387],[32.7735,39.8372],[32.77,39.834],[32.7658,39.8322],[32.7653,39.8323],[32.7648,39.8328],[32.7651,39.835],[32.7648,39.8357],[32.7639,39.8362],[32.7625,39.8363],[32.7612,39.8361],[32.7476,39.8308],[32.7442,39.8293],[32.7396,39.8286],[32.7377,39.8288],[32.7351,39.8295],[32.7339,39.8295],[32.7336,39.8308],[32.7329,39.8315],[32.7314,39.8329],[32.7295,39.834],[32.729,39.8356],[32.7278,39.8376],[32.7256,39.8404],[32.7248,39.8418],[32.7259,39.8426],[32.7259,39.8433],[32.7267,39.8433],[32.7276,39.845],[32.7263,39.845],[32.7263,39.8457],[32.7258,39.8462],[32.7274,39.8477],[32.728,39.8468],[32.7321,39.848],[32.7321,39.8491],[32.7327,39.8496],[32.7323,39.85],[32.7323,39.8512],[32.7326,39.852],[32.7341,39.8513],[32.7347,39.8526],[32.7339,39.8534],[32.7351,39.8542],[32.7354,39.8547],[32.7363,39.8552],[32.7398,39.8539],[32.7421,39.8548],[32.7435,39.855],[32.7495,39.8552],[32.7488,39.8541]]]]}},{"type":"Feature","properties":{"id":"cankaya-ileri"},"geometry":{"type":"MultiPolygon","coordinates":[[[[32.8703,39.9193],[32.8697,39.9193],[32.8683,39.92],[32.8673,39.9212],[32.8667,39.9225],[32.8691,39.9241],[32.8709,39.9223],[32.8705,39.922],[32.8716,39.921],[32.8715,39.9198],[32.8703,39.9193]]]]}},{"type":"Feature","properties":{"id":"cankaya-metin-oktay"},"geometry":{"type":"MultiPolygon","coordinates":[[[[32.8783,39.9111],[32.879,39.9106],[32.8795,39.9105],[32.88,39.91],[32.88,39.9095],[32.8791,39.9082],[32.878,39.9074],[32.8778,39.9066],[32.8753,39.9077],[32.873,39.9086],[32.8725,39.9087],[32.872,39.9087],[32.8718,39.9094],[32.874,39.9109],[32.8747,39.9111],[32.8767,39.911],[32.8781,39.9114],[32.8783,39.9111]]]]}},{"type":"Feature","properties":{"id":"cankaya-asagi-imrahor"},"geometry":{"type":"MultiPolygon","coordinates":[[[[32.8965,39.9025],[32.8979,39.9016],[32.9016,39.9015],[32.9028,39.9011],[32.9035,39.9005],[32.9029,39.9001],[32.903,39.8996],[32.9032,39.8969],[32.9013,39.8956],[32.901,39.8951],[32.8982,39.8957],[32.8963,39.8957],[32.8954,39.8955],[32.8942,39.8946],[32.8946,39.8965],[32.8946,39.8971],[32.8947,39.8972],[32.8948,39.898],[32.8951,39.8981],[32.895,39.8989],[32.8953,39.8994],[32.8951,39.9001],[32.8946,39.9004],[32.8944,39.9009],[32.8944,39.9014],[32.8957,39.9024],[32.8965,39.9025]]]]}},{"type":"Feature","properties":{"id":"cankaya-yakupabdal"},"geometry":{"type":"MultiPolygon","coordinates":[[[[32.9356,39.8725],[32.9364,39.8724],[32.9412,39.8735],[32.9464,39.8628],[32.9464,39.8598],[32.9466,39.8591],[32.9464,39.8577],[32.9465,39.8571],[32.9471,39.8557],[32.9483,39.8537],[32.9487,39.8525],[32.9492,39.8503],[32.9516,39.8453],[32.9529,39.8446],[32.956,39.8439],[32.9571,39.8427],[32.9579,39.8424],[32.9588,39.8424],[32.9614,39.8429],[32.9621,39.8438],[32.9627,39.8443],[32.965,39.8447],[32.9648,39.846],[32.9649,39.8466],[32.9656,39.8473],[32.9661,39.8475],[32.9667,39.8472],[32.9687,39.8452],[32.97,39.843],[32.9672,39.8383],[32.967,39.8377],[32.9682,39.8369],[32.9706,39.8358],[32.9709,39.8344],[32.9708,39.8338],[32.9717,39.8325],[32.9729,39.8318],[32.9741,39.8317],[32.9749,39.8311],[32.9764,39.8308],[32.9769,39.8305],[32.979,39.83],[32.98,39.829],[32.9785,39.828],[32.979,39.8276],[32.979,39.8269],[32.9793,39.8264],[32.9808,39.8268],[32.9827,39.8239],[32.9852,39.8232],[32.9839,39.8216],[32.9844,39.8203],[32.984,39.8199],[32.9852,39.8193],[32.9852,39.818],[32.9863,39.818],[32.987,39.8175],[32.9868,39.8167],[32.9871,39.8165],[32.9866,39.8156],[32.9866,39.815],[32.9876,39.8123],[32.9888,39.8102],[32.9904,39.8104],[32.9909,39.81],[32.9936,39.81],[32.9938,39.8088],[32.9946,39.8089],[32.9951,39.8069],[32.9919,39.8064],[32.992,39.806],[32.9903,39.8048],[32.9895,39.8036],[32.9896,39.8029],[32.989,39.8026],[32.9882,39.8033],[32.9866,39.8027],[32.985,39.8034],[32.9809,39.8017],[32.9804,39.8002],[32.9761,39.7988],[32.974,39.7997],[32.971,39.7985],[32.9699,39.7974],[32.9683,39.7949],[32.9614,39.7874],[32.962,39.7854],[32.9571,39.782],[32.9551,39.7773],[32.9377,39.7711],[32.9343,39.7751],[32.926,39.7779],[32.9255,39.7798],[32.9261,39.782],[32.9257,39.783],[32.9265,39.785],[32.926,39.7852],[32.9282,39.7867],[32.9284,39.7885],[32.928,39.7887],[32.9278,39.7897],[32.9316,39.7923],[32.9326,39.7933],[32.934,39.7932],[32.9344,39.7937],[32.9378,39.7945],[32.9397,39.7965],[32.9407,39.7968],[32.9402,39.7973],[32.9388,39.7978],[32.9388,39.7998],[32.9395,39.8011],[32.9384,39.8019],[32.9365,39.8025],[32.9373,39.8042],[32.9354,39.8063],[32.9367,39.807],[32.938,39.8099],[32.9373,39.8104],[32.9341,39.8118],[32.9347,39.8138],[32.9352,39.8146],[32.9351,39.8151],[32.9349,39.8154],[32.9325,39.8157],[32.9284,39.8171],[32.9243,39.8179],[32.9233,39.8184],[32.9231,39.8188],[32.9233,39.82],[32.9226,39.8203],[32.9204,39.8217],[32.9197,39.8231],[32.9203,39.824],[32.9208,39.8252],[32.9208,39.8257],[32.9206,39.8269],[32.9201,39.8278],[32.9196,39.829],[32.9187,39.8295],[32.9175,39.8298],[32.9173,39.8302],[32.9175,39.8314],[32.9173,39.8319],[32.9158,39.8331],[32.9153,39.8334],[32.9145,39.8351],[32.912,39.838],[32.9113,39.8396],[32.9107,39.8395],[32.9102,39.8399],[32.9084,39.8404],[32.9077,39.8398],[32.9082,39.8396],[32.9083,39.8389],[32.9054,39.8394],[32.9031,39.8412],[32.9023,39.8427],[32.9014,39.8437],[32.9007,39.8454],[32.8993,39.8463],[32.8987,39.8482],[32.8976,39.8487],[32.897,39.8484],[32.8967,39.8494],[32.8967,39.8514],[32.8972,39.8526],[32.8962,39.8547],[32.8964,39.855],[32.8967,39.8568],[32.898,39.859],[32.8985,39.8603],[32.8989,39.8648],[32.8979,39.8664],[32.898,39.8689],[32.8983,39.8701],[32.8988,39.8706],[32.8992,39.8716],[32.8997,39.8723],[32.9074,39.8755],[32.9181,39.8739],[32.9356,39.8725]]]]}},{"type":"Feature","properties":{"id":"cankaya-kizilirmak"},"geometry":{"type":"MultiPolygon","coordinates":[[[[32.8079,39.8946],[32.8077,39.8945],[32.8077,39.896],[32.8084,39.9011],[32.8071,39.9011],[32.8068,39.903],[32.8066,39.9036],[32.8053,39.9052],[32.8072,39.9067],[32.8057,39.9086],[32.8047,39.9104],[32.8145,39.9127],[32.8148,39.9103],[32.8148,39.9083],[32.8136,39.8972],[32.8129,39.8971],[32.8115,39.8966],[32.8106,39.8961],[32.809,39.8949],[32.8079,39.8946]]]]}},{"type":"Feature","properties":{"id":"cankaya-karatas"},"geometry":{"type":"MultiPolygon","coordinates":[[[[32.8967,39.8494],[32.897,39.8484],[32.8976,39.8487],[32.8987,39.8482],[32.8993,39.8463],[32.9007,39.8454],[32.9014,39.8437],[32.9023,39.8427],[32.9031,39.8412],[32.9054,39.8394],[32.9083,39.8389],[32.9082,39.8396],[32.9077,39.8398],[32.9084,39.8404],[32.9102,39.8399],[32.9107,39.8395],[32.9113,39.8396],[32.912,39.838],[32.9145,39.8351],[32.9153,39.8334],[32.9158,39.8331],[32.9173,39.8319],[32.9175,39.8314],[32.9173,39.8302],[32.9175,39.8298],[32.9187,39.8295],[32.9196,39.829],[32.9201,39.8278],[32.9206,39.8269],[32.9208,39.8257],[32.9208,39.8252],[32.9203,39.824],[32.9197,39.8231],[32.9204,39.8217],[32.9226,39.8203],[32.9233,39.82],[32.9231,39.8188],[32.9233,39.8184],[32.9243,39.8179],[32.9284,39.8171],[32.9325,39.8157],[32.9347,39.8155],[32.9351,39.8151],[32.9352,39.8146],[32.9347,39.8138],[32.9341,39.8118],[32.9373,39.8104],[32.938,39.8099],[32.9367,39.807],[32.9354,39.8063],[32.9373,39.8042],[32.9365,39.8025],[32.9384,39.8019],[32.9395,39.8011],[32.9388,39.7998],[32.9388,39.7978],[32.9402,39.7973],[32.9407,39.7968],[32.9397,39.7965],[32.9378,39.7945],[32.9344,39.7937],[32.934,39.7932],[32.9326,39.7933],[32.9316,39.7923],[32.9278,39.7897],[32.9245,39.7898],[32.9225,39.7892],[32.9199,39.7888],[32.918,39.789],[32.9185,39.7909],[32.9159,39.7908],[32.9156,39.7927],[32.9146,39.7922],[32.9122,39.7923],[32.9098,39.7921],[32.9064,39.7931],[32.9043,39.7942],[32.9028,39.7963],[32.9032,39.7976],[32.8975,39.8014],[32.8933,39.8013],[32.8842,39.8089],[32.8788,39.809],[32.8724,39.8136],[32.8694,39.8163],[32.8664,39.818],[32.8652,39.8191],[32.8642,39.8203],[32.8632,39.8208],[32.8625,39.8214],[32.8606,39.8222],[32.8596,39.8209],[32.8578,39.8198],[32.8564,39.8204],[32.8555,39.8217],[32.8547,39.822],[32.8548,39.8227],[32.8544,39.8233],[32.8539,39.8244],[32.8543,39.8248],[32.8525,39.8263],[32.8522,39.8269],[32.8549,39.8263],[32.8572,39.8293],[32.8634,39.8309],[32.8661,39.8331],[32.8701,39.834],[32.8712,39.8363],[32.8699,39.8379],[32.8706,39.8381],[32.8719,39.8396],[32.872,39.8405],[32.8739,39.841],[32.874,39.8426],[32.8769,39.8432],[32.879,39.8421],[32.8794,39.8425],[32.8839,39.8378],[32.8857,39.8387],[32.8864,39.8379],[32.8889,39.8398],[32.8893,39.8392],[32.8915,39.8393],[32.893,39.8398],[32.8929,39.8413],[32.8942,39.8421],[32.894,39.8449],[32.8934,39.8453],[32.8936,39.8467],[32.8952,39.849],[32.8944,39.8522],[32.895,39.8533],[32.8962,39.8547],[32.8972,39.8526],[32.8967,39.8514],[32.8967,39.8494]]]]}},{"type":"Feature","properties":{"id":"cankaya-eti"},"geometry":{"type":"MultiPolygon","coordinates":[[[[32.8395,39.9376],[32.8402,39.9369],[32.8408,39.9369],[32.8462,39.9339],[32.8483,39.9314],[32.8502,39.9298],[32.8516,39.9293],[32.854,39.9291],[32.8539,39.9287],[32.8535,39.9285],[32.8516,39.9279],[32.8496,39.9271],[32.8487,39.9267],[32.8477,39.9258],[32.8457,39.9296],[32.8441,39.9313],[32.8422,39.9327],[32.8378,39.9349],[32.8374,39.935],[32.8378,39.9358],[32.8395,39.9376]]]]}},{"type":"Feature","properties":{"id":"cankaya-alacaatli"},"geometry":{"type":"MultiPolygon","coordinates":[[[[32.6904,39.8639],[32.6947,39.8639],[32.698,39.8643],[32.7006,39.8642],[32.7009,39.8638],[32.7008,39.8629],[32.7023,39.8585],[32.7011,39.8583],[32.6991,39.8568],[32.6961,39.8536],[32.6946,39.8546],[32.6932,39.8527],[32.6924,39.848],[32.6935,39.8463],[32.694,39.8453],[32.6968,39.8418],[32.703,39.8388],[32.7078,39.8344],[32.709,39.8343],[32.7089,39.8336],[32.7116,39.8318],[32.7109,39.8317],[32.7144,39.8293],[32.7142,39.8265],[32.7139,39.8257],[32.7127,39.8255],[32.7115,39.8248],[32.709,39.8246],[32.7096,39.8239],[32.707,39.8227],[32.7041,39.8227],[32.7021,39.8231],[32.6941,39.8268],[32.6874,39.8217],[32.685,39.8238],[32.6828,39.8237],[32.6788,39.8177],[32.6788,39.8151],[32.6766,39.8153],[32.6754,39.8176],[32.6763,39.8197],[32.6768,39.822],[32.6736,39.8219],[32.6709,39.8199],[32.6691,39.8203],[32.6675,39.8186],[32.6671,39.8188],[32.6662,39.8209],[32.6665,39.822],[32.6698,39.8222],[32.6717,39.826],[32.6717,39.8302],[32.6707,39.8334],[32.6684,39.8353],[32.663,39.8379],[32.6614,39.8389],[32.6576,39.8399],[32.659,39.8416],[32.6571,39.8426],[32.6523,39.8427],[32.6516,39.8434],[32.6519,39.844],[32.6516,39.8449],[32.6499,39.8447],[32.6507,39.8443],[32.6506,39.844],[32.6503,39.8441],[32.6493,39.8437],[32.6491,39.8441],[32.6495,39.8442],[32.6497,39.8447],[32.6484,39.8452],[32.6484,39.8451],[32.648,39.8452],[32.6474,39.8443],[32.6445,39.8441],[32.6444,39.843],[32.6457,39.8419],[32.6436,39.8405],[32.6437,39.8404],[32.6428,39.8402],[32.641,39.8419],[32.639,39.8434],[32.6322,39.8468],[32.6303,39.8479],[32.6291,39.8488],[32.6278,39.8501],[32.6265,39.8522],[32.6274,39.8528],[32.6309,39.8558],[32.6315,39.8561],[32.6315,39.8563],[32.6367,39.8575],[32.6371,39.8532],[32.64,39.8532],[32.6414,39.8538],[32.6415,39.8528],[32.6431,39.8535],[32.6442,39.8525],[32.6467,39.854],[32.6463,39.8545],[32.6481,39.8552],[32.6518,39.8552],[32.6523,39.8585],[32.6575,39.8584],[32.6574,39.8604],[32.6594,39.8607],[32.6646,39.8636],[32.667,39.864],[32.6684,39.8644],[32.6722,39.8648],[32.6721,39.8666],[32.673,39.8663],[32.6742,39.8663],[32.6743,39.8655],[32.6752,39.8655],[32.6773,39.865],[32.6771,39.8646],[32.6778,39.8644],[32.6793,39.8643],[32.6791,39.8626],[32.6783,39.8605],[32.6791,39.8605],[32.6795,39.8606],[32.6817,39.8617],[32.6835,39.8648],[32.6852,39.8669],[32.6856,39.8678],[32.6858,39.8679],[32.6861,39.866],[32.6867,39.8649],[32.6883,39.8641],[32.689,39.8639],[32.6904,39.8639]]]]}},{"type":"Feature","properties":{"id":"cankaya-yesilkent"},"geometry":{"type":"MultiPolygon","coordinates":[[[[32.9044,39.8851],[32.9031,39.8837],[32.9016,39.8826],[32.8992,39.8813],[32.9074,39.8755],[32.8996,39.8722],[32.8992,39.8716],[32.8988,39.8706],[32.8983,39.8701],[32.898,39.8689],[32.8979,39.8664],[32.8989,39.8648],[32.8985,39.8603],[32.898,39.859],[32.8967,39.8568],[32.8964,39.855],[32.895,39.8533],[32.8944,39.8522],[32.8952,39.849],[32.8936,39.8467],[32.8934,39.8453],[32.894,39.8449],[32.8942,39.8421],[32.8929,39.8413],[32.893,39.8398],[32.8915,39.8393],[32.8893,39.8392],[32.8889,39.8398],[32.8864,39.8379],[32.8857,39.8387],[32.8839,39.8378],[32.8794,39.8425],[32.879,39.8421],[32.8769,39.8432],[32.874,39.8426],[32.8739,39.841],[32.872,39.8405],[32.8719,39.8396],[32.8706,39.8381],[32.8699,39.8379],[32.8712,39.8363],[32.8701,39.834],[32.8661,39.8331],[32.8634,39.8309],[32.8572,39.8293],[32.8549,39.8263],[32.8522,39.8269],[32.8525,39.8263],[32.8543,39.8248],[32.8539,39.8244],[32.8544,39.8233],[32.8548,39.8227],[32.8547,39.822],[32.8555,39.8217],[32.8564,39.8204],[32.8578,39.8198],[32.8577,39.8193],[32.8552,39.8191],[32.8543,39.8186],[32.8548,39.8146],[32.8565,39.8129],[32.8562,39.8126],[32.8576,39.8118],[32.8576,39.8115],[32.8572,39.8111],[32.8589,39.8088],[32.8565,39.8075],[32.8527,39.8102],[32.8518,39.8103],[32.8499,39.8108],[32.8487,39.813],[32.8432,39.8198],[32.841,39.8197],[32.8394,39.821],[32.8392,39.8239],[32.8379,39.8257],[32.8359,39.8272],[32.8344,39.8275],[32.8309,39.8296],[32.83,39.8295],[32.8282,39.8302],[32.8298,39.8309],[32.8314,39.831],[32.8331,39.8306],[32.8356,39.8294],[32.8374,39.8293],[32.8394,39.8297],[32.8445,39.8291],[32.8468,39.8282],[32.8473,39.8285],[32.8476,39.8292],[32.8468,39.8307],[32.847,39.8325],[32.8467,39.8333],[32.8471,39.8341],[32.8473,39.8351],[32.8468,39.8359],[32.8468,39.8366],[32.8507,39.8367],[32.8521,39.8363],[32.8535,39.8363],[32.8576,39.8354],[32.858,39.8355],[32.8582,39.8357],[32.8581,39.8365],[32.8583,39.8365],[32.8584,39.8374],[32.8581,39.839],[32.8588,39.8402],[32.8585,39.8411],[32.8596,39.8419],[32.8607,39.8431],[32.8633,39.8447],[32.8684,39.8474],[32.8697,39.8476],[32.8703,39.8479],[32.8701,39.8493],[32.8688,39.8511],[32.8693,39.8524],[32.8693,39.8532],[32.8698,39.8537],[32.8708,39.854],[32.8738,39.8547],[32.8743,39.8551],[32.8746,39.8556],[32.8745,39.8565],[32.8739,39.8576],[32.874,39.8587],[32.8728,39.8588],[32.8706,39.8607],[32.8691,39.8614],[32.8687,39.8618],[32.8707,39.8647],[32.8733,39.8656],[32.8733,39.8659],[32.8722,39.8665],[32.8701,39.8665],[32.8689,39.8663],[32.8688,39.8665],[32.8693,39.8672],[32.8711,39.8677],[32.8758,39.8705],[32.8774,39.871],[32.8781,39.8717],[32.8777,39.8723],[32.8791,39.8735],[32.8837,39.8729],[32.8874,39.8765],[32.8912,39.8751],[32.892,39.8759],[32.8912,39.8767],[32.891,39.8776],[32.8922,39.8807],[32.8922,39.8815],[32.8919,39.8819],[32.8929,39.8822],[32.8933,39.8826],[32.8934,39.883],[32.892,39.8836],[32.8921,39.8838],[32.8919,39.8842],[32.8929,39.8843],[32.8934,39.885],[32.8952,39.8852],[32.8961,39.8856],[32.8966,39.8856],[32.8969,39.8858],[32.8987,39.885],[32.901,39.8879],[32.9055,39.8871],[32.9044,39.8851]]]]}},{"type":"Feature","properties":{"id":"cankaya-akpinar"},"geometry":{"type":"MultiPolygon","coordinates":[[[[32.8116,39.8721],[32.8121,39.8722],[32.8138,39.8707],[32.8143,39.8701],[32.8148,39.8674],[32.8153,39.8668],[32.8173,39.865],[32.8182,39.8649],[32.819,39.8642],[32.8176,39.8627],[32.8124,39.8547],[32.811,39.853],[32.811,39.8525],[32.8119,39.8509],[32.8121,39.8502],[32.8116,39.8495],[32.8109,39.8489],[32.8107,39.8506],[32.8092,39.8543],[32.809,39.8562],[32.8092,39.8578],[32.8102,39.8613],[32.8103,39.8655],[32.8111,39.8726],[32.8116,39.8721]]]]}},{"type":"Feature","properties":{"id":"cankaya-universiteler"},"geometry":{"type":"MultiPolygon","coordinates":[[[[32.7865,39.9067],[32.7892,39.9008],[32.7902,39.8981],[32.7908,39.8971],[32.7927,39.8932],[32.794,39.8916],[32.796,39.8905],[32.7942,39.8909],[32.7937,39.8893],[32.7945,39.8872],[32.7952,39.8872],[32.7953,39.8855],[32.7948,39.8821],[32.7955,39.8785],[32.7991,39.8782],[32.8025,39.8788],[32.8087,39.879],[32.809,39.8819],[32.8096,39.8829],[32.8121,39.8832],[32.8103,39.8655],[32.8102,39.8613],[32.8092,39.8578],[32.809,39.8562],[32.8092,39.8543],[32.8108,39.85],[32.8108,39.8483],[32.8104,39.8469],[32.8094,39.8455],[32.805,39.842],[32.7946,39.8443],[32.7927,39.845],[32.7893,39.8477],[32.7899,39.8498],[32.7865,39.8519],[32.7841,39.8523],[32.7779,39.8482],[32.7778,39.8487],[32.7772,39.8487],[32.7752,39.8504],[32.7744,39.8509],[32.7728,39.8514],[32.7704,39.8515],[32.7662,39.8507],[32.7649,39.8508],[32.761,39.8518],[32.7585,39.8532],[32.7569,39.8545],[32.7503,39.8574],[32.7499,39.8579],[32.7499,39.8594],[32.749,39.8612],[32.7496,39.8615],[32.7504,39.8626],[32.7498,39.8631],[32.7491,39.8633],[32.7482,39.8632],[32.7478,39.8627],[32.7477,39.8629],[32.7464,39.8628],[32.7461,39.8632],[32.7441,39.8624],[32.7441,39.8619],[32.7428,39.8614],[32.7378,39.8613],[32.7366,39.8616],[32.736,39.8608],[32.7349,39.8612],[32.7341,39.8606],[32.7332,39.8608],[32.7327,39.8601],[32.7322,39.8603],[32.7311,39.8597],[32.7302,39.8601],[32.729,39.8598],[32.7274,39.8599],[32.726,39.8619],[32.7225,39.8621],[32.7206,39.8629],[32.7206,39.8637],[32.7208,39.8649],[32.7214,39.8646],[32.7218,39.865],[32.7231,39.8659],[32.7227,39.8666],[32.7226,39.8675],[32.7209,39.867],[32.7205,39.8677],[32.7224,39.8683],[32.7219,39.8695],[32.7224,39.8698],[32.7226,39.8704],[32.7236,39.8717],[32.7235,39.8719],[32.722,39.8719],[32.7203,39.8729],[32.7218,39.8741],[32.7214,39.8754],[32.7207,39.8757],[32.7214,39.8764],[32.7218,39.8772],[32.7218,39.8773],[32.721,39.8779],[32.722,39.8792],[32.72,39.8808],[32.7188,39.8796],[32.7176,39.8806],[32.7187,39.8819],[32.7191,39.8828],[32.7166,39.883],[32.7151,39.8845],[32.7154,39.8848],[32.7184,39.8858],[32.7186,39.8855],[32.7194,39.8861],[32.7207,39.8864],[32.7213,39.8863],[32.721,39.8875],[32.7193,39.888],[32.7217,39.8905],[32.7243,39.8921],[32.7276,39.8934],[32.7337,39.8969],[32.7328,39.905],[32.7324,39.9055],[32.732,39.9058],[32.7318,39.9065],[32.7776,39.9082],[32.7861,39.9087],[32.7865,39.9067]]]]}},{"type":"Feature","properties":{"id":"cankaya-beytepe"},"geometry":{"type":"MultiPolygon","coordinates":[[[[32.7101,39.8707],[32.7114,39.8695],[32.7112,39.869],[32.7105,39.8686],[32.7107,39.8683],[32.7142,39.8663],[32.7178,39.867],[32.7205,39.8677],[32.7209,39.867],[32.7226,39.8675],[32.7227,39.8666],[32.7231,39.8659],[32.7218,39.865],[32.7214,39.8646],[32.7208,39.8649],[32.7206,39.8637],[32.7206,39.8629],[32.7225,39.8621],[32.726,39.8619],[32.7274,39.8599],[32.729,39.8598],[32.7302,39.8601],[32.7312,39.8597],[32.7322,39.8603],[32.7327,39.8601],[32.7332,39.8608],[32.7341,39.8606],[32.7349,39.8612],[32.736,39.8608],[32.7366,39.8616],[32.7378,39.8613],[32.7428,39.8614],[32.7441,39.8619],[32.7441,39.8624],[32.7461,39.8632],[32.7464,39.8628],[32.7477,39.8629],[32.7478,39.8627],[32.7482,39.8632],[32.7491,39.8633],[32.7498,39.8631],[32.7504,39.8626],[32.7496,39.8615],[32.749,39.8612],[32.7499,39.8594],[32.7499,39.8579],[32.7503,39.8574],[32.7569,39.8545],[32.7585,39.8532],[32.761,39.8518],[32.7608,39.8512],[32.76,39.8505],[32.7532,39.8496],[32.7514,39.8496],[32.7511,39.8508],[32.7498,39.8508],[32.7497,39.8516],[32.7503,39.8534],[32.7488,39.8541],[32.7495,39.8552],[32.7435,39.855],[32.7421,39.8548],[32.7398,39.8539],[32.7363,39.8552],[32.7354,39.8547],[32.7351,39.8542],[32.7339,39.8534],[32.7347,39.8526],[32.7341,39.8513],[32.7326,39.852],[32.7323,39.8512],[32.7323,39.85],[32.7327,39.8496],[32.7321,39.8491],[32.7321,39.848],[32.728,39.8468],[32.7274,39.8477],[32.7258,39.8462],[32.7263,39.8457],[32.7263,39.845],[32.7276,39.845],[32.7267,39.8433],[32.7259,39.8433],[32.7259,39.8426],[32.7248,39.8418],[32.7256,39.8404],[32.7278,39.8376],[32.729,39.8356],[32.7295,39.834],[32.7183,39.8338],[32.7133,39.8322],[32.7116,39.8318],[32.7089,39.8336],[32.709,39.8343],[32.7078,39.8344],[32.703,39.8388],[32.6968,39.8418],[32.694,39.8453],[32.6935,39.8463],[32.6924,39.848],[32.6932,39.8527],[32.6946,39.8546],[32.6961,39.8536],[32.6991,39.8568],[32.7011,39.8583],[32.7023,39.8585],[32.7008,39.8629],[32.7009,39.8638],[32.7006,39.8642],[32.7004,39.8642],[32.7006,39.8643],[32.7002,39.8654],[32.7018,39.8661],[32.7035,39.8665],[32.7028,39.8676],[32.7034,39.8684],[32.7032,39.8699],[32.7035,39.87],[32.7029,39.8707],[32.7028,39.871],[32.7034,39.8716],[32.7059,39.8719],[32.7079,39.8712],[32.7089,39.8702],[32.7092,39.8704],[32.7084,39.8713],[32.7085,39.8717],[32.7106,39.8721],[32.7111,39.872],[32.7112,39.8716],[32.7109,39.8713],[32.7101,39.8707]]]]}},{"type":"Feature","properties":{"id":"cankaya-gokkusagi"},"geometry":{"type":"MultiPolygon","coordinates":[[[[32.8174,39.8775],[32.8181,39.8774],[32.8182,39.876],[32.8187,39.8741],[32.8188,39.8706],[32.815,39.873],[32.8136,39.8741],[32.8128,39.8733],[32.8121,39.8722],[32.8116,39.8721],[32.8111,39.8726],[32.8118,39.8801],[32.8127,39.8801],[32.8126,39.8794],[32.815,39.8793],[32.815,39.879],[32.8148,39.8786],[32.8174,39.8775]]]]}},{"type":"Feature","properties":{"id":"cankaya-sogutozu"},"geometry":{"type":"MultiPolygon","coordinates":[[[[32.8009,39.9185],[32.8022,39.9153],[32.8027,39.9154],[32.8045,39.913],[32.8051,39.9124],[32.8073,39.911],[32.8021,39.9098],[32.7987,39.9093],[32.7861,39.9087],[32.786,39.9133],[32.7854,39.9148],[32.7846,39.9158],[32.7839,39.9163],[32.7801,39.9182],[32.7815,39.9186],[32.7826,39.9187],[32.7891,39.9179],[32.795,39.9215],[32.7993,39.9226],[32.8009,39.9185]]]]}},{"type":"Feature","properties":{"id":"cankaya-guvenevler"},"geometry":{"type":"MultiPolygon","coordinates":[[[[32.8595,39.901],[32.8573,39.8953],[32.8499,39.8953],[32.8475,39.8955],[32.8485,39.8969],[32.849,39.8981],[32.8504,39.8998],[32.8558,39.9005],[32.8574,39.9005],[32.858,39.9008],[32.8595,39.901]]]]}},{"type":"Feature","properties":{"id":"cankaya-namik-kemal"},"geometry":{"type":"MultiPolygon","coordinates":[[[[32.851,39.9172],[32.8508,39.9169],[32.8459,39.9186],[32.8464,39.9202],[32.8472,39.9216],[32.8523,39.9192],[32.851,39.9172]]]]}},{"type":"Feature","properties":{"id":"cankaya-100.yil"},"geometry":{"type":"MultiPolygon","coordinates":[[[[32.8706,39.9043],[32.8716,39.9044],[32.872,39.9033],[32.8727,39.9022],[32.8742,39.9006],[32.8749,39.9003],[32.8756,39.8995],[32.8762,39.8991],[32.8757,39.8982],[32.8747,39.8986],[32.8746,39.8985],[32.8744,39.8981],[32.8744,39.8975],[32.8741,39.8964],[32.8717,39.8973],[32.8707,39.8982],[32.8699,39.8982],[32.8683,39.8979],[32.8676,39.9],[32.8675,39.9047],[32.8672,39.9059],[32.8688,39.9049],[32.8706,39.9043]]]]}},{"type":"Feature","properties":{"id":"cankaya-isci-bloklari"},"geometry":{"type":"MultiPolygon","coordinates":[[[[32.8037,39.8941],[32.8056,39.894],[32.8066,39.8941],[32.809,39.8949],[32.8106,39.8961],[32.8121,39.8968],[32.8136,39.8972],[32.8125,39.8869],[32.7995,39.889],[32.7978,39.8896],[32.7952,39.8908],[32.794,39.8916],[32.793,39.8927],[32.7901,39.8985],[32.7935,39.8995],[32.7983,39.9014],[32.8003,39.8987],[32.8012,39.8978],[32.8007,39.8976],[32.8002,39.8964],[32.8002,39.8958],[32.8014,39.8956],[32.8037,39.8945],[32.8037,39.8941]]]]}},{"type":"Feature","properties":{"id":"cankaya-emek"},"geometry":{"type":"MultiPolygon","coordinates":[[[[32.8272,39.9171],[32.8283,39.9171],[32.8288,39.9158],[32.8241,39.9149],[32.8145,39.9127],[32.8138,39.9192],[32.8139,39.9204],[32.8143,39.9225],[32.8148,39.9244],[32.8165,39.9275],[32.8194,39.9314],[32.8228,39.9326],[32.823,39.931],[32.8231,39.9283],[32.8224,39.9223],[32.8246,39.9173],[32.8272,39.9171]]]]}},{"type":"Feature","properties":{"id":"cankaya-sokullu-mehmet-pasa"},"geometry":{"type":"MultiPolygon","coordinates":[[[[32.8369,39.8842],[32.8367,39.8837],[32.8359,39.8841],[32.8335,39.8869],[32.8313,39.8921],[32.8315,39.8941],[32.8304,39.8943],[32.8297,39.8949],[32.8322,39.8961],[32.8344,39.8965],[32.8346,39.8945],[32.8351,39.8915],[32.8367,39.8882],[32.8371,39.8849],[32.8369,39.8842]]]]}},{"type":"Feature","properties":{"id":"cankaya-ayranci"},"geometry":{"type":"MultiPolygon","coordinates":[[[[32.8482,39.9052],[32.8529,39.9051],[32.8528,39.9032],[32.8533,39.9014],[32.8534,39.9001],[32.8504,39.8998],[32.8501,39.8996],[32.849,39.8981],[32.8485,39.8969],[32.8479,39.8962],[32.8474,39.8954],[32.8472,39.8942],[32.8471,39.8905],[32.8468,39.8888],[32.845,39.8887],[32.845,39.8897],[32.8438,39.8898],[32.8439,39.8884],[32.8436,39.8887],[32.8435,39.8898],[32.8438,39.8911],[32.8438,39.8935],[32.8443,39.8967],[32.8449,39.8969],[32.8453,39.8988],[32.8432,39.8991],[32.8466,39.9054],[32.8482,39.9052]]]]}},{"type":"Feature","properties":{"id":"cankaya-cayyolu"},"geometry":{"type":"MultiPolygon","coordinates":[[[[32.6905,39.8936],[32.6951,39.891],[32.6962,39.8912],[32.6974,39.8901],[32.6981,39.8888],[32.6991,39.8882],[32.6989,39.8878],[32.6992,39.8876],[32.6996,39.8876],[32.7001,39.8882],[32.7024,39.8871],[32.7045,39.8863],[32.7052,39.8858],[32.7065,39.8856],[32.7068,39.8865],[32.7071,39.8865],[32.7075,39.8873],[32.7081,39.8876],[32.7087,39.8875],[32.7095,39.8872],[32.7096,39.8865],[32.7091,39.8863],[32.7102,39.8849],[32.7097,39.8834],[32.7088,39.8831],[32.7101,39.8823],[32.7113,39.881],[32.7079,39.8779],[32.7064,39.877],[32.7043,39.876],[32.7022,39.8757],[32.6997,39.8749],[32.6975,39.8738],[32.696,39.8734],[32.6953,39.8734],[32.6912,39.8739],[32.6897,39.874],[32.6899,39.8745],[32.6895,39.8745],[32.69,39.8758],[32.6904,39.8777],[32.6914,39.8781],[32.6907,39.8791],[32.6922,39.8797],[32.693,39.8812],[32.6927,39.8815],[32.6913,39.8815],[32.6911,39.882],[32.6899,39.8822],[32.6902,39.8835],[32.69,39.884],[32.6926,39.885],[32.6907,39.8855],[32.6887,39.8864],[32.6882,39.8872],[32.69,39.8886],[32.6893,39.8891],[32.6898,39.8894],[32.6898,39.8934],[32.69,39.8936],[32.6905,39.8936]]]]}},{"type":"Feature","properties":{"id":"cankaya-asikpasa"},"geometry":{"type":"MultiPolygon","coordinates":[[[[32.8819,39.9114],[32.8853,39.9108],[32.8867,39.91],[32.8858,39.9091],[32.8854,39.9075],[32.8843,39.9044],[32.8826,39.9044],[32.8806,39.9034],[32.8806,39.9021],[32.8804,39.9018],[32.8796,39.9034],[32.8796,39.9038],[32.8804,39.9053],[32.8796,39.9056],[32.8789,39.9056],[32.8778,39.9066],[32.878,39.9074],[32.879,39.9081],[32.8799,39.9092],[32.88,39.91],[32.8795,39.9105],[32.8819,39.9114]]]]}},{"type":"Feature","properties":{"id":"cankaya-mustafa-kemal"},"geometry":{"type":"MultiPolygon","coordinates":[[[[32.7833,39.9166],[32.7844,39.9159],[32.7851,39.9152],[32.786,39.9135],[32.7861,39.9087],[32.7776,39.9082],[32.7339,39.9065],[32.7344,39.9074],[32.7345,39.9081],[32.7328,39.9109],[32.7343,39.9115],[32.7366,39.9122],[32.7444,39.9126],[32.7472,39.913],[32.7536,39.9149],[32.755,39.9151],[32.7686,39.9168],[32.7708,39.9169],[32.7743,39.9165],[32.7757,39.9166],[32.7766,39.9168],[32.7801,39.9182],[32.7833,39.9166]]]]}},{"type":"Feature","properties":{"id":"cankaya-mutlukent"},"geometry":{"type":"MultiPolygon","coordinates":[[[[32.7197,39.8878],[32.721,39.8875],[32.7213,39.8863],[32.7207,39.8864],[32.7194,39.8861],[32.7186,39.8855],[32.7184,39.8858],[32.7154,39.8848],[32.7151,39.8845],[32.7166,39.883],[32.7191,39.8828],[32.7187,39.8819],[32.7176,39.8806],[32.7188,39.8796],[32.72,39.8808],[32.722,39.8792],[32.721,39.8779],[32.7218,39.8773],[32.7218,39.8772],[32.7214,39.8764],[32.7207,39.8757],[32.7214,39.8754],[32.7218,39.8741],[32.7203,39.8729],[32.722,39.8719],[32.7235,39.8719],[32.7236,39.8717],[32.7226,39.8704],[32.7224,39.8698],[32.7219,39.8695],[32.7224,39.8683],[32.7178,39.867],[32.7142,39.8663],[32.7107,39.8683],[32.7105,39.8686],[32.7112,39.869],[32.7114,39.8695],[32.7101,39.8707],[32.7109,39.8713],[32.7112,39.8716],[32.7111,39.872],[32.7106,39.8721],[32.7085,39.8717],[32.7084,39.8713],[32.7092,39.8704],[32.7089,39.8702],[32.7079,39.8712],[32.7059,39.8719],[32.7034,39.8716],[32.7032,39.8713],[32.7022,39.8721],[32.6997,39.8748],[32.6997,39.8749],[32.7012,39.8754],[32.7047,39.8761],[32.7064,39.877],[32.7079,39.8779],[32.7113,39.881],[32.7101,39.8823],[32.7088,39.8831],[32.7097,39.8834],[32.7102,39.8849],[32.7091,39.8863],[32.7096,39.8865],[32.7095,39.8872],[32.7087,39.8875],[32.7081,39.8876],[32.7075,39.8873],[32.7071,39.8865],[32.7068,39.8865],[32.7065,39.8856],[32.7052,39.8858],[32.7045,39.8863],[32.7024,39.8871],[32.7011,39.8878],[32.7015,39.8888],[32.7021,39.892],[32.7033,39.8947],[32.7076,39.9009],[32.7111,39.9049],[32.7112,39.9057],[32.7318,39.9065],[32.732,39.9058],[32.7324,39.9055],[32.7328,39.905],[32.7337,39.8969],[32.728,39.8936],[32.7243,39.8921],[32.7222,39.8909],[32.7193,39.888],[32.7197,39.8878]]]]}},{"type":"Feature","properties":{"id":"golbasi-dikilitas"},"geometry":{"type":"MultiPolygon","coordinates":[[[[32.7505,39.5944],[32.7446,39.585],[32.7439,39.5852],[32.7435,39.5842],[32.7439,39.5839],[32.7425,39.5817],[32.7413,39.5768],[32.7423,39.5692],[32.7423,39.5678],[32.7426,39.5669],[32.7426,39.5529],[32.7379,39.5404],[32.7435,39.5339],[32.751,39.5257],[32.7518,39.522],[32.7518,39.5174],[32.7499,39.5088],[32.7523,39.5079],[32.7519,39.4947],[32.7424,39.4883],[32.7385,39.4923],[32.7322,39.4915],[32.7253,39.4979],[32.7236,39.5029],[32.7227,39.5031],[32.7211,39.5029],[32.721,39.5022],[32.7107,39.4995],[32.7103,39.5],[32.7083,39.501],[32.7053,39.5005],[32.6987,39.5033],[32.6957,39.5054],[32.6959,39.5091],[32.6913,39.5095],[32.69,39.5099],[32.6881,39.5111],[32.688,39.5114],[32.6873,39.5112],[32.6857,39.513],[32.6833,39.5142],[32.6832,39.5138],[32.6822,39.5139],[32.6805,39.5146],[32.6809,39.5162],[32.6805,39.5162],[32.6806,39.517],[32.6792,39.5165],[32.6785,39.5177],[32.678,39.5164],[32.6785,39.5156],[32.678,39.515],[32.6769,39.5143],[32.6767,39.5133],[32.6763,39.5133],[32.6756,39.5127],[32.6748,39.5125],[32.6744,39.5133],[32.6713,39.5125],[32.671,39.5134],[32.6683,39.5124],[32.6679,39.5136],[32.6675,39.5135],[32.6676,39.514],[32.667,39.5141],[32.6642,39.5131],[32.6617,39.5125],[32.6609,39.5149],[32.6617,39.5151],[32.6623,39.5214],[32.6606,39.5472],[32.6585,39.5595],[32.6585,39.5596],[32.6584,39.5595],[32.6536,39.5614],[32.6511,39.5621],[32.6506,39.5629],[32.6513,39.5644],[32.6516,39.5658],[32.6523,39.5657],[32.6519,39.5678],[32.6544,39.5677],[32.6553,39.5654],[32.6568,39.5658],[32.6586,39.5658],[32.6585,39.5651],[32.6602,39.5647],[32.6607,39.5642],[32.6624,39.5645],[32.6652,39.5647],[32.672,39.5647],[32.6774,39.5711],[32.6773,39.5736],[32.6813,39.577],[32.6898,39.5793],[32.706,39.5857],[32.7139,39.5884],[32.7172,39.5917],[32.7244,39.5913],[32.7264,39.588],[32.7293,39.5906],[32.7364,39.5924],[32.7394,39.5954],[32.7413,39.5981],[32.7446,39.5987],[32.7452,39.5995],[32.7518,39.596],[32.7505,39.5944]]]]}},{"type":"Feature","properties":{"id":"golbasi-celtek"},"geometry":{"type":"MultiPolygon","coordinates":[[[[32.8826,39.2658],[32.8817,39.2648],[32.8817,39.2638],[32.8799,39.2618],[32.8768,39.2598],[32.873,39.2569],[32.8719,39.2553],[32.8697,39.2555],[32.8648,39.2585],[32.8626,39.2588],[32.838,39.257],[32.8412,39.262],[32.8349,39.2773],[32.8398,39.2832],[32.84,39.2842],[32.8434,39.2885],[32.8457,39.2919],[32.8494,39.2958],[32.8543,39.2983],[32.8563,39.3003],[32.8582,39.3004],[32.8612,39.302],[32.8849,39.3065],[32.8968,39.2903],[32.8966,39.2878],[32.8955,39.2865],[32.8948,39.2842],[32.8933,39.2803],[32.8926,39.2784],[32.8922,39.2768],[32.8916,39.2732],[32.8826,39.2658]]]]}},{"type":"Feature","properties":{"id":"golbasi-gokcehuyuk"},"geometry":{"type":"MultiPolygon","coordinates":[[[[32.7652,39.684],[32.7661,39.6838],[32.7724,39.6839],[32.7724,39.6805],[32.7734,39.6782],[32.7736,39.6769],[32.7728,39.674],[32.7714,39.672],[32.7696,39.6682],[32.7695,39.6673],[32.7706,39.6666],[32.7705,39.665],[32.7699,39.6645],[32.7696,39.6636],[32.771,39.6593],[32.7715,39.6566],[32.772,39.6555],[32.7731,39.654],[32.7739,39.6524],[32.7735,39.6497],[32.7744,39.6473],[32.774,39.6432],[32.7721,39.6368],[32.7711,39.6345],[32.7716,39.6341],[32.772,39.633],[32.7703,39.6305],[32.7689,39.6288],[32.7668,39.6272],[32.7653,39.6249],[32.7632,39.625],[32.7618,39.6243],[32.7569,39.6224],[32.75,39.6204],[32.7458,39.619],[32.7431,39.6184],[32.7361,39.6183],[32.7255,39.6199],[32.7244,39.6205],[32.7195,39.6214],[32.7176,39.6204],[32.7126,39.622],[32.709,39.6236],[32.7079,39.6221],[32.7072,39.6203],[32.7064,39.6206],[32.6954,39.6181],[32.6897,39.6212],[32.6905,39.6284],[32.6895,39.6284],[32.6904,39.6287],[32.6917,39.6348],[32.6928,39.6382],[32.694,39.6445],[32.6951,39.6482],[32.6962,39.6484],[32.6982,39.6529],[32.6985,39.6528],[32.6989,39.6569],[32.6995,39.6569],[32.6996,39.6577],[32.7008,39.6575],[32.7007,39.657],[32.7013,39.657],[32.7015,39.658],[32.703,39.6577],[32.7028,39.6589],[32.7002,39.6589],[32.7005,39.6604],[32.7005,39.6617],[32.701,39.6619],[32.7016,39.6626],[32.7015,39.6635],[32.7035,39.664],[32.7054,39.6639],[32.7063,39.6642],[32.7047,39.6655],[32.7045,39.6666],[32.7057,39.6677],[32.706,39.6685],[32.71,39.6688],[32.7098,39.6704],[32.7112,39.6706],[32.7119,39.6716],[32.7131,39.671],[32.7137,39.6722],[32.7144,39.6719],[32.7144,39.6728],[32.7153,39.6739],[32.7153,39.6745],[32.7159,39.676],[32.7157,39.6763],[32.7159,39.6768],[32.717,39.6767],[32.718,39.6773],[32.7185,39.6789],[32.7188,39.6805],[32.7207,39.6803],[32.7208,39.681],[32.7227,39.6797],[32.7249,39.6791],[32.7249,39.6789],[32.7258,39.6787],[32.7279,39.6785],[32.7279,39.68],[32.7285,39.6799],[32.7289,39.6812],[32.731,39.6811],[32.7315,39.6808],[32.7319,39.6809],[32.732,39.6804],[32.7339,39.68],[32.7339,39.681],[32.7364,39.6808],[32.7379,39.6802],[32.7382,39.6809],[32.7403,39.6805],[32.7415,39.6801],[32.7414,39.6797],[32.741,39.6794],[32.7413,39.6793],[32.7412,39.6791],[32.7441,39.6786],[32.7471,39.6786],[32.7471,39.6783],[32.758,39.678],[32.7584,39.6799],[32.7589,39.6811],[32.7614,39.6811],[32.7614,39.682],[32.7628,39.6818],[32.764,39.6843],[32.7652,39.684]]]]}},{"type":"Feature","properties":{"id":"golbasi-bahcelievler"},"geometry":{"type":"MultiPolygon","coordinates":[[[[32.8067,39.7925],[32.8132,39.7895],[32.8146,39.7892],[32.8176,39.7889],[32.8193,39.7884],[32.826,39.7858],[32.8295,39.7847],[32.8335,39.783],[32.8322,39.7814],[32.8311,39.7815],[32.8309,39.7786],[32.8315,39.7767],[32.834,39.7777],[32.8358,39.7778],[32.8413,39.7732],[32.8434,39.7704],[32.8424,39.7687],[32.8397,39.763],[32.8305,39.7473],[32.8253,39.7404],[32.8204,39.7418],[32.8206,39.7428],[32.8195,39.743],[32.8192,39.7422],[32.8043,39.7466],[32.8046,39.7759],[32.8042,39.7821],[32.8044,39.7836],[32.8067,39.7925]]]]}},{"type":"Feature","properties":{"id":"golbasi-eymir"},"geometry":{"type":"MultiPolygon","coordinates":[[[[32.8205,39.8135],[32.822,39.8134],[32.8361,39.8138],[32.8447,39.808],[32.8504,39.8025],[32.8518,39.8017],[32.8541,39.8018],[32.8565,39.8025],[32.8578,39.8023],[32.86,39.8024],[32.8614,39.7999],[32.8621,39.7984],[32.8622,39.7973],[32.8619,39.7953],[32.8628,39.7934],[32.8636,39.7912],[32.8617,39.7916],[32.8607,39.7915],[32.8525,39.7899],[32.8492,39.7893],[32.8442,39.7878],[32.8429,39.7872],[32.8401,39.7865],[32.8394,39.7861],[32.838,39.7845],[32.8368,39.7865],[32.835,39.7883],[32.8313,39.7888],[32.8269,39.7918],[32.8248,39.7926],[32.8231,39.7931],[32.819,39.7932],[32.8186,39.7933],[32.8176,39.7942],[32.817,39.7953],[32.8159,39.7981],[32.8155,39.7986],[32.8149,39.799],[32.8123,39.7999],[32.8139,39.8027],[32.8144,39.805],[32.8158,39.8073],[32.8162,39.8076],[32.8166,39.8104],[32.8162,39.8107],[32.8164,39.8112],[32.8171,39.812],[32.8167,39.8122],[32.8164,39.812],[32.8146,39.8141],[32.8205,39.8135]]]]}},{"type":"Feature","properties":{"id":"golbasi-hacihasan"},"geometry":{"type":"MultiPolygon","coordinates":[[[[32.757,39.7478],[32.754,39.7421],[32.7536,39.741],[32.7533,39.7395],[32.7543,39.7394],[32.7555,39.739],[32.7566,39.7381],[32.7577,39.7377],[32.7614,39.7377],[32.7624,39.7376],[32.7632,39.7373],[32.7643,39.7364],[32.7658,39.7359],[32.7665,39.7359],[32.7678,39.7353],[32.77,39.7349],[32.7715,39.7353],[32.7738,39.7353],[32.7746,39.735],[32.7752,39.7345],[32.776,39.7344],[32.7785,39.7349],[32.7797,39.7349],[32.7813,39.7361],[32.7846,39.7371],[32.7853,39.7341],[32.7848,39.7321],[32.7846,39.732],[32.7848,39.7325],[32.7823,39.7327],[32.7823,39.7319],[32.7808,39.7315],[32.7799,39.7317],[32.779,39.7323],[32.778,39.7326],[32.777,39.7325],[32.7773,39.73],[32.7759,39.73],[32.7759,39.7292],[32.7754,39.7294],[32.775,39.7289],[32.7726,39.7282],[32.7703,39.7255],[32.7696,39.7264],[32.768,39.7276],[32.7668,39.7272],[32.766,39.7272],[32.765,39.7272],[32.7635,39.7276],[32.7616,39.7286],[32.7601,39.7297],[32.759,39.7301],[32.7595,39.732],[32.7557,39.7362],[32.7553,39.7376],[32.7523,39.7384],[32.751,39.7385],[32.7497,39.7382],[32.7491,39.7386],[32.7496,39.7388],[32.7496,39.7401],[32.748,39.7408],[32.7442,39.7415],[32.7442,39.7422],[32.7444,39.7429],[32.7441,39.743],[32.7438,39.7435],[32.7443,39.7442],[32.7431,39.746],[32.7433,39.746],[32.7429,39.7466],[32.7432,39.7467],[32.7429,39.747],[32.7426,39.747],[32.7421,39.7476],[32.7426,39.748],[32.7428,39.7477],[32.7471,39.7527],[32.7485,39.7532],[32.752,39.7538],[32.7517,39.7546],[32.752,39.7582],[32.7587,39.7542],[32.7601,39.7538],[32.757,39.7478]]]]}},{"type":"Feature","properties":{"id":"golbasi-gaziosmanpasa"},"geometry":{"type":"MultiPolygon","coordinates":[[[[32.8063,39.7962],[32.8067,39.7942],[32.8066,39.7923],[32.8063,39.7904],[32.8044,39.7836],[32.8042,39.7821],[32.8046,39.7759],[32.8043,39.7449],[32.8045,39.7437],[32.8051,39.7411],[32.806,39.7388],[32.8056,39.7387],[32.8017,39.7387],[32.8012,39.7388],[32.8007,39.7387],[32.7994,39.7392],[32.7979,39.7394],[32.7961,39.7388],[32.7931,39.7386],[32.7895,39.7386],[32.7813,39.7361],[32.7812,39.7383],[32.7993,39.794],[32.8007,39.7949],[32.801,39.7953],[32.8012,39.7959],[32.8021,39.7957],[32.803,39.8054],[32.804,39.8062],[32.8063,39.7962]]]]}},{"type":"Feature","properties":{"id":"golbasi-boyalik"},"geometry":{"type":"MultiPolygon","coordinates":[[[[32.6785,39.5177],[32.6792,39.5165],[32.6806,39.517],[32.6805,39.5162],[32.6809,39.5162],[32.6805,39.5146],[32.6822,39.5139],[32.6832,39.5138],[32.6833,39.5142],[32.6857,39.513],[32.6873,39.5112],[32.688,39.5114],[32.6881,39.5111],[32.69,39.5099],[32.6913,39.5095],[32.6959,39.5091],[32.6957,39.5054],[32.6987,39.5033],[32.7053,39.5005],[32.7083,39.501],[32.7103,39.5],[32.7107,39.4995],[32.721,39.5022],[32.7211,39.5029],[32.7227,39.5031],[32.7236,39.5029],[32.7253,39.4979],[32.7253,39.4904],[32.7223,39.4879],[32.7239,39.4855],[32.7167,39.4799],[32.7044,39.4756],[32.7054,39.4726],[32.6995,39.4721],[32.6979,39.4691],[32.7004,39.4662],[32.6931,39.4647],[32.6823,39.4587],[32.676,39.4598],[32.6717,39.4572],[32.6708,39.4544],[32.6564,39.4541],[32.6564,39.4528],[32.6532,39.4498],[32.6488,39.4505],[32.6469,39.4478],[32.6485,39.4466],[32.644,39.4449],[32.6388,39.4481],[32.6412,39.4494],[32.6404,39.4515],[32.6386,39.4509],[32.6284,39.4531],[32.6277,39.4569],[32.6224,39.4555],[32.62,39.4573],[32.6195,39.4572],[32.6195,39.458],[32.6179,39.4579],[32.618,39.4583],[32.6187,39.4583],[32.6182,39.4591],[32.6181,39.46],[32.6176,39.4601],[32.6175,39.4604],[32.616,39.4603],[32.6159,39.4609],[32.615,39.4611],[32.6152,39.4613],[32.6143,39.4615],[32.6136,39.4623],[32.6147,39.4622],[32.6148,39.4634],[32.6149,39.4635],[32.6152,39.4649],[32.6112,39.4654],[32.614,39.4714],[32.6137,39.4753],[32.6143,39.4791],[32.6153,39.4826],[32.615,39.4848],[32.6202,39.4877],[32.6182,39.491],[32.6219,39.4927],[32.6236,39.4925],[32.6258,39.4941],[32.6258,39.4969],[32.6266,39.4987],[32.6268,39.5001],[32.6262,39.5008],[32.6276,39.5026],[32.6299,39.5044],[32.6297,39.5052],[32.6305,39.5071],[32.6324,39.507],[32.636,39.5061],[32.6368,39.5055],[32.6375,39.506],[32.6388,39.5084],[32.6393,39.51],[32.6409,39.5093],[32.6425,39.5089],[32.6441,39.5067],[32.6457,39.5064],[32.6477,39.507],[32.6478,39.508],[32.6498,39.509],[32.6525,39.5096],[32.6522,39.5106],[32.6547,39.5111],[32.6568,39.5113],[32.659,39.5121],[32.6569,39.5134],[32.6582,39.514],[32.6609,39.5149],[32.6617,39.5125],[32.6642,39.5131],[32.667,39.5141],[32.6676,39.514],[32.6675,39.5135],[32.6679,39.5136],[32.6683,39.5124],[32.671,39.5134],[32.6713,39.5125],[32.6744,39.5133],[32.6748,39.5125],[32.6756,39.5127],[32.6763,39.5133],[32.6767,39.5133],[32.6769,39.5143],[32.678,39.515],[32.6785,39.5156],[32.678,39.5164],[32.6785,39.5177]]]]}},{"type":"Feature","properties":{"id":"golbasi-tulumtas"},"geometry":{"type":"MultiPolygon","coordinates":[[[[32.6657,39.7886],[32.6681,39.7885],[32.6697,39.7886],[32.6696,39.7876],[32.6699,39.7867],[32.6707,39.7855],[32.6723,39.784],[32.6761,39.7816],[32.6772,39.779],[32.6777,39.7784],[32.6785,39.7781],[32.6793,39.7781],[32.6808,39.7786],[32.6832,39.774],[32.6836,39.7737],[32.6838,39.7731],[32.6879,39.7706],[32.6865,39.7705],[32.6862,39.77],[32.6868,39.7695],[32.6904,39.7685],[32.6888,39.7679],[32.6856,39.7663],[32.6858,39.7653],[32.6834,39.7651],[32.6833,39.7643],[32.6864,39.7636],[32.6854,39.7618],[32.686,39.7614],[32.6863,39.7606],[32.6878,39.7606],[32.6894,39.7602],[32.6911,39.7602],[32.6909,39.759],[32.6906,39.7586],[32.6917,39.7582],[32.6902,39.7563],[32.6909,39.7556],[32.692,39.7551],[32.6916,39.7543],[32.6948,39.7527],[32.6966,39.7522],[32.6988,39.7503],[32.7003,39.7496],[32.7026,39.7475],[32.6993,39.7452],[32.6927,39.7434],[32.6898,39.7415],[32.687,39.74],[32.6864,39.7399],[32.6857,39.7405],[32.685,39.7406],[32.681,39.7404],[32.6749,39.7413],[32.6731,39.7408],[32.6696,39.7413],[32.6692,39.7403],[32.6679,39.7394],[32.667,39.7399],[32.6668,39.7397],[32.666,39.7406],[32.6652,39.7397],[32.6645,39.7399],[32.6644,39.7397],[32.6632,39.7397],[32.6633,39.7394],[32.6601,39.7381],[32.6601,39.7378],[32.6596,39.7376],[32.6576,39.7397],[32.6568,39.7408],[32.6552,39.7407],[32.6529,39.7398],[32.6469,39.7393],[32.6467,39.7391],[32.6459,39.7393],[32.6454,39.739],[32.645,39.7385],[32.6442,39.738],[32.6436,39.7371],[32.6414,39.7356],[32.6411,39.7352],[32.6417,39.7348],[32.6409,39.7343],[32.6393,39.7356],[32.6387,39.7353],[32.6385,39.7344],[32.639,39.7342],[32.638,39.7329],[32.6354,39.733],[32.6331,39.7326],[32.6318,39.7303],[32.6314,39.7304],[32.631,39.7298],[32.6287,39.7306],[32.628,39.7298],[32.6232,39.7383],[32.6237,39.7392],[32.6228,39.7407],[32.6214,39.7411],[32.6223,39.7436],[32.6206,39.7478],[32.6212,39.7494],[32.6216,39.7553],[32.6217,39.7599],[32.6294,39.7648],[32.631,39.7692],[32.6336,39.7681],[32.6374,39.77],[32.638,39.7732],[32.6402,39.7741],[32.6421,39.7755],[32.6412,39.7761],[32.6446,39.7771],[32.6455,39.7781],[32.6484,39.7797],[32.6484,39.7807],[32.6549,39.7814],[32.6586,39.7841],[32.6603,39.7837],[32.6643,39.7846],[32.6657,39.7886]]]]}},{"type":"Feature","properties":{"id":"golbasi-cimsit"},"geometry":{"type":"MultiPolygon","coordinates":[[[[32.926,39.4535],[32.9252,39.4514],[32.9248,39.4514],[32.9246,39.4501],[32.9231,39.4455],[32.923,39.4434],[32.9233,39.4413],[32.9229,39.4391],[32.9223,39.4387],[32.9171,39.4368],[32.9134,39.434],[32.9118,39.4333],[32.9103,39.4328],[32.9073,39.4323],[32.9062,39.4316],[32.9051,39.4265],[32.9034,39.425],[32.9027,39.4234],[32.9031,39.4225],[32.9032,39.4212],[32.901,39.4178],[32.9006,39.4166],[32.9001,39.4142],[32.8993,39.413],[32.898,39.4125],[32.8924,39.4118],[32.8924,39.4121],[32.8902,39.4119],[32.8895,39.4117],[32.8872,39.4121],[32.8869,39.4111],[32.8861,39.4111],[32.8856,39.4101],[32.8813,39.4094],[32.8798,39.409],[32.878,39.4081],[32.8775,39.4078],[32.8777,39.4076],[32.8764,39.4069],[32.8757,39.4068],[32.8748,39.4076],[32.8727,39.4083],[32.8723,39.4077],[32.8709,39.4066],[32.8712,39.4062],[32.8684,39.4047],[32.8674,39.4037],[32.8672,39.4037],[32.8654,39.3976],[32.8456,39.3916],[32.843,39.3896],[32.8423,39.3901],[32.8395,39.3907],[32.8375,39.3905],[32.8357,39.3901],[32.8357,39.3926],[32.8354,39.3953],[32.8336,39.4015],[32.8329,39.4061],[32.8306,39.4085],[32.8293,39.4104],[32.8293,39.4141],[32.8287,39.4141],[32.8288,39.4149],[32.8268,39.415],[32.8268,39.4149],[32.8257,39.4149],[32.8259,39.4151],[32.8243,39.4149],[32.8238,39.4153],[32.8297,39.4176],[32.8304,39.424],[32.8327,39.4286],[32.8366,39.4324],[32.8356,39.4352],[32.837,39.4368],[32.8399,39.437],[32.8442,39.4393],[32.8475,39.4434],[32.8442,39.4447],[32.8465,39.4468],[32.8584,39.4486],[32.86,39.4503],[32.8841,39.456],[32.8824,39.4591],[32.8887,39.4614],[32.888,39.4632],[32.8903,39.466],[32.8976,39.4693],[32.9035,39.4711],[32.9144,39.4647],[32.922,39.4612],[32.9226,39.4591],[32.9253,39.4589],[32.9299,39.4553],[32.9306,39.4551],[32.926,39.4535]]]]}},{"type":"Feature","properties":{"id":"golbasi-hacilar"},"geometry":{"type":"MultiPolygon","coordinates":[[[[32.7452,39.7834],[32.7409,39.7768],[32.739,39.7753],[32.7382,39.7744],[32.7376,39.7729],[32.7371,39.7723],[32.7356,39.7695],[32.7329,39.7662],[32.7325,39.7648],[32.7348,39.7647],[32.7379,39.7635],[32.7415,39.7626],[32.7459,39.7617],[32.7485,39.7615],[32.7496,39.7616],[32.749,39.7606],[32.7509,39.7591],[32.7512,39.7587],[32.752,39.7582],[32.7517,39.7546],[32.752,39.7538],[32.7485,39.7532],[32.7471,39.7527],[32.7428,39.7477],[32.7426,39.748],[32.7398,39.7454],[32.7403,39.7441],[32.737,39.7443],[32.7369,39.7434],[32.7264,39.7444],[32.7257,39.7466],[32.7238,39.7467],[32.7241,39.7476],[32.7221,39.7479],[32.7214,39.746],[32.7186,39.7467],[32.7174,39.7473],[32.7169,39.7458],[32.7126,39.7467],[32.7121,39.7463],[32.7096,39.7469],[32.7097,39.7472],[32.7096,39.7473],[32.7094,39.7472],[32.7083,39.7473],[32.7058,39.7473],[32.7055,39.7474],[32.7048,39.7473],[32.7046,39.7476],[32.7043,39.7477],[32.7039,39.7481],[32.7026,39.7475],[32.7003,39.7496],[32.6988,39.7503],[32.6966,39.7522],[32.6948,39.7527],[32.6916,39.7543],[32.692,39.7551],[32.6909,39.7556],[32.6902,39.7563],[32.6917,39.7582],[32.6906,39.7586],[32.6909,39.759],[32.6911,39.7602],[32.6894,39.7602],[32.6878,39.7606],[32.6863,39.7606],[32.686,39.7614],[32.6854,39.7618],[32.6864,39.7636],[32.6833,39.7643],[32.6834,39.7651],[32.6858,39.7653],[32.6856,39.7663],[32.6888,39.7679],[32.6904,39.7685],[32.6868,39.7695],[32.6862,39.77],[32.6865,39.7705],[32.6879,39.7706],[32.6838,39.7731],[32.6836,39.7737],[32.6832,39.774],[32.6808,39.7786],[32.6834,39.7801],[32.6844,39.7798],[32.6863,39.7797],[32.6882,39.7797],[32.6907,39.7802],[32.6923,39.7801],[32.6934,39.7806],[32.6949,39.7801],[32.6963,39.7816],[32.6951,39.7819],[32.6968,39.7829],[32.6962,39.7834],[32.6948,39.7839],[32.6964,39.7851],[32.6987,39.7861],[32.6983,39.7873],[32.7013,39.7885],[32.703,39.79],[32.7074,39.7922],[32.7095,39.7949],[32.7107,39.7953],[32.7109,39.7956],[32.7111,39.7969],[32.7106,39.798],[32.7113,39.7981],[32.7125,39.7987],[32.713,39.7973],[32.713,39.7947],[32.717,39.7941],[32.7187,39.7937],[32.7348,39.7916],[32.7366,39.7911],[32.7383,39.7903],[32.7412,39.7876],[32.7477,39.7873],[32.7452,39.7834]]]]}},{"type":"Feature","properties":{"id":"golbasi-kizilcasar"},"geometry":{"type":"MultiPolygon","coordinates":[[[[32.7392,39.8286],[32.7442,39.8293],[32.7476,39.8308],[32.7487,39.829],[32.7502,39.8242],[32.7506,39.8242],[32.7531,39.8231],[32.7529,39.8221],[32.7517,39.8193],[32.7531,39.8181],[32.7535,39.8173],[32.7535,39.8169],[32.753,39.8151],[32.7528,39.8098],[32.7514,39.8067],[32.7512,39.8033],[32.7497,39.8009],[32.7514,39.8002],[32.7538,39.8002],[32.7505,39.7943],[32.7499,39.7923],[32.7498,39.7907],[32.7477,39.7873],[32.7412,39.7876],[32.7383,39.7903],[32.7366,39.7911],[32.7348,39.7916],[32.7187,39.7937],[32.717,39.7941],[32.713,39.7947],[32.713,39.7973],[32.7116,39.8015],[32.7116,39.8053],[32.7109,39.8091],[32.7111,39.8111],[32.7109,39.8128],[32.7111,39.8164],[32.711,39.8183],[32.7113,39.819],[32.7099,39.8233],[32.709,39.8246],[32.7115,39.8248],[32.7127,39.8255],[32.7139,39.8257],[32.7142,39.8265],[32.7144,39.8293],[32.7109,39.8317],[32.7133,39.8322],[32.7183,39.8338],[32.7295,39.8341],[32.7314,39.8329],[32.7329,39.8315],[32.7336,39.8308],[32.7339,39.8295],[32.7351,39.8295],[32.7377,39.8288],[32.7392,39.8286]]]]}},{"type":"Feature","properties":{"id":"golbasi-oyaca-akarsu"},"geometry":{"type":"MultiPolygon","coordinates":[[[[32.6015,39.5799],[32.6032,39.5805],[32.6023,39.5819],[32.6065,39.5848],[32.615,39.5862],[32.6127,39.5835],[32.6117,39.5827],[32.6112,39.582],[32.6113,39.5808],[32.6122,39.5798],[32.6133,39.5792],[32.6168,39.5799],[32.6205,39.5817],[32.63,39.5689],[32.6516,39.5658],[32.6513,39.5644],[32.6506,39.5629],[32.6511,39.5621],[32.6536,39.5614],[32.6584,39.5595],[32.6568,39.5562],[32.6542,39.553],[32.6524,39.5487],[32.6517,39.5479],[32.6478,39.5447],[32.6453,39.544],[32.6425,39.5428],[32.6407,39.5424],[32.6354,39.5417],[32.6158,39.5398],[32.6083,39.5374],[32.6076,39.537],[32.6017,39.5315],[32.601,39.5313],[32.6011,39.531],[32.6009,39.5307],[32.598,39.529],[32.5962,39.5257],[32.5929,39.5224],[32.5919,39.5212],[32.5902,39.5218],[32.5859,39.5207],[32.583,39.5243],[32.5757,39.5242],[32.574,39.5261],[32.5764,39.5272],[32.5742,39.5309],[32.5705,39.5305],[32.568,39.5329],[32.5635,39.5383],[32.5611,39.5421],[32.5617,39.5458],[32.5617,39.5489],[32.5619,39.551],[32.5633,39.5512],[32.5631,39.5536],[32.5638,39.5549],[32.5637,39.5556],[32.5641,39.5558],[32.5646,39.557],[32.5661,39.5596],[32.5673,39.562],[32.5675,39.5629],[32.5682,39.564],[32.5671,39.5675],[32.5676,39.5674],[32.568,39.5686],[32.5697,39.5716],[32.5744,39.5749],[32.5776,39.5742],[32.5778,39.5745],[32.5784,39.5743],[32.5787,39.5752],[32.5793,39.5751],[32.5797,39.5756],[32.5801,39.5751],[32.5828,39.579],[32.5831,39.5801],[32.5844,39.5874],[32.5846,39.5872],[32.59,39.5858],[32.595,39.5823],[32.6005,39.5813],[32.6015,39.5799]]]]}},{"type":"Feature","properties":{"id":"golbasi-halacli"},"geometry":{"type":"MultiPolygon","coordinates":[[[[32.6232,39.7383],[32.628,39.7298],[32.6301,39.7273],[32.6307,39.7243],[32.6313,39.7236],[32.6319,39.7239],[32.6324,39.7232],[32.6326,39.7233],[32.6329,39.7228],[32.6329,39.7222],[32.6338,39.7223],[32.6335,39.7211],[32.6328,39.721],[32.632,39.7195],[32.6316,39.7193],[32.6317,39.7189],[32.6308,39.7184],[32.6305,39.7176],[32.6299,39.7176],[32.6296,39.7168],[32.6292,39.7165],[32.6295,39.716],[32.6306,39.7158],[32.631,39.7153],[32.6294,39.7146],[32.6296,39.7141],[32.6311,39.7125],[32.6307,39.7121],[32.6322,39.712],[32.6327,39.7112],[32.6337,39.711],[32.6339,39.7116],[32.6343,39.7116],[32.6347,39.7104],[32.6351,39.71],[32.6353,39.7091],[32.635,39.709],[32.6352,39.7071],[32.6348,39.707],[32.635,39.7059],[32.6344,39.7056],[32.6332,39.7056],[32.633,39.7058],[32.6305,39.7057],[32.6306,39.7049],[32.6318,39.7047],[32.6316,39.704],[32.6307,39.7037],[32.6307,39.7028],[32.6315,39.7027],[32.632,39.703],[32.6321,39.7023],[32.6316,39.7024],[32.6313,39.7016],[32.6305,39.7018],[32.6301,39.7006],[32.6266,39.7002],[32.6244,39.7005],[32.622,39.6993],[32.6218,39.6992],[32.624,39.696],[32.6111,39.6909],[32.6101,39.6895],[32.6138,39.6868],[32.6162,39.6818],[32.6157,39.6798],[32.6184,39.679],[32.621,39.6793],[32.6229,39.6804],[32.6244,39.6809],[32.6258,39.6804],[32.6264,39.6779],[32.6231,39.6762],[32.6242,39.6725],[32.6237,39.6703],[32.6245,39.6676],[32.6246,39.6637],[32.6194,39.6665],[32.6157,39.6625],[32.6035,39.6652],[32.5976,39.6634],[32.5917,39.6594],[32.5877,39.6585],[32.5841,39.657],[32.5784,39.6563],[32.5663,39.6666],[32.5688,39.6676],[32.5681,39.6691],[32.5686,39.6711],[32.5675,39.6738],[32.5712,39.6767],[32.5677,39.6788],[32.5694,39.6878],[32.5649,39.6902],[32.5665,39.6931],[32.5633,39.694],[32.5638,39.6987],[32.5705,39.7071],[32.573,39.707],[32.5733,39.709],[32.5749,39.7108],[32.5742,39.7134],[32.5716,39.713],[32.5714,39.7137],[32.5711,39.7143],[32.5719,39.7153],[32.5722,39.7165],[32.5736,39.7186],[32.5744,39.7191],[32.5748,39.7198],[32.577,39.7215],[32.577,39.7233],[32.5807,39.7234],[32.5969,39.7289],[32.599,39.7313],[32.604,39.7314],[32.606,39.7306],[32.6132,39.7305],[32.6159,39.7324],[32.6176,39.7323],[32.6214,39.7354],[32.6232,39.7383]]]]}},{"type":"Feature","properties":{"id":"golbasi-taspinar"},"geometry":{"type":"MultiPolygon","coordinates":[[[[32.7822,39.8338],[32.7831,39.8341],[32.7859,39.8344],[32.7868,39.8342],[32.7876,39.8336],[32.7878,39.8332],[32.7881,39.833],[32.7898,39.832],[32.7904,39.8309],[32.7913,39.8307],[32.7917,39.8301],[32.7922,39.83],[32.7926,39.8296],[32.7939,39.8293],[32.7937,39.8281],[32.7961,39.8278],[32.7959,39.8262],[32.7966,39.821],[32.7854,39.8208],[32.787,39.8184],[32.7837,39.8187],[32.7817,39.8156],[32.7851,39.814],[32.786,39.813],[32.7866,39.8104],[32.7884,39.8094],[32.7891,39.808],[32.7891,39.8063],[32.7886,39.8045],[32.7882,39.8],[32.7885,39.7988],[32.7881,39.7974],[32.784,39.7954],[32.7803,39.7962],[32.7812,39.7938],[32.7759,39.7895],[32.7721,39.7912],[32.7706,39.792],[32.7701,39.792],[32.7698,39.7916],[32.769,39.7915],[32.7677,39.7906],[32.7664,39.7904],[32.763,39.7936],[32.7601,39.7968],[32.7592,39.7979],[32.7581,39.7987],[32.7552,39.8002],[32.7514,39.8002],[32.7497,39.8009],[32.7512,39.8033],[32.7514,39.8067],[32.7528,39.8098],[32.753,39.8151],[32.7535,39.8169],[32.7535,39.8173],[32.7531,39.8181],[32.7517,39.8193],[32.7529,39.8221],[32.7531,39.8231],[32.7506,39.8242],[32.7502,39.8242],[32.7487,39.829],[32.7476,39.8308],[32.7612,39.8361],[32.7625,39.8363],[32.7639,39.8362],[32.7648,39.8357],[32.7651,39.835],[32.7648,39.8328],[32.7653,39.8323],[32.7658,39.8322],[32.77,39.834],[32.7735,39.8372],[32.7748,39.8387],[32.777,39.8381],[32.7773,39.8376],[32.7779,39.8375],[32.7809,39.8347],[32.7815,39.834],[32.7822,39.8338]]]]}},{"type":"Feature","properties":{"id":"golbasi-karagedik-aydin"},"geometry":{"type":"MultiPolygon","coordinates":[[[[32.8002,39.6334],[32.809,39.6293],[32.8109,39.6298],[32.8125,39.6281],[32.8155,39.6287],[32.816,39.6243],[32.8177,39.6243],[32.8178,39.6242],[32.8145,39.6171],[32.8201,39.6161],[32.8207,39.6155],[32.8206,39.6148],[32.8201,39.614],[32.8205,39.6127],[32.8212,39.6115],[32.821,39.6103],[32.8212,39.6101],[32.821,39.6099],[32.8231,39.6089],[32.8249,39.6067],[32.8251,39.6061],[32.8268,39.6064],[32.8321,39.6061],[32.8332,39.6029],[32.8342,39.6015],[32.836,39.6005],[32.8354,39.5992],[32.8362,39.5965],[32.8362,39.5956],[32.8328,39.5951],[32.8315,39.5947],[32.8266,39.5941],[32.8254,39.5938],[32.8235,39.5925],[32.8224,39.5922],[32.82,39.5921],[32.816,39.5929],[32.8143,39.5928],[32.8116,39.5917],[32.8091,39.5904],[32.8081,39.5896],[32.8062,39.5872],[32.8047,39.5839],[32.8045,39.5826],[32.8026,39.5797],[32.8023,39.5782],[32.8022,39.5773],[32.8019,39.5766],[32.8012,39.5761],[32.8005,39.5751],[32.7999,39.5746],[32.7996,39.574],[32.7986,39.5687],[32.7984,39.5653],[32.7987,39.5645],[32.8,39.5632],[32.8046,39.5616],[32.8085,39.5588],[32.8075,39.5587],[32.8079,39.5582],[32.8053,39.5577],[32.8054,39.5567],[32.8039,39.5565],[32.8039,39.5561],[32.8025,39.5563],[32.8015,39.5558],[32.8018,39.5497],[32.7998,39.5493],[32.7948,39.5493],[32.7888,39.5495],[32.7886,39.5489],[32.7854,39.5439],[32.783,39.5395],[32.7815,39.5342],[32.7803,39.5291],[32.7791,39.5182],[32.779,39.5126],[32.7786,39.5118],[32.7771,39.5119],[32.7758,39.5129],[32.7706,39.5139],[32.7686,39.5129],[32.7584,39.5105],[32.7523,39.5079],[32.7499,39.5088],[32.7518,39.5174],[32.7518,39.522],[32.751,39.5257],[32.7435,39.5339],[32.7379,39.5404],[32.7426,39.5529],[32.7426,39.5669],[32.7423,39.5678],[32.7423,39.5692],[32.7413,39.5768],[32.7425,39.5817],[32.7439,39.5839],[32.7435,39.5842],[32.7439,39.5852],[32.7446,39.585],[32.7505,39.5944],[32.7518,39.596],[32.7452,39.5995],[32.7446,39.5987],[32.7413,39.5981],[32.7394,39.5954],[32.7364,39.5924],[32.7293,39.5906],[32.7264,39.588],[32.7244,39.5913],[32.7247,39.5966],[32.7207,39.5999],[32.7244,39.6033],[32.7227,39.6077],[32.7272,39.6186],[32.7255,39.6199],[32.7361,39.6183],[32.7431,39.6184],[32.7458,39.619],[32.75,39.6204],[32.7569,39.6224],[32.7618,39.6243],[32.7632,39.625],[32.7653,39.6249],[32.7668,39.6272],[32.7689,39.6288],[32.7703,39.6305],[32.772,39.633],[32.7771,39.6319],[32.7775,39.6315],[32.7775,39.6312],[32.7788,39.63],[32.7795,39.6298],[32.7814,39.6309],[32.7828,39.6325],[32.7834,39.6327],[32.7867,39.6305],[32.7874,39.6305],[32.7936,39.631],[32.799,39.6336],[32.8002,39.6334]]]]}},{"type":"Feature","properties":{"id":"golbasi-sogulcak"},"geometry":{"type":"MultiPolygon","coordinates":[[[[32.8901,39.5133],[32.8866,39.5106],[32.885,39.5112],[32.8843,39.5113],[32.8826,39.5124],[32.8824,39.5122],[32.88,39.5131],[32.8792,39.512],[32.8782,39.5115],[32.8779,39.5108],[32.8773,39.5108],[32.8774,39.5104],[32.8757,39.5101],[32.8753,39.5111],[32.8738,39.511],[32.8714,39.5103],[32.8704,39.5122],[32.8695,39.5127],[32.8692,39.5119],[32.8688,39.5115],[32.869,39.5102],[32.8687,39.5094],[32.8677,39.5093],[32.867,39.5096],[32.8662,39.5095],[32.864,39.5079],[32.8631,39.5079],[32.8635,39.5092],[32.8628,39.5095],[32.8621,39.5092],[32.8614,39.5099],[32.8606,39.5096],[32.8603,39.51],[32.8614,39.5104],[32.861,39.5112],[32.8592,39.5109],[32.8589,39.5117],[32.8584,39.5123],[32.8576,39.5119],[32.8558,39.5119],[32.8558,39.5121],[32.8546,39.5119],[32.8546,39.5121],[32.8558,39.5132],[32.8562,39.5149],[32.8558,39.515],[32.8562,39.517],[32.857,39.5177],[32.8561,39.5199],[32.8569,39.5201],[32.8572,39.5208],[32.8569,39.521],[32.8582,39.5218],[32.857,39.5228],[32.8573,39.5233],[32.8564,39.5246],[32.8567,39.5264],[32.8581,39.528],[32.8581,39.5291],[32.8588,39.5292],[32.859,39.5302],[32.8603,39.5306],[32.8612,39.5313],[32.86,39.5398],[32.8631,39.5401],[32.868,39.541],[32.8713,39.5395],[32.877,39.5363],[32.8834,39.5356],[32.8893,39.5354],[32.8853,39.5244],[32.8837,39.5231],[32.8843,39.5197],[32.8828,39.5159],[32.8874,39.5138],[32.8901,39.5133]]]]}},{"type":"Feature","properties":{"id":"golbasi-topakli"},"geometry":{"type":"MultiPolygon","coordinates":[[[[32.6369,39.6493],[32.6375,39.6491],[32.6401,39.6491],[32.6401,39.649],[32.641,39.6486],[32.6427,39.6483],[32.6428,39.6478],[32.6448,39.6473],[32.6475,39.6462],[32.6473,39.6459],[32.6477,39.6458],[32.648,39.6463],[32.6514,39.6464],[32.6531,39.6461],[32.6529,39.6456],[32.6535,39.6455],[32.6534,39.645],[32.6545,39.6449],[32.655,39.6465],[32.6565,39.6464],[32.6561,39.6451],[32.662,39.6448],[32.662,39.6447],[32.6658,39.6438],[32.6663,39.6444],[32.6679,39.6439],[32.668,39.6444],[32.6709,39.644],[32.6709,39.6438],[32.6726,39.6433],[32.6729,39.6433],[32.673,39.6434],[32.675,39.6429],[32.6791,39.6423],[32.6798,39.6428],[32.6799,39.6427],[32.6833,39.6438],[32.6831,39.6432],[32.684,39.6421],[32.6852,39.6411],[32.686,39.6408],[32.6863,39.641],[32.6882,39.639],[32.6885,39.6376],[32.693,39.639],[32.6928,39.6379],[32.6917,39.6348],[32.6904,39.6287],[32.6867,39.6273],[32.6841,39.6216],[32.6824,39.6189],[32.6801,39.6127],[32.6819,39.6117],[32.6819,39.6114],[32.6793,39.6085],[32.6786,39.6086],[32.6706,39.6074],[32.6676,39.6071],[32.6675,39.6079],[32.6669,39.6085],[32.663,39.6089],[32.6625,39.6097],[32.6552,39.6079],[32.6549,39.6069],[32.6494,39.6065],[32.6499,39.6038],[32.6459,39.602],[32.6461,39.5993],[32.6416,39.5985],[32.641,39.5979],[32.6428,39.5968],[32.638,39.5956],[32.6367,39.5937],[32.6333,39.5912],[32.6315,39.5912],[32.6292,39.5887],[32.6237,39.5868],[32.6205,39.5817],[32.6168,39.5799],[32.6133,39.5792],[32.6122,39.5798],[32.6113,39.5808],[32.6112,39.582],[32.6117,39.5827],[32.6127,39.5835],[32.615,39.5862],[32.6135,39.5891],[32.6127,39.5918],[32.6133,39.5973],[32.6139,39.5981],[32.615,39.5984],[32.6146,39.602],[32.6135,39.6079],[32.6135,39.6086],[32.6143,39.6105],[32.615,39.6145],[32.6156,39.6167],[32.6157,39.6201],[32.6166,39.6218],[32.6177,39.6228],[32.6185,39.6233],[32.6212,39.6261],[32.622,39.6279],[32.6229,39.6311],[32.6236,39.6319],[32.6241,39.6329],[32.6247,39.6346],[32.6248,39.6356],[32.6251,39.6363],[32.6258,39.6397],[32.6257,39.6402],[32.6252,39.6408],[32.6257,39.6418],[32.6272,39.6436],[32.6293,39.6455],[32.6314,39.6491],[32.6326,39.6506],[32.6367,39.6497],[32.6367,39.6495],[32.6369,39.6493]]]]}},{"type":"Feature","properties":{"id":"golbasi-karaali-yazlik"},"geometry":{"type":"MultiPolygon","coordinates":[[[[32.9301,39.6619],[32.9313,39.6616],[32.9323,39.6618],[32.9328,39.6614],[32.9347,39.6612],[32.9352,39.6607],[32.9357,39.6604],[32.9362,39.6595],[32.9372,39.6589],[32.9377,39.6589],[32.9386,39.658],[32.9405,39.6567],[32.941,39.6558],[32.9438,39.6547],[32.9443,39.6542],[32.9447,39.6531],[32.9457,39.6516],[32.9466,39.651],[32.9478,39.6505],[32.9536,39.6469],[32.9544,39.6461],[32.956,39.6435],[32.9599,39.6406],[32.9634,39.6363],[32.9681,39.6381],[32.9705,39.6368],[32.9718,39.6359],[32.9802,39.6279],[33.0111,39.6391],[33.014,39.6386],[33.0113,39.6333],[33.0111,39.6306],[33.018,39.6287],[33.0185,39.6204],[33.0224,39.6154],[33.0212,39.6135],[33.022,39.6105],[33.0258,39.6077],[33.0331,39.6052],[33.0315,39.6039],[33.0308,39.6024],[33.0285,39.5999],[33.0258,39.5991],[33.0241,39.5975],[33.0228,39.5968],[33.0207,39.5958],[33.0183,39.5944],[33.0178,39.5897],[33.0149,39.5878],[33.012,39.5835],[33.0112,39.5792],[33.0088,39.5789],[33.0016,39.5731],[33.0013,39.5722],[32.9997,39.5716],[32.9999,39.5689],[32.999,39.5638],[32.9965,39.5636],[32.9965,39.5621],[32.995,39.5611],[32.995,39.5594],[32.994,39.5597],[32.9917,39.558],[32.9914,39.5562],[32.9884,39.5564],[32.9868,39.5562],[32.9821,39.5567],[32.9777,39.5547],[32.9758,39.5549],[32.9749,39.5538],[32.9708,39.5535],[32.9699,39.5532],[32.9671,39.5545],[32.9647,39.5558],[32.9627,39.5575],[32.9559,39.5623],[32.9458,39.5808],[32.9381,39.5833],[32.9393,39.5856],[32.9352,39.5874],[32.934,39.5858],[32.9297,39.5891],[32.9324,39.5904],[32.9343,39.5954],[32.9316,39.5954],[32.9295,39.5986],[32.9319,39.6009],[32.9251,39.6027],[32.9267,39.6057],[32.9216,39.6088],[32.9187,39.6071],[32.9181,39.6076],[32.9164,39.608],[32.9157,39.6098],[32.9129,39.61],[32.9101,39.6113],[32.9066,39.6124],[32.9058,39.6129],[32.9011,39.6144],[32.899,39.6163],[32.8987,39.6173],[32.8979,39.6179],[32.8973,39.6196],[32.899,39.6209],[32.8989,39.6277],[32.8944,39.6382],[32.8906,39.6419],[32.8933,39.6436],[32.8973,39.6452],[32.8985,39.648],[32.899,39.6534],[32.9011,39.6588],[32.9029,39.6598],[32.9038,39.6606],[32.9058,39.6609],[32.91,39.6607],[32.9111,39.6602],[32.9119,39.6595],[32.9149,39.6589],[32.9159,39.659],[32.9188,39.6588],[32.9204,39.6598],[32.921,39.6599],[32.9209,39.6595],[32.9217,39.6596],[32.9224,39.6599],[32.9232,39.6598],[32.9232,39.6595],[32.9246,39.6595],[32.925,39.6594],[32.9249,39.6604],[32.9255,39.6611],[32.9261,39.6615],[32.9278,39.6619],[32.9294,39.6617],[32.9301,39.6619]]]]}},{"type":"Feature","properties":{"id":"golbasi-segmenler"},"geometry":{"type":"MultiPolygon","coordinates":[[[[32.8153,39.7951],[32.817,39.7953],[32.8176,39.7942],[32.8182,39.7935],[32.819,39.7932],[32.8231,39.7931],[32.8263,39.7921],[32.8313,39.7888],[32.8349,39.7883],[32.8319,39.7836],[32.8295,39.7847],[32.8266,39.7856],[32.8186,39.7886],[32.8173,39.7889],[32.8146,39.7892],[32.8132,39.7895],[32.8067,39.7925],[32.8067,39.794],[32.8074,39.7939],[32.808,39.7945],[32.8121,39.7951],[32.8126,39.7952],[32.8125,39.7955],[32.813,39.7958],[32.8137,39.7957],[32.8143,39.7952],[32.8153,39.7951]]]]}},{"type":"Feature","properties":{"id":"golbasi-bezirhane"},"geometry":{"type":"MultiPolygon","coordinates":[[[[32.88,39.5131],[32.8824,39.5122],[32.8826,39.5124],[32.8843,39.5113],[32.885,39.5112],[32.8866,39.5106],[32.8863,39.5103],[32.8876,39.5086],[32.8924,39.5102],[32.8953,39.5066],[32.8961,39.5031],[32.893,39.5022],[32.8946,39.5013],[32.897,39.5014],[32.8994,39.5044],[32.9013,39.5064],[32.9023,39.5082],[32.9054,39.5109],[32.9074,39.508],[32.9072,39.5001],[32.9097,39.4989],[32.9133,39.5049],[32.9166,39.5019],[32.9196,39.4972],[32.9137,39.485],[32.9132,39.4816],[32.9095,39.4799],[32.9078,39.475],[32.9035,39.4711],[32.8976,39.4693],[32.8903,39.466],[32.888,39.4632],[32.8887,39.4614],[32.8824,39.4591],[32.8841,39.456],[32.86,39.4503],[32.8584,39.4486],[32.8465,39.4468],[32.8442,39.4447],[32.8475,39.4434],[32.8442,39.4393],[32.8399,39.437],[32.837,39.4368],[32.8356,39.4352],[32.8366,39.4324],[32.8327,39.4286],[32.8304,39.424],[32.8297,39.4176],[32.8238,39.4153],[32.8258,39.4138],[32.8192,39.4109],[32.8153,39.4125],[32.8113,39.4163],[32.8044,39.4188],[32.8052,39.4206],[32.8065,39.42],[32.8091,39.4222],[32.8083,39.4243],[32.8065,39.427],[32.8083,39.4275],[32.8074,39.4316],[32.8054,39.4316],[32.8049,39.4344],[32.8062,39.4364],[32.8057,39.4377],[32.8066,39.4421],[32.8038,39.4429],[32.8024,39.4472],[32.8051,39.4495],[32.8049,39.4504],[32.8055,39.453],[32.8046,39.4531],[32.8042,39.4573],[32.8065,39.4583],[32.8076,39.4579],[32.8097,39.4577],[32.8117,39.4581],[32.808,39.4637],[32.8087,39.4639],[32.8123,39.4628],[32.8145,39.4627],[32.8163,39.4636],[32.8173,39.4644],[32.8191,39.4639],[32.8213,39.4647],[32.8218,39.4655],[32.8194,39.4679],[32.8211,39.4677],[32.8223,39.4692],[32.8238,39.4694],[32.8242,39.4678],[32.8257,39.4698],[32.827,39.472],[32.8269,39.4739],[32.8274,39.4747],[32.827,39.4754],[32.8302,39.477],[32.8291,39.4787],[32.8316,39.4797],[32.8317,39.4805],[32.8316,39.4805],[32.8285,39.4798],[32.8272,39.4808],[32.8266,39.4839],[32.8281,39.4876],[32.8266,39.4883],[32.8282,39.4889],[32.8283,39.4891],[32.8272,39.4905],[32.8279,39.491],[32.8288,39.4912],[32.8289,39.4926],[32.8283,39.4941],[32.8292,39.494],[32.8298,39.4949],[32.8299,39.4972],[32.8284,39.4971],[32.8277,39.498],[32.8272,39.4989],[32.8274,39.4992],[32.826,39.5009],[32.8265,39.5016],[32.8282,39.5029],[32.8286,39.5027],[32.8298,39.5034],[32.8297,39.504],[32.8316,39.5061],[32.8323,39.5071],[32.8349,39.5061],[32.836,39.5063],[32.8364,39.5074],[32.8377,39.5083],[32.8374,39.5058],[32.8383,39.505],[32.8402,39.505],[32.8404,39.5074],[32.8418,39.5081],[32.8446,39.5083],[32.8455,39.5081],[32.8484,39.5085],[32.8484,39.5093],[32.8495,39.5091],[32.8498,39.5096],[32.8514,39.5092],[32.8548,39.5097],[32.8559,39.5101],[32.8572,39.51],[32.8578,39.5107],[32.8569,39.5119],[32.8576,39.5119],[32.8584,39.5123],[32.8589,39.5117],[32.8592,39.5109],[32.861,39.5112],[32.8614,39.5104],[32.8603,39.51],[32.8606,39.5096],[32.8614,39.5099],[32.8621,39.5092],[32.8628,39.5095],[32.8635,39.5092],[32.8631,39.5079],[32.864,39.5079],[32.8662,39.5095],[32.867,39.5096],[32.8677,39.5093],[32.8687,39.5094],[32.869,39.5102],[32.8688,39.5115],[32.8692,39.5119],[32.8695,39.5127],[32.8704,39.5122],[32.8714,39.5103],[32.8738,39.511],[32.8753,39.5111],[32.8757,39.5101],[32.8774,39.5104],[32.8773,39.5108],[32.8779,39.5108],[32.8782,39.5115],[32.8792,39.512],[32.88,39.5131]]]]}},{"type":"Feature","properties":{"id":"golbasi-bagici"},"geometry":{"type":"MultiPolygon","coordinates":[[[[32.9405,39.5502],[32.941,39.5491],[32.9374,39.5477],[32.9395,39.5435],[32.9382,39.5411],[32.9375,39.5406],[32.9374,39.54],[32.9352,39.5404],[32.9351,39.54],[32.9343,39.5402],[32.9341,39.5389],[32.9346,39.5383],[32.935,39.5367],[32.9331,39.5321],[32.9308,39.532],[32.9298,39.5323],[32.9294,39.5318],[32.9287,39.5321],[32.9283,39.531],[32.9275,39.5312],[32.9279,39.5298],[32.9278,39.5285],[32.9275,39.5267],[32.9255,39.5261],[32.9245,39.5265],[32.9242,39.5264],[32.9253,39.5255],[32.9252,39.5252],[32.9241,39.5258],[32.9246,39.5243],[32.9255,39.5243],[32.9255,39.5241],[32.9261,39.524],[32.9263,39.523],[32.9268,39.522],[32.9271,39.522],[32.9272,39.5215],[32.927,39.5212],[32.9262,39.5215],[32.9267,39.5189],[32.9276,39.5191],[32.9302,39.5137],[32.9306,39.5122],[32.9305,39.511],[32.9297,39.5091],[32.9276,39.5089],[32.9269,39.5083],[32.9274,39.5078],[32.9257,39.5052],[32.9265,39.5046],[32.9256,39.5041],[32.9256,39.5037],[32.9249,39.5029],[32.9263,39.5017],[32.9268,39.5019],[32.9275,39.5018],[32.9276,39.5012],[32.931,39.5],[32.9239,39.4991],[32.9219,39.4992],[32.9213,39.4989],[32.9207,39.4993],[32.9198,39.4989],[32.9196,39.4972],[32.9166,39.5019],[32.9133,39.5049],[32.9097,39.4989],[32.9072,39.5001],[32.9074,39.508],[32.9054,39.5109],[32.9023,39.5082],[32.9013,39.5064],[32.8994,39.5044],[32.897,39.5014],[32.8946,39.5013],[32.893,39.5022],[32.8961,39.5031],[32.8953,39.5066],[32.8924,39.5102],[32.8876,39.5086],[32.8863,39.5103],[32.8901,39.5133],[32.8874,39.5138],[32.8828,39.5159],[32.8843,39.5197],[32.8837,39.5231],[32.8853,39.5244],[32.8893,39.5354],[32.8876,39.5374],[32.8911,39.5398],[32.8942,39.5412],[32.8963,39.5418],[32.9086,39.5463],[32.9172,39.5488],[32.9196,39.5517],[32.9293,39.5538],[32.934,39.5517],[32.9405,39.5502]]]]}},{"type":"Feature","properties":{"id":"golbasi-yavrucuk"},"geometry":{"type":"MultiPolygon","coordinates":[[[[32.7846,39.732],[32.7844,39.7292],[32.7845,39.7272],[32.7837,39.7248],[32.782,39.7204],[32.7794,39.7167],[32.7792,39.7137],[32.7784,39.7115],[32.7766,39.7092],[32.7745,39.7046],[32.7719,39.7024],[32.7727,39.6991],[32.7745,39.6949],[32.7766,39.6925],[32.7771,39.6909],[32.7762,39.6883],[32.7741,39.6857],[32.7724,39.6839],[32.7661,39.6838],[32.764,39.6843],[32.7628,39.6818],[32.7614,39.682],[32.7614,39.6811],[32.7589,39.6811],[32.7584,39.6799],[32.758,39.678],[32.7471,39.6783],[32.7471,39.6786],[32.7441,39.6786],[32.7412,39.6791],[32.7413,39.6793],[32.741,39.6794],[32.7414,39.6797],[32.7415,39.6801],[32.7403,39.6805],[32.7382,39.6809],[32.7379,39.6802],[32.7364,39.6808],[32.7339,39.681],[32.7339,39.68],[32.732,39.6804],[32.7319,39.6809],[32.7315,39.6808],[32.731,39.6811],[32.7289,39.6812],[32.7285,39.6799],[32.7279,39.68],[32.7279,39.6785],[32.7258,39.6787],[32.7249,39.6789],[32.7249,39.6791],[32.7227,39.6797],[32.7208,39.681],[32.7207,39.6803],[32.7188,39.6805],[32.7193,39.682],[32.7191,39.6838],[32.7193,39.685],[32.7189,39.6859],[32.7191,39.6883],[32.7188,39.6903],[32.718,39.6915],[32.7191,39.692],[32.7174,39.692],[32.7134,39.6923],[32.7135,39.6928],[32.7132,39.6936],[32.714,39.6946],[32.7148,39.6951],[32.7155,39.6966],[32.7155,39.6975],[32.7163,39.6995],[32.7166,39.7018],[32.7171,39.7035],[32.7181,39.705],[32.7181,39.7062],[32.7174,39.7075],[32.7172,39.7093],[32.718,39.7125],[32.7208,39.7124],[32.721,39.7114],[32.7231,39.7114],[32.7233,39.7121],[32.727,39.7119],[32.7286,39.7121],[32.729,39.7116],[32.7318,39.7122],[32.7313,39.7137],[32.7312,39.715],[32.7302,39.7158],[32.7335,39.7156],[32.7338,39.7158],[32.7392,39.7161],[32.7397,39.7169],[32.7401,39.7172],[32.7423,39.7173],[32.7492,39.7175],[32.7534,39.7166],[32.7541,39.7259],[32.7558,39.725],[32.7588,39.7242],[32.7702,39.7254],[32.7726,39.7282],[32.775,39.7289],[32.7754,39.7294],[32.7759,39.7292],[32.7759,39.73],[32.7773,39.73],[32.777,39.7325],[32.778,39.7326],[32.779,39.7323],[32.7799,39.7317],[32.7808,39.7315],[32.7823,39.7319],[32.7823,39.7327],[32.7848,39.7325],[32.7846,39.732]]]]}},{"type":"Feature","properties":{"id":"golbasi-karaali-merkez"},"geometry":{"type":"MultiPolygon","coordinates":[[[[32.9627,39.6784],[32.9639,39.6788],[32.9646,39.678],[32.9642,39.6779],[32.9641,39.6775],[32.9646,39.6771],[32.9641,39.6768],[32.9645,39.6763],[32.9662,39.677],[32.9671,39.6778],[32.9691,39.6766],[32.9684,39.6757],[32.9771,39.6671],[32.9838,39.663],[32.9875,39.6576],[32.99,39.6596],[32.9956,39.6568],[32.9935,39.6546],[32.9981,39.6525],[32.9998,39.6509],[33.0043,39.6514],[33.0044,39.6518],[33.0069,39.6524],[33.0096,39.6503],[33.0063,39.6494],[33.0071,39.6475],[33.0059,39.6441],[33.0073,39.6435],[33.0067,39.6425],[33.0126,39.6411],[33.0111,39.6391],[32.9802,39.6279],[32.9718,39.6359],[32.9705,39.6368],[32.9681,39.6381],[32.9634,39.6363],[32.9599,39.6406],[32.956,39.6435],[32.9544,39.6461],[32.9536,39.6469],[32.9478,39.6505],[32.9466,39.651],[32.9457,39.6516],[32.9447,39.6531],[32.9443,39.6542],[32.9438,39.6547],[32.941,39.6558],[32.9405,39.6567],[32.9386,39.658],[32.9377,39.6589],[32.9372,39.6589],[32.9362,39.6595],[32.9357,39.6604],[32.9352,39.6607],[32.9347,39.6612],[32.9328,39.6614],[32.9323,39.6618],[32.9313,39.6616],[32.9301,39.6619],[32.9294,39.6617],[32.9278,39.6619],[32.9261,39.6615],[32.9255,39.6611],[32.9249,39.6604],[32.925,39.6594],[32.9246,39.6595],[32.9232,39.6595],[32.9232,39.6598],[32.9224,39.6599],[32.9217,39.6596],[32.9209,39.6595],[32.921,39.6599],[32.9204,39.6598],[32.9188,39.6588],[32.9159,39.659],[32.9149,39.6589],[32.913,39.6592],[32.9119,39.6595],[32.9111,39.6602],[32.91,39.6607],[32.9058,39.6609],[32.9038,39.6606],[32.9031,39.6608],[32.904,39.6613],[32.9064,39.6648],[32.9089,39.6675],[32.9117,39.6686],[32.9164,39.6698],[32.9182,39.6712],[32.919,39.6726],[32.9201,39.6745],[32.9269,39.6775],[32.9355,39.6769],[32.949,39.6792],[32.9577,39.6809],[32.9595,39.6803],[32.9603,39.6793],[32.9627,39.6784]]]]}},{"type":"Feature","properties":{"id":"golbasi-tepeyurt"},"geometry":{"type":"MultiPolygon","coordinates":[[[[32.8298,39.5694],[32.8299,39.5693],[32.8307,39.5697],[32.8301,39.5707],[32.8324,39.5716],[32.8369,39.5695],[32.8375,39.569],[32.8383,39.57],[32.8389,39.569],[32.8407,39.5705],[32.8414,39.5696],[32.8436,39.5686],[32.8439,39.569],[32.845,39.5682],[32.8454,39.5687],[32.8463,39.5681],[32.8466,39.5683],[32.8484,39.5673],[32.8492,39.5684],[32.8524,39.5688],[32.8529,39.5676],[32.8566,39.5677],[32.8595,39.5442],[32.8579,39.544],[32.8573,39.5434],[32.8565,39.5435],[32.8556,39.5419],[32.8543,39.5407],[32.8539,39.5406],[32.8533,39.5409],[32.8521,39.5403],[32.8511,39.5406],[32.8513,39.541],[32.8508,39.5412],[32.8508,39.5414],[32.8495,39.5414],[32.8476,39.5418],[32.8476,39.542],[32.8442,39.5429],[32.8437,39.5428],[32.8437,39.5424],[32.8424,39.542],[32.8426,39.5412],[32.8399,39.5391],[32.8368,39.5381],[32.8373,39.537],[32.8367,39.5351],[32.8346,39.5326],[32.8335,39.5306],[32.8316,39.5284],[32.8285,39.5257],[32.8254,39.5252],[32.8199,39.5257],[32.8172,39.5276],[32.8169,39.5294],[32.8152,39.5289],[32.8135,39.5296],[32.8137,39.5323],[32.8167,39.5417],[32.8164,39.5421],[32.817,39.5446],[32.8161,39.5455],[32.8138,39.5436],[32.8132,39.5443],[32.8117,39.5479],[32.812,39.5496],[32.8047,39.5505],[32.8018,39.5497],[32.8015,39.5558],[32.8025,39.5563],[32.8039,39.5561],[32.8039,39.5565],[32.8054,39.5567],[32.8053,39.5577],[32.8079,39.5582],[32.8075,39.5587],[32.8083,39.5587],[32.8099,39.5594],[32.8094,39.5594],[32.8094,39.5602],[32.8101,39.561],[32.8117,39.5605],[32.8126,39.5636],[32.8145,39.5638],[32.8118,39.5638],[32.8144,39.5645],[32.8151,39.5651],[32.8164,39.5654],[32.8185,39.5663],[32.8224,39.57],[32.8236,39.5729],[32.8278,39.5707],[32.8298,39.5694]]]]}},{"type":"Feature","properties":{"id":"golbasi-koparan"},"geometry":{"type":"MultiPolygon","coordinates":[[[[32.6696,39.7413],[32.6731,39.7408],[32.6749,39.7413],[32.681,39.7404],[32.685,39.7406],[32.6857,39.7405],[32.6881,39.7383],[32.6902,39.7376],[32.6912,39.7369],[32.6933,39.7351],[32.694,39.734],[32.6955,39.7333],[32.6959,39.7333],[32.6986,39.7323],[32.7006,39.7312],[32.7037,39.7301],[32.7065,39.7295],[32.7103,39.7278],[32.7122,39.7263],[32.7127,39.7256],[32.7128,39.7253],[32.7148,39.7238],[32.7157,39.7228],[32.7172,39.7227],[32.7169,39.7218],[32.7208,39.7217],[32.7206,39.7204],[32.7208,39.7199],[32.7206,39.7192],[32.7207,39.719],[32.7205,39.719],[32.7192,39.715],[32.7184,39.7136],[32.7176,39.7111],[32.7172,39.7093],[32.7174,39.7075],[32.7181,39.7062],[32.7181,39.705],[32.7171,39.7035],[32.7166,39.7018],[32.7165,39.7004],[32.7152,39.7014],[32.7128,39.7022],[32.7083,39.703],[32.7053,39.7044],[32.6995,39.7078],[32.6979,39.7062],[32.6923,39.7033],[32.6909,39.7028],[32.6908,39.7022],[32.6901,39.7017],[32.6861,39.7032],[32.6828,39.7049],[32.6808,39.7055],[32.6802,39.705],[32.6794,39.7053],[32.6772,39.7058],[32.6774,39.7064],[32.6745,39.7068],[32.6741,39.7072],[32.6719,39.7074],[32.672,39.7078],[32.6717,39.7078],[32.6715,39.708],[32.6712,39.7079],[32.671,39.7077],[32.6706,39.708],[32.6702,39.708],[32.6698,39.7077],[32.6692,39.7077],[32.6686,39.7074],[32.6682,39.7077],[32.6681,39.708],[32.6676,39.708],[32.6672,39.7084],[32.666,39.7083],[32.6658,39.7091],[32.6634,39.7089],[32.6634,39.7092],[32.6622,39.7093],[32.6624,39.7105],[32.6622,39.7116],[32.6618,39.7124],[32.66,39.7113],[32.6589,39.7112],[32.659,39.7107],[32.6586,39.7102],[32.6576,39.7101],[32.6573,39.7105],[32.6567,39.7101],[32.6563,39.7101],[32.656,39.7108],[32.6559,39.7114],[32.657,39.712],[32.6558,39.7138],[32.6538,39.7148],[32.6539,39.7143],[32.6514,39.7142],[32.6508,39.7148],[32.6506,39.7155],[32.6491,39.7157],[32.6493,39.7174],[32.6497,39.7184],[32.6464,39.718],[32.6448,39.7183],[32.6443,39.7185],[32.6438,39.718],[32.6422,39.7184],[32.6418,39.718],[32.6412,39.7178],[32.6403,39.7195],[32.6379,39.7159],[32.6377,39.7159],[32.6375,39.7171],[32.635,39.7187],[32.6335,39.7199],[32.635,39.7214],[32.637,39.7219],[32.6356,39.7224],[32.6343,39.7239],[32.6334,39.7244],[32.6328,39.7233],[32.6324,39.7232],[32.6319,39.7239],[32.6313,39.7236],[32.6307,39.7243],[32.6301,39.7273],[32.628,39.7298],[32.6287,39.7306],[32.631,39.7298],[32.6314,39.7304],[32.6318,39.7303],[32.6331,39.7326],[32.6354,39.733],[32.638,39.7329],[32.639,39.7342],[32.6385,39.7344],[32.6387,39.7353],[32.6393,39.7356],[32.6409,39.7343],[32.6417,39.7348],[32.6411,39.7352],[32.6414,39.7356],[32.6436,39.7371],[32.6442,39.738],[32.645,39.7385],[32.6454,39.739],[32.6459,39.7393],[32.6467,39.7391],[32.6469,39.7393],[32.6529,39.7398],[32.6552,39.7407],[32.6568,39.7408],[32.6576,39.7397],[32.6596,39.7376],[32.6601,39.7378],[32.6601,39.7381],[32.6633,39.7394],[32.6632,39.7397],[32.6644,39.7397],[32.6645,39.7399],[32.6652,39.7397],[32.666,39.7406],[32.6668,39.7397],[32.667,39.7399],[32.6679,39.7394],[32.6692,39.7403],[32.6696,39.7413]]]]}},{"type":"Feature","properties":{"id":"golbasi-mahmatlibahce"},"geometry":{"type":"MultiPolygon","coordinates":[[[[32.8634,39.5446],[32.8631,39.5401],[32.86,39.5398],[32.8612,39.5313],[32.8603,39.5306],[32.859,39.5302],[32.8588,39.5292],[32.8581,39.5291],[32.8581,39.528],[32.8567,39.5264],[32.8564,39.5246],[32.8573,39.5233],[32.857,39.5228],[32.8582,39.5218],[32.8569,39.521],[32.8572,39.5208],[32.8569,39.5201],[32.8561,39.5199],[32.857,39.5177],[32.8562,39.517],[32.8558,39.515],[32.8562,39.5149],[32.8558,39.5132],[32.8546,39.5121],[32.8546,39.5119],[32.8558,39.5121],[32.8558,39.5119],[32.8569,39.5119],[32.8578,39.5107],[32.8572,39.51],[32.8559,39.5101],[32.8548,39.5097],[32.8514,39.5092],[32.8498,39.5096],[32.8495,39.5091],[32.8484,39.5093],[32.8484,39.5085],[32.8455,39.5081],[32.8446,39.5083],[32.8418,39.5081],[32.8404,39.5074],[32.8402,39.505],[32.8383,39.505],[32.8374,39.5058],[32.8377,39.5083],[32.8364,39.5074],[32.836,39.5063],[32.8349,39.5061],[32.8323,39.5071],[32.8305,39.5049],[32.8297,39.504],[32.8292,39.504],[32.8288,39.5045],[32.8298,39.5057],[32.8293,39.5059],[32.8296,39.507],[32.8289,39.5075],[32.8285,39.5093],[32.8258,39.5106],[32.8225,39.5098],[32.8202,39.5122],[32.8218,39.5145],[32.821,39.5157],[32.8209,39.5192],[32.822,39.5209],[32.8218,39.5228],[32.8248,39.524],[32.8276,39.5238],[32.8285,39.5257],[32.8316,39.5284],[32.8335,39.5306],[32.8346,39.5326],[32.8367,39.5351],[32.8373,39.537],[32.8368,39.5381],[32.8399,39.5391],[32.8426,39.5412],[32.8424,39.542],[32.8437,39.5424],[32.8437,39.5428],[32.8442,39.5429],[32.8476,39.542],[32.8476,39.5418],[32.8495,39.5414],[32.8508,39.5414],[32.8508,39.5412],[32.8513,39.541],[32.8511,39.5406],[32.8521,39.5403],[32.8533,39.5409],[32.8539,39.5406],[32.8543,39.5407],[32.8556,39.5419],[32.8565,39.5435],[32.8573,39.5434],[32.8579,39.544],[32.8634,39.5446]]]]}},{"type":"Feature","properties":{"id":"golbasi-altuncanak"},"geometry":{"type":"MultiPolygon","coordinates":[[[[32.9235,39.2967],[32.9236,39.2958],[32.9252,39.2963],[32.9299,39.2959],[32.9342,39.289],[32.9406,39.2662],[32.938,39.2593],[32.9338,39.2544],[32.9268,39.2485],[32.9247,39.2464],[32.9202,39.2467],[32.9147,39.248],[32.9102,39.2505],[32.9068,39.2571],[32.8994,39.2627],[32.8826,39.2658],[32.8916,39.2732],[32.8922,39.2768],[32.8926,39.2784],[32.8933,39.2803],[32.8948,39.2842],[32.8955,39.2865],[32.8966,39.2878],[32.8968,39.2903],[32.8974,39.2915],[32.8993,39.2935],[32.9076,39.294],[32.9122,39.2949],[32.919,39.2951],[32.919,39.296],[32.9212,39.2963],[32.9219,39.2967],[32.9235,39.2967]]]]}},{"type":"Feature","properties":{"id":"golbasi-akorencarsak"},"geometry":{"type":"MultiPolygon","coordinates":[[[[32.9571,39.3534],[32.9571,39.353],[32.958,39.353],[32.9587,39.3513],[32.9596,39.3503],[32.9646,39.3508],[32.9651,39.3513],[32.9655,39.3511],[32.9645,39.3484],[32.9631,39.347],[32.9644,39.3463],[32.9645,39.3456],[32.9684,39.3384],[32.971,39.3363],[32.9711,39.3355],[32.973,39.3351],[32.9751,39.3343],[32.977,39.3329],[32.9784,39.3299],[32.9786,39.3287],[32.9815,39.3293],[32.9827,39.329],[32.986,39.3258],[32.9865,39.3261],[32.9873,39.325],[32.9875,39.3233],[32.9864,39.3219],[32.9847,39.3207],[32.9852,39.3188],[32.9824,39.3189],[32.9808,39.3179],[32.9771,39.315],[32.9759,39.3143],[32.9758,39.3132],[32.9766,39.3118],[32.9798,39.31],[32.9799,39.3091],[32.9798,39.3078],[32.9804,39.3076],[32.9808,39.3064],[32.9801,39.3062],[32.9807,39.3051],[32.9803,39.305],[32.9806,39.3044],[32.9791,39.304],[32.9793,39.3035],[32.9804,39.3019],[32.9816,39.3017],[32.9807,39.3001],[32.981,39.298],[32.9802,39.2967],[32.9793,39.2961],[32.9784,39.2959],[32.9781,39.2951],[32.9774,39.2946],[32.9761,39.2929],[32.9755,39.2915],[32.974,39.29],[32.9727,39.2909],[32.972,39.2901],[32.9705,39.2904],[32.9695,39.2899],[32.9685,39.2881],[32.9677,39.2876],[32.9668,39.2861],[32.9654,39.2865],[32.9638,39.2848],[32.9629,39.2858],[32.9618,39.2855],[32.9611,39.2851],[32.9598,39.2859],[32.959,39.2855],[32.9584,39.2857],[32.9567,39.285],[32.9559,39.2842],[32.9552,39.2846],[32.9544,39.2841],[32.9537,39.2832],[32.9521,39.2825],[32.9515,39.283],[32.9501,39.2818],[32.9521,39.2789],[32.9518,39.2771],[32.9498,39.2748],[32.9479,39.2721],[32.9457,39.2704],[32.9434,39.2695],[32.9406,39.2664],[32.9342,39.289],[32.9299,39.2959],[32.9252,39.2963],[32.9236,39.2958],[32.9235,39.2967],[32.9219,39.2967],[32.9212,39.2963],[32.919,39.296],[32.919,39.2951],[32.9122,39.2949],[32.9076,39.294],[32.8993,39.2935],[32.8974,39.2915],[32.8968,39.2903],[32.8849,39.3065],[32.8799,39.3056],[32.8809,39.3103],[32.8814,39.3143],[32.8824,39.3193],[32.8825,39.3208],[32.8857,39.3294],[32.8871,39.3317],[32.8904,39.3353],[32.8927,39.3361],[32.8994,39.3354],[32.9042,39.334],[32.9085,39.3339],[32.9117,39.3344],[32.9132,39.3344],[32.9185,39.3351],[32.9189,39.3344],[32.9209,39.3349],[32.9214,39.3357],[32.9235,39.3355],[32.9235,39.3361],[32.9252,39.3361],[32.9255,39.337],[32.928,39.3368],[32.9307,39.337],[32.9331,39.3377],[32.9355,39.3392],[32.9382,39.3405],[32.9387,39.3411],[32.9389,39.3421],[32.9417,39.343],[32.946,39.3451],[32.9468,39.3462],[32.9473,39.3475],[32.9471,39.3506],[32.949,39.3509],[32.9487,39.3525],[32.9515,39.353],[32.955,39.3534],[32.9569,39.3536],[32.9571,39.3534]]]]}},{"type":"Feature","properties":{"id":"golbasi-emirler"},"geometry":{"type":"MultiPolygon","coordinates":[[[[32.9678,39.4513],[32.969,39.4513],[32.9735,39.45],[32.9769,39.4498],[32.9769,39.449],[32.9835,39.4477],[32.9841,39.4474],[32.9849,39.4449],[32.9847,39.4438],[32.9851,39.4416],[32.986,39.4405],[32.989,39.4397],[32.9916,39.4382],[32.991,39.4377],[32.9929,39.4362],[32.9954,39.438],[32.9972,39.4397],[32.9982,39.4399],[33.0011,39.4412],[33.002,39.439],[33.0029,39.4378],[33.0001,39.4351],[32.997,39.4333],[32.9943,39.4312],[32.9873,39.4273],[32.9849,39.4257],[32.9781,39.4227],[32.9737,39.4219],[32.9688,39.4198],[32.9671,39.42],[32.9619,39.4203],[32.958,39.4213],[32.9531,39.4189],[32.9504,39.4183],[32.9504,39.417],[32.9502,39.4159],[32.9509,39.4159],[32.9506,39.4148],[32.9471,39.4143],[32.9468,39.4135],[32.9468,39.4127],[32.9465,39.4113],[32.9462,39.4112],[32.9463,39.4097],[32.9455,39.4098],[32.9449,39.4073],[32.9419,39.4024],[32.9413,39.402],[32.9417,39.4015],[32.9406,39.3981],[32.9392,39.3965],[32.9388,39.3944],[32.938,39.392],[32.9403,39.3867],[32.9394,39.3855],[32.9388,39.3843],[32.9379,39.3833],[32.9368,39.3825],[32.9356,39.3806],[32.9353,39.3755],[32.9344,39.3727],[32.9325,39.3697],[32.9325,39.3666],[32.9321,39.3654],[32.9311,39.3634],[32.9286,39.3622],[32.9249,39.3612],[32.9214,39.3613],[32.9187,39.3642],[32.9169,39.367],[32.9126,39.3673],[32.908,39.3682],[32.9066,39.3678],[32.9062,39.3683],[32.9037,39.3675],[32.9026,39.3669],[32.8982,39.3655],[32.8936,39.3638],[32.8871,39.3604],[32.8838,39.3591],[32.8834,39.3595],[32.8797,39.3665],[32.8762,39.3723],[32.8732,39.3778],[32.8725,39.3789],[32.8713,39.3805],[32.8664,39.3829],[32.8625,39.3821],[32.859,39.3816],[32.8564,39.3799],[32.8548,39.3795],[32.8533,39.3803],[32.8566,39.3734],[32.8567,39.3711],[32.8564,39.3707],[32.8477,39.371],[32.8415,39.3752],[32.841,39.3758],[32.8397,39.3783],[32.8382,39.3805],[32.8372,39.3833],[32.836,39.3849],[32.8355,39.3887],[32.8357,39.3901],[32.8375,39.3905],[32.8395,39.3907],[32.8423,39.3901],[32.843,39.3896],[32.8456,39.3916],[32.8654,39.3976],[32.8672,39.4037],[32.8674,39.4037],[32.8684,39.4047],[32.8712,39.4062],[32.8709,39.4066],[32.8723,39.4077],[32.8727,39.4083],[32.8748,39.4076],[32.8757,39.4068],[32.8764,39.4069],[32.8777,39.4076],[32.8775,39.4078],[32.878,39.4081],[32.8798,39.409],[32.8813,39.4094],[32.8856,39.4101],[32.8861,39.4111],[32.8869,39.4111],[32.8872,39.4121],[32.8895,39.4117],[32.8902,39.4119],[32.8924,39.4121],[32.8924,39.4118],[32.898,39.4125],[32.8993,39.413],[32.9001,39.4142],[32.9006,39.4166],[32.901,39.4178],[32.9032,39.4212],[32.9031,39.4225],[32.9027,39.4234],[32.9034,39.425],[32.9051,39.4265],[32.9062,39.4316],[32.9073,39.4323],[32.9103,39.4328],[32.9118,39.4333],[32.9134,39.434],[32.9171,39.4368],[32.9223,39.4387],[32.9229,39.4391],[32.9233,39.4413],[32.923,39.4434],[32.9231,39.4455],[32.9246,39.4501],[32.9248,39.4514],[32.9252,39.4514],[32.926,39.4535],[32.9306,39.4551],[32.9345,39.4543],[32.9352,39.4551],[32.9382,39.4558],[32.9405,39.4551],[32.9432,39.4546],[32.9445,39.4539],[32.9484,39.4524],[32.9526,39.4513],[32.9541,39.4514],[32.9543,39.4513],[32.9604,39.4531],[32.9637,39.4551],[32.9666,39.4564],[32.9679,39.4548],[32.9678,39.4513]]]]}},{"type":"Feature","properties":{"id":"golbasi-oyaca-yesilcam"},"geometry":{"type":"MultiPolygon","coordinates":[[[[32.6617,39.5151],[32.6582,39.514],[32.6569,39.5134],[32.659,39.5121],[32.6568,39.5113],[32.6547,39.5111],[32.6522,39.5106],[32.6525,39.5096],[32.6498,39.509],[32.6478,39.508],[32.6477,39.507],[32.6457,39.5064],[32.6441,39.5067],[32.6425,39.5089],[32.6409,39.5093],[32.6393,39.51],[32.6388,39.5084],[32.6375,39.506],[32.6368,39.5055],[32.636,39.5061],[32.6324,39.507],[32.6305,39.5071],[32.6297,39.5052],[32.6299,39.5044],[32.6276,39.5026],[32.6262,39.5008],[32.6268,39.5001],[32.6266,39.4987],[32.6258,39.4969],[32.6258,39.4941],[32.6236,39.4925],[32.6219,39.4927],[32.6182,39.491],[32.6126,39.4959],[32.6138,39.4999],[32.6091,39.4992],[32.6079,39.5004],[32.6105,39.5051],[32.6104,39.5084],[32.6083,39.5124],[32.6051,39.5115],[32.6027,39.5132],[32.5948,39.5174],[32.5948,39.5202],[32.5919,39.5212],[32.5929,39.5224],[32.5962,39.5257],[32.598,39.529],[32.6009,39.5307],[32.6011,39.531],[32.601,39.5313],[32.6017,39.5315],[32.6076,39.537],[32.6083,39.5374],[32.6158,39.5398],[32.6354,39.5417],[32.6407,39.5424],[32.6425,39.5428],[32.6453,39.544],[32.6478,39.5447],[32.6517,39.5479],[32.6524,39.5487],[32.6542,39.553],[32.6568,39.5562],[32.6585,39.5596],[32.6606,39.5472],[32.6623,39.5214],[32.6617,39.5151]]]]}},{"type":"Feature","properties":{"id":"golbasi-velihimmetli"},"geometry":{"type":"MultiPolygon","coordinates":[[[[32.6356,39.7224],[32.637,39.7219],[32.635,39.7214],[32.6335,39.7199],[32.635,39.7187],[32.6375,39.7171],[32.6377,39.7159],[32.6379,39.7159],[32.6403,39.7195],[32.6412,39.7178],[32.6418,39.718],[32.6422,39.7184],[32.6438,39.718],[32.6443,39.7185],[32.6448,39.7183],[32.6464,39.718],[32.6497,39.7184],[32.6493,39.7174],[32.6491,39.7157],[32.6506,39.7155],[32.6508,39.7148],[32.6514,39.7142],[32.6539,39.7143],[32.6538,39.7148],[32.6558,39.7138],[32.657,39.712],[32.6559,39.7114],[32.656,39.7108],[32.6563,39.7101],[32.6567,39.7101],[32.6573,39.7105],[32.6576,39.7101],[32.6586,39.7102],[32.659,39.7107],[32.6589,39.7112],[32.66,39.7113],[32.6618,39.7124],[32.6622,39.7116],[32.6624,39.7105],[32.6622,39.7093],[32.6634,39.7092],[32.6634,39.7089],[32.6658,39.7091],[32.666,39.7083],[32.6672,39.7084],[32.6676,39.708],[32.6681,39.708],[32.6682,39.7077],[32.6686,39.7074],[32.6692,39.7077],[32.6698,39.7077],[32.6702,39.708],[32.6706,39.708],[32.671,39.7077],[32.6712,39.7079],[32.6715,39.708],[32.6717,39.7078],[32.672,39.7078],[32.6719,39.7074],[32.6741,39.7072],[32.6745,39.7068],[32.6774,39.7064],[32.6772,39.7058],[32.6794,39.7053],[32.6802,39.705],[32.6808,39.7055],[32.6828,39.7049],[32.6861,39.7032],[32.6901,39.7017],[32.6895,39.7016],[32.6861,39.6984],[32.6842,39.6962],[32.6829,39.6952],[32.6771,39.6932],[32.6767,39.6927],[32.6781,39.6895],[32.6769,39.6888],[32.6756,39.6883],[32.6753,39.688],[32.6741,39.6878],[32.6752,39.687],[32.6732,39.6828],[32.6723,39.6821],[32.6712,39.681],[32.6729,39.6808],[32.6735,39.6802],[32.6735,39.6794],[32.6725,39.6786],[32.6712,39.6758],[32.6701,39.675],[32.6694,39.6747],[32.6703,39.6733],[32.669,39.6731],[32.6693,39.6722],[32.6681,39.6717],[32.6672,39.6706],[32.6685,39.6694],[32.6694,39.6675],[32.6711,39.6654],[32.6736,39.6642],[32.6751,39.6639],[32.6745,39.6616],[32.6754,39.6612],[32.676,39.6608],[32.6779,39.6587],[32.675,39.6547],[32.674,39.6516],[32.6799,39.6485],[32.6798,39.6477],[32.6814,39.6482],[32.6814,39.648],[32.682,39.6481],[32.6827,39.6474],[32.6832,39.6475],[32.6837,39.6456],[32.6836,39.6445],[32.6833,39.6444],[32.6833,39.6438],[32.6799,39.6427],[32.6798,39.6428],[32.6791,39.6423],[32.675,39.6429],[32.673,39.6434],[32.6729,39.6433],[32.6726,39.6433],[32.6709,39.6438],[32.6709,39.644],[32.668,39.6444],[32.6679,39.6439],[32.6663,39.6444],[32.6658,39.6438],[32.662,39.6447],[32.662,39.6448],[32.6561,39.6451],[32.6565,39.6464],[32.655,39.6465],[32.6545,39.6449],[32.6534,39.645],[32.6535,39.6455],[32.6529,39.6456],[32.6531,39.6461],[32.6514,39.6464],[32.648,39.6463],[32.6477,39.6458],[32.6473,39.6459],[32.6475,39.6462],[32.6448,39.6473],[32.6428,39.6478],[32.6427,39.6483],[32.641,39.6486],[32.6401,39.649],[32.6401,39.6491],[32.6375,39.6491],[32.6367,39.6495],[32.6367,39.6497],[32.6326,39.6506],[32.6359,39.6552],[32.634,39.6555],[32.6309,39.6574],[32.632,39.6614],[32.6253,39.6633],[32.6246,39.6637],[32.6245,39.6676],[32.6237,39.6703],[32.6242,39.6725],[32.6231,39.6762],[32.6264,39.6779],[32.6258,39.6804],[32.6244,39.6809],[32.6229,39.6804],[32.621,39.6793],[32.6184,39.679],[32.6157,39.6798],[32.6162,39.6818],[32.6138,39.6868],[32.6101,39.6895],[32.6111,39.6909],[32.624,39.696],[32.6218,39.6992],[32.622,39.6993],[32.6244,39.7005],[32.6266,39.7002],[32.6301,39.7006],[32.6305,39.7018],[32.6313,39.7016],[32.6316,39.7024],[32.6321,39.7023],[32.632,39.703],[32.6315,39.7027],[32.6307,39.7028],[32.6307,39.7037],[32.6316,39.704],[32.6318,39.7047],[32.6306,39.7049],[32.6305,39.7057],[32.633,39.7058],[32.6332,39.7056],[32.6344,39.7056],[32.635,39.7059],[32.6348,39.707],[32.6352,39.7071],[32.635,39.709],[32.6353,39.7091],[32.6351,39.71],[32.6347,39.7104],[32.6343,39.7116],[32.6339,39.7116],[32.6337,39.711],[32.6327,39.7112],[32.6322,39.712],[32.6307,39.7121],[32.6311,39.7125],[32.6296,39.7141],[32.6294,39.7146],[32.631,39.7153],[32.6306,39.7158],[32.6295,39.716],[32.6292,39.7165],[32.6296,39.7168],[32.6299,39.7176],[32.6305,39.7176],[32.6308,39.7184],[32.6317,39.7189],[32.6316,39.7193],[32.632,39.7195],[32.6328,39.721],[32.6335,39.7211],[32.6338,39.7223],[32.6329,39.7222],[32.6329,39.7228],[32.6326,39.7233],[32.6328,39.7233],[32.6334,39.7244],[32.6343,39.7239],[32.6356,39.7224]]]]}},{"type":"Feature","properties":{"id":"golbasi-hacimuratli"},"geometry":{"type":"MultiPolygon","coordinates":[[[[32.7174,39.692],[32.7191,39.692],[32.718,39.6915],[32.7188,39.6903],[32.7191,39.6883],[32.7189,39.6859],[32.7193,39.685],[32.7191,39.6838],[32.7193,39.682],[32.7188,39.6805],[32.7185,39.6789],[32.718,39.6773],[32.717,39.6767],[32.7159,39.6768],[32.7157,39.6763],[32.7159,39.676],[32.7153,39.6745],[32.7153,39.6739],[32.7144,39.6728],[32.7144,39.6719],[32.7137,39.6722],[32.7131,39.671],[32.7119,39.6716],[32.7112,39.6706],[32.7098,39.6704],[32.71,39.6688],[32.706,39.6685],[32.7057,39.6677],[32.7045,39.6666],[32.7047,39.6655],[32.7063,39.6642],[32.7054,39.6639],[32.7035,39.664],[32.7015,39.6635],[32.7016,39.6626],[32.701,39.6619],[32.7005,39.6617],[32.7005,39.6604],[32.7002,39.6589],[32.7028,39.6589],[32.703,39.6577],[32.7015,39.658],[32.7013,39.657],[32.7007,39.657],[32.7008,39.6575],[32.6996,39.6577],[32.6995,39.6569],[32.6989,39.6569],[32.6985,39.6528],[32.6982,39.6529],[32.6962,39.6484],[32.6951,39.6482],[32.694,39.6445],[32.693,39.639],[32.6885,39.6376],[32.6882,39.639],[32.6863,39.641],[32.686,39.6408],[32.6852,39.6411],[32.684,39.6421],[32.6831,39.6432],[32.6833,39.6438],[32.6833,39.6444],[32.6836,39.6445],[32.6837,39.6456],[32.6832,39.6475],[32.6827,39.6474],[32.682,39.6481],[32.6814,39.648],[32.6814,39.6482],[32.6798,39.6477],[32.6799,39.6485],[32.674,39.6516],[32.675,39.6547],[32.6779,39.6587],[32.676,39.6608],[32.6754,39.6612],[32.6745,39.6616],[32.6751,39.6639],[32.6736,39.6642],[32.6711,39.6654],[32.6694,39.6675],[32.6685,39.6694],[32.6672,39.6706],[32.6681,39.6717],[32.6693,39.6722],[32.669,39.6731],[32.6703,39.6733],[32.6694,39.6747],[32.6701,39.675],[32.6712,39.6758],[32.6725,39.6786],[32.6735,39.6794],[32.6735,39.6802],[32.6729,39.6808],[32.6712,39.681],[32.6723,39.6821],[32.6732,39.6828],[32.6752,39.687],[32.6741,39.6878],[32.6753,39.688],[32.6756,39.6883],[32.6769,39.6888],[32.6781,39.6895],[32.6767,39.6927],[32.6771,39.6932],[32.6829,39.6952],[32.6842,39.6962],[32.6861,39.6984],[32.6895,39.7016],[32.6901,39.7017],[32.6908,39.7022],[32.6909,39.7028],[32.6923,39.7033],[32.6979,39.7062],[32.6995,39.7078],[32.7053,39.7044],[32.7083,39.703],[32.7128,39.7022],[32.7152,39.7014],[32.7165,39.7004],[32.7163,39.6995],[32.7155,39.6975],[32.7155,39.6966],[32.7148,39.6951],[32.714,39.6946],[32.7132,39.6936],[32.7135,39.6928],[32.7134,39.6923],[32.7174,39.692]]]]}},{"type":"Feature","properties":{"id":"golbasi-orencik"},"geometry":{"type":"MultiPolygon","coordinates":[[[[32.8567,39.7897],[32.8569,39.7895],[32.8575,39.7898],[32.8588,39.7887],[32.8574,39.7878],[32.8577,39.7871],[32.8582,39.7872],[32.8584,39.7863],[32.8588,39.7863],[32.8585,39.7845],[32.8597,39.7842],[32.8579,39.7816],[32.8565,39.781],[32.8555,39.7796],[32.8543,39.7788],[32.8543,39.7785],[32.8539,39.7782],[32.8524,39.7751],[32.8517,39.7752],[32.85,39.7744],[32.8498,39.7744],[32.8497,39.7739],[32.8492,39.7741],[32.8468,39.7722],[32.8438,39.7708],[32.8434,39.7704],[32.8413,39.7732],[32.8358,39.7778],[32.834,39.7777],[32.8315,39.7767],[32.8309,39.7786],[32.8311,39.7815],[32.8322,39.7814],[32.8335,39.783],[32.8319,39.7836],[32.8349,39.7883],[32.8368,39.7865],[32.838,39.7845],[32.8394,39.7861],[32.8401,39.7865],[32.8429,39.7872],[32.8442,39.7878],[32.8492,39.7893],[32.8562,39.7906],[32.8567,39.7897]]]]}},{"type":"Feature","properties":{"id":"golbasi-ikizce"},"geometry":{"type":"MultiPolygon","coordinates":[[[[32.6948,39.6184],[32.6954,39.6181],[32.7064,39.6206],[32.7072,39.6203],[32.7079,39.6221],[32.709,39.6236],[32.7126,39.622],[32.7176,39.6204],[32.7195,39.6214],[32.7244,39.6205],[32.7255,39.6199],[32.7272,39.6186],[32.7227,39.6077],[32.7244,39.6033],[32.7207,39.5999],[32.7247,39.5966],[32.7244,39.5913],[32.7172,39.5917],[32.7139,39.5884],[32.706,39.5857],[32.6898,39.5793],[32.6813,39.577],[32.6773,39.5736],[32.6774,39.5711],[32.672,39.5647],[32.6652,39.5647],[32.6624,39.5645],[32.6607,39.5642],[32.6602,39.5647],[32.6585,39.5651],[32.6586,39.5658],[32.6568,39.5658],[32.6553,39.5654],[32.6544,39.5677],[32.6519,39.5678],[32.6523,39.5657],[32.63,39.5689],[32.6205,39.5817],[32.6237,39.5868],[32.6292,39.5887],[32.6315,39.5912],[32.6333,39.5912],[32.6367,39.5937],[32.638,39.5956],[32.6428,39.5968],[32.641,39.5979],[32.6416,39.5985],[32.6461,39.5993],[32.6459,39.602],[32.6499,39.6038],[32.6494,39.6065],[32.6549,39.6069],[32.6552,39.6079],[32.6625,39.6097],[32.663,39.6089],[32.6669,39.6085],[32.6675,39.6079],[32.6676,39.6071],[32.6706,39.6074],[32.6786,39.6086],[32.6793,39.6085],[32.6819,39.6114],[32.6819,39.6117],[32.6801,39.6127],[32.6824,39.6189],[32.6841,39.6216],[32.6867,39.6273],[32.6895,39.6284],[32.6905,39.6284],[32.6897,39.6212],[32.6948,39.6184]]]]}},{"type":"Feature","properties":{"id":"golbasi-karagedik-ercan"},"geometry":{"type":"MultiPolygon","coordinates":[[[[32.8392,39.5923],[32.8406,39.5898],[32.8406,39.5883],[32.8424,39.5884],[32.8421,39.5868],[32.8424,39.5848],[32.8474,39.5778],[32.8519,39.5761],[32.853,39.5764],[32.8555,39.5759],[32.8562,39.5721],[32.8566,39.5677],[32.8529,39.5676],[32.8524,39.5688],[32.8492,39.5684],[32.8484,39.5673],[32.8466,39.5683],[32.8463,39.5681],[32.8454,39.5687],[32.845,39.5682],[32.8439,39.569],[32.8436,39.5686],[32.8414,39.5696],[32.8407,39.5705],[32.8389,39.569],[32.8383,39.57],[32.8375,39.569],[32.8369,39.5695],[32.8324,39.5716],[32.8301,39.5707],[32.8307,39.5697],[32.8299,39.5693],[32.8278,39.5707],[32.8236,39.5729],[32.8224,39.57],[32.8185,39.5663],[32.8164,39.5654],[32.8151,39.5651],[32.8144,39.5645],[32.8118,39.5638],[32.8145,39.5638],[32.8126,39.5636],[32.8117,39.5605],[32.8101,39.561],[32.8094,39.5602],[32.8094,39.5594],[32.8099,39.5594],[32.8085,39.5588],[32.8046,39.5616],[32.8,39.5632],[32.7987,39.5645],[32.7984,39.5653],[32.7986,39.5687],[32.7996,39.574],[32.7999,39.5746],[32.8005,39.5751],[32.8012,39.5761],[32.8019,39.5766],[32.8022,39.5773],[32.8023,39.5782],[32.8026,39.5797],[32.8045,39.5826],[32.8047,39.5839],[32.8062,39.5872],[32.8081,39.5896],[32.8091,39.5904],[32.8116,39.5917],[32.8147,39.5929],[32.8164,39.5929],[32.82,39.5921],[32.8224,39.5922],[32.8235,39.5925],[32.8254,39.5938],[32.8266,39.5941],[32.8315,39.5947],[32.8328,39.5951],[32.8356,39.5954],[32.8382,39.596],[32.8372,39.5951],[32.8383,39.594],[32.838,39.5939],[32.8391,39.593],[32.8392,39.5923]]]]}},{"type":"Feature","properties":{"id":"golbasi-mahmatli"},"geometry":{"type":"MultiPolygon","coordinates":[[[[32.9063,39.5906],[32.913,39.5854],[32.9119,39.5835],[32.9184,39.5821],[32.9281,39.5883],[32.9297,39.5891],[32.934,39.5858],[32.9352,39.5874],[32.9393,39.5856],[32.9381,39.5833],[32.9458,39.5808],[32.9559,39.5623],[32.9627,39.5575],[32.9627,39.5543],[32.9476,39.5577],[32.9461,39.5559],[32.9402,39.5554],[32.9405,39.5502],[32.934,39.5517],[32.9293,39.5538],[32.9196,39.5517],[32.9172,39.5488],[32.9086,39.5463],[32.8963,39.5418],[32.8942,39.5412],[32.8911,39.5398],[32.8876,39.5374],[32.8893,39.5354],[32.8834,39.5356],[32.877,39.5363],[32.8713,39.5395],[32.868,39.541],[32.8631,39.5401],[32.8634,39.5446],[32.8595,39.5442],[32.8566,39.5681],[32.8602,39.5706],[32.8661,39.5718],[32.8721,39.582],[32.8764,39.5856],[32.8801,39.5914],[32.8831,39.5902],[32.8906,39.5937],[32.9001,39.5929],[32.9063,39.5906]]]]}},{"type":"Feature","properties":{"id":"golbasi-subasi"},"geometry":{"type":"MultiPolygon","coordinates":[[[[32.556,39.6658],[32.5605,39.6625],[32.5642,39.664],[32.5632,39.6652],[32.5663,39.6666],[32.5784,39.6563],[32.5792,39.6532],[32.5765,39.648],[32.5753,39.6476],[32.5735,39.6461],[32.5725,39.6448],[32.569,39.6423],[32.5674,39.6377],[32.5656,39.6346],[32.5655,39.6311],[32.5714,39.6306],[32.5702,39.6291],[32.5709,39.6278],[32.5693,39.6263],[32.5684,39.6249],[32.5697,39.6237],[32.5685,39.6224],[32.5671,39.6228],[32.5658,39.624],[32.5643,39.6247],[32.5642,39.6228],[32.5654,39.6225],[32.5649,39.6209],[32.5641,39.6209],[32.5632,39.6202],[32.5623,39.6205],[32.5614,39.6198],[32.5598,39.618],[32.5597,39.6173],[32.5611,39.6163],[32.5611,39.6161],[32.5597,39.6155],[32.5587,39.6143],[32.5579,39.6137],[32.5567,39.6132],[32.5556,39.6135],[32.5506,39.614],[32.5474,39.6134],[32.5416,39.6144],[32.5367,39.6162],[32.5282,39.6156],[32.5262,39.6143],[32.5212,39.6152],[32.5207,39.6139],[32.5151,39.6108],[32.5124,39.6118],[32.5101,39.6139],[32.506,39.6153],[32.5055,39.6177],[32.5014,39.6202],[32.4996,39.6251],[32.5032,39.6359],[32.5058,39.638],[32.5072,39.6401],[32.5072,39.6428],[32.5115,39.6456],[32.5129,39.6472],[32.5159,39.6475],[32.5153,39.6498],[32.5169,39.6494],[32.5176,39.6506],[32.5192,39.6505],[32.5224,39.6538],[32.5237,39.6534],[32.5258,39.6544],[32.5265,39.6537],[32.5302,39.6544],[32.5327,39.6539],[32.5341,39.6551],[32.5359,39.6544],[32.5361,39.6533],[32.5384,39.6539],[32.5385,39.6553],[32.5403,39.6584],[32.5387,39.6591],[32.541,39.6639],[32.5458,39.6632],[32.545,39.6654],[32.548,39.6681],[32.5518,39.6679],[32.556,39.6658]]]]}},{"type":"Feature","properties":{"id":"golbasi-ballikpinar"},"geometry":{"type":"MultiPolygon","coordinates":[[[[32.704,39.7479],[32.7046,39.7476],[32.7048,39.7473],[32.7055,39.7474],[32.7058,39.7473],[32.7083,39.7473],[32.7094,39.7472],[32.7096,39.7473],[32.7097,39.7472],[32.7096,39.7469],[32.7121,39.7463],[32.7126,39.7467],[32.7169,39.7458],[32.7174,39.7473],[32.7186,39.7467],[32.7214,39.746],[32.7221,39.7479],[32.7241,39.7476],[32.7238,39.7467],[32.7257,39.7466],[32.7264,39.7444],[32.7369,39.7434],[32.737,39.7443],[32.7403,39.7441],[32.7398,39.7454],[32.7421,39.7476],[32.7426,39.747],[32.7429,39.747],[32.7432,39.7467],[32.7429,39.7466],[32.7433,39.746],[32.7431,39.746],[32.7443,39.7442],[32.7438,39.7435],[32.7441,39.743],[32.7444,39.7429],[32.7442,39.7422],[32.7442,39.7415],[32.748,39.7408],[32.7496,39.7401],[32.7496,39.7388],[32.7491,39.7386],[32.7497,39.7382],[32.751,39.7385],[32.7523,39.7384],[32.7553,39.7376],[32.7557,39.7362],[32.7595,39.732],[32.759,39.7301],[32.7601,39.7297],[32.7616,39.7286],[32.7635,39.7276],[32.765,39.7272],[32.766,39.7272],[32.7668,39.7272],[32.768,39.7276],[32.7696,39.7264],[32.7703,39.7255],[32.7702,39.7254],[32.7588,39.7242],[32.7558,39.725],[32.7541,39.7259],[32.7534,39.7166],[32.7492,39.7175],[32.7423,39.7173],[32.7401,39.7172],[32.7397,39.7169],[32.7392,39.7161],[32.7338,39.7158],[32.7335,39.7156],[32.7302,39.7158],[32.7312,39.715],[32.7313,39.7137],[32.7318,39.7122],[32.729,39.7116],[32.7286,39.7121],[32.727,39.7119],[32.7233,39.7121],[32.7231,39.7114],[32.721,39.7114],[32.7208,39.7124],[32.718,39.7125],[32.7184,39.7136],[32.7192,39.715],[32.7205,39.719],[32.7207,39.719],[32.7206,39.7192],[32.7208,39.7199],[32.7206,39.7204],[32.7208,39.7217],[32.7169,39.7218],[32.7172,39.7227],[32.7157,39.7228],[32.7148,39.7238],[32.7128,39.7253],[32.7127,39.7256],[32.7122,39.7263],[32.7103,39.7278],[32.7065,39.7295],[32.7037,39.7301],[32.7006,39.7312],[32.6986,39.7323],[32.6959,39.7333],[32.6955,39.7333],[32.694,39.734],[32.6933,39.7351],[32.6902,39.7376],[32.6881,39.7383],[32.6864,39.7399],[32.687,39.74],[32.6898,39.7415],[32.6927,39.7434],[32.6993,39.7452],[32.7026,39.7475],[32.7039,39.7481],[32.704,39.7479]]]]}},{"type":"Feature","properties":{"id":"golbasi-kirikli"},"geometry":{"type":"MultiPolygon","coordinates":[[[[32.812,39.5496],[32.8117,39.5479],[32.8132,39.5443],[32.8138,39.5436],[32.8161,39.5455],[32.817,39.5446],[32.8164,39.5421],[32.8167,39.5417],[32.8137,39.5323],[32.8135,39.5296],[32.8152,39.5289],[32.8169,39.5294],[32.8172,39.5276],[32.8199,39.5257],[32.8254,39.5252],[32.8285,39.5257],[32.8276,39.5238],[32.8248,39.524],[32.8218,39.5228],[32.822,39.5209],[32.8209,39.5192],[32.821,39.5157],[32.8218,39.5145],[32.8202,39.5122],[32.8002,39.5113],[32.7786,39.5118],[32.779,39.5126],[32.7791,39.5182],[32.7803,39.5291],[32.7815,39.5342],[32.783,39.5395],[32.7854,39.5439],[32.7886,39.5489],[32.7888,39.5495],[32.7948,39.5493],[32.7998,39.5493],[32.8017,39.5496],[32.8047,39.5505],[32.812,39.5496]]]]}},{"type":"Feature","properties":{"id":"golbasi-incek"},"geometry":{"type":"MultiPolygon","coordinates":[[[[32.6941,39.8268],[32.7008,39.8237],[32.703,39.8229],[32.7041,39.8227],[32.707,39.8227],[32.7096,39.8239],[32.7099,39.8233],[32.7113,39.819],[32.711,39.8183],[32.7111,39.8164],[32.7109,39.8128],[32.7111,39.8111],[32.7109,39.8091],[32.7116,39.8053],[32.7116,39.8015],[32.7125,39.7987],[32.7113,39.7981],[32.7106,39.798],[32.7111,39.7969],[32.7109,39.7956],[32.7107,39.7953],[32.7095,39.7949],[32.7074,39.7922],[32.703,39.79],[32.7013,39.7885],[32.6983,39.7873],[32.6987,39.7861],[32.6964,39.7851],[32.6948,39.7839],[32.6962,39.7834],[32.6968,39.7829],[32.6951,39.7819],[32.6963,39.7816],[32.6949,39.7801],[32.6934,39.7806],[32.6923,39.7801],[32.6907,39.7802],[32.6882,39.7797],[32.6863,39.7797],[32.6844,39.7798],[32.6834,39.7801],[32.6808,39.7786],[32.6793,39.7781],[32.6785,39.7781],[32.6777,39.7784],[32.6772,39.779],[32.6761,39.7816],[32.6723,39.784],[32.6707,39.7855],[32.6699,39.7867],[32.6696,39.7876],[32.6697,39.7886],[32.6681,39.7885],[32.6656,39.7886],[32.666,39.7897],[32.6703,39.7971],[32.6688,39.7978],[32.6693,39.7986],[32.6717,39.7998],[32.6715,39.8002],[32.6718,39.8009],[32.6731,39.802],[32.6718,39.8038],[32.673,39.8045],[32.6743,39.8047],[32.6744,39.8065],[32.6785,39.8123],[32.6789,39.8141],[32.6788,39.8177],[32.6828,39.8237],[32.685,39.8238],[32.6874,39.8217],[32.6941,39.8268]]]]}},{"type":"Feature","properties":{"id":"golbasi-yurtbeyi"},"geometry":{"type":"MultiPolygon","coordinates":[[[[32.858,39.7809],[32.8598,39.7803],[32.8635,39.7811],[32.8661,39.7809],[32.8669,39.7796],[32.8674,39.7796],[32.871,39.7765],[32.8751,39.7769],[32.8794,39.7762],[32.8809,39.7753],[32.8853,39.7734],[32.8877,39.7728],[32.8997,39.773],[32.9064,39.7773],[32.9119,39.7757],[32.9188,39.7773],[32.925,39.7783],[32.9343,39.7751],[32.9377,39.7711],[32.9304,39.7646],[32.9298,39.7619],[32.9225,39.761],[32.9207,39.7539],[32.9174,39.7466],[32.9109,39.7441],[32.9064,39.7389],[32.9023,39.7381],[32.9004,39.7345],[32.9012,39.7335],[32.8972,39.7285],[32.8915,39.7255],[32.885,39.7268],[32.8813,39.7264],[32.8799,39.7244],[32.8723,39.726],[32.867,39.7264],[32.863,39.7254],[32.8587,39.7247],[32.8548,39.7263],[32.8526,39.7276],[32.8508,39.7283],[32.852,39.7306],[32.8543,39.73],[32.8556,39.7292],[32.8565,39.729],[32.8565,39.7296],[32.8567,39.7301],[32.8563,39.7315],[32.8555,39.7318],[32.855,39.7323],[32.8486,39.734],[32.8466,39.7351],[32.8469,39.7362],[32.8462,39.7365],[32.8471,39.7381],[32.8487,39.7378],[32.8491,39.7394],[32.8503,39.7392],[32.8506,39.7396],[32.8504,39.7405],[32.8516,39.7407],[32.8515,39.7419],[32.8504,39.7417],[32.8501,39.7424],[32.8486,39.7419],[32.8475,39.741],[32.8436,39.7421],[32.8443,39.7451],[32.8446,39.7459],[32.8417,39.7461],[32.8387,39.7467],[32.8382,39.7471],[32.8388,39.7478],[32.8384,39.7481],[32.8366,39.7486],[32.8371,39.7496],[32.8359,39.75],[32.8361,39.7505],[32.8336,39.751],[32.8341,39.7518],[32.8333,39.7521],[32.8397,39.763],[32.8424,39.7687],[32.8434,39.7704],[32.8438,39.7708],[32.8468,39.7722],[32.8492,39.7741],[32.8497,39.7739],[32.8498,39.7744],[32.85,39.7744],[32.8517,39.7752],[32.8524,39.7751],[32.8539,39.7782],[32.8543,39.7785],[32.8543,39.7788],[32.8555,39.7796],[32.8562,39.7808],[32.8579,39.7816],[32.858,39.7809]]]]}},{"type":"Feature","properties":{"id":"golbasi-yaylabag"},"geometry":{"type":"MultiPolygon","coordinates":[[[[32.8282,39.8302],[32.83,39.8295],[32.8309,39.8296],[32.8344,39.8275],[32.8359,39.8272],[32.8379,39.8257],[32.8392,39.8239],[32.8394,39.821],[32.841,39.8197],[32.8432,39.8198],[32.8487,39.813],[32.8499,39.8108],[32.8518,39.8103],[32.8527,39.8102],[32.8565,39.8075],[32.8589,39.8088],[32.8572,39.8111],[32.8576,39.8115],[32.8576,39.8118],[32.8562,39.8126],[32.8565,39.8129],[32.8548,39.8146],[32.8543,39.8186],[32.8552,39.8191],[32.8577,39.8193],[32.8578,39.8198],[32.8596,39.8209],[32.8606,39.8222],[32.8625,39.8214],[32.8632,39.8208],[32.8642,39.8203],[32.8652,39.8191],[32.8664,39.818],[32.8694,39.8163],[32.8724,39.8136],[32.8788,39.809],[32.8842,39.8089],[32.8933,39.8013],[32.8975,39.8014],[32.9032,39.7976],[32.9028,39.7963],[32.9043,39.7942],[32.9064,39.7931],[32.9098,39.7921],[32.9122,39.7923],[32.9146,39.7922],[32.9156,39.7927],[32.9159,39.7908],[32.9185,39.7909],[32.918,39.789],[32.9199,39.7888],[32.9225,39.7892],[32.9245,39.7898],[32.9278,39.7897],[32.928,39.7887],[32.9284,39.7885],[32.9282,39.7867],[32.926,39.7852],[32.9265,39.785],[32.9257,39.783],[32.9261,39.782],[32.9255,39.7798],[32.926,39.7779],[32.925,39.7783],[32.9188,39.7773],[32.9119,39.7757],[32.9064,39.7773],[32.8997,39.773],[32.8877,39.7728],[32.8853,39.7734],[32.8809,39.7753],[32.8794,39.7762],[32.8751,39.7769],[32.871,39.7765],[32.8674,39.7796],[32.8669,39.7796],[32.8661,39.7809],[32.8635,39.7811],[32.8598,39.7803],[32.858,39.7809],[32.8579,39.7816],[32.8597,39.7842],[32.8585,39.7845],[32.8588,39.7863],[32.8584,39.7863],[32.8582,39.7872],[32.8577,39.7871],[32.8574,39.7878],[32.8588,39.7887],[32.8575,39.7898],[32.8568,39.7895],[32.8562,39.7906],[32.8612,39.7916],[32.8636,39.7912],[32.8628,39.7934],[32.8619,39.7953],[32.8622,39.7973],[32.8621,39.7984],[32.8614,39.7999],[32.86,39.8024],[32.8578,39.8023],[32.8565,39.8025],[32.8541,39.8018],[32.8518,39.8017],[32.8504,39.8025],[32.8447,39.808],[32.8361,39.8138],[32.822,39.8134],[32.8187,39.8137],[32.818,39.8182],[32.8183,39.8221],[32.8215,39.8239],[32.8261,39.8245],[32.8314,39.8242],[32.8324,39.8257],[32.8317,39.8272],[32.8274,39.8294],[32.8282,39.8302]]]]}},{"type":"Feature","properties":{"id":"golbasi-karsiyaka"},"geometry":{"type":"MultiPolygon","coordinates":[[[[32.797,39.8185],[32.7981,39.8161],[32.8017,39.8114],[32.8025,39.8102],[32.8035,39.8079],[32.804,39.8062],[32.803,39.8054],[32.8021,39.7957],[32.8012,39.7959],[32.801,39.7953],[32.8007,39.7949],[32.7993,39.794],[32.7812,39.7383],[32.7813,39.736],[32.7797,39.7349],[32.7785,39.7349],[32.776,39.7344],[32.7752,39.7345],[32.7746,39.735],[32.7738,39.7353],[32.7715,39.7353],[32.77,39.7349],[32.7697,39.735],[32.7674,39.7355],[32.7665,39.7359],[32.7653,39.736],[32.7643,39.7364],[32.7632,39.7373],[32.7624,39.7376],[32.7614,39.7377],[32.758,39.7376],[32.7573,39.7378],[32.7566,39.7381],[32.7555,39.739],[32.7543,39.7394],[32.7533,39.7395],[32.7536,39.741],[32.754,39.7421],[32.7601,39.7538],[32.7587,39.7542],[32.7512,39.7587],[32.7509,39.7591],[32.749,39.7606],[32.7496,39.7616],[32.7485,39.7615],[32.7459,39.7617],[32.7415,39.7626],[32.7379,39.7635],[32.7348,39.7647],[32.7325,39.7648],[32.7329,39.7662],[32.7356,39.7695],[32.7371,39.7723],[32.7376,39.7729],[32.7382,39.7744],[32.739,39.7753],[32.7409,39.7768],[32.7498,39.7907],[32.7499,39.7923],[32.7505,39.7943],[32.7538,39.8002],[32.7553,39.8002],[32.7581,39.7987],[32.7592,39.7979],[32.7601,39.7968],[32.763,39.7936],[32.7664,39.7904],[32.7677,39.7906],[32.769,39.7915],[32.7698,39.7916],[32.7701,39.792],[32.7706,39.792],[32.7721,39.7912],[32.7759,39.7895],[32.7812,39.7938],[32.7803,39.7962],[32.784,39.7954],[32.7881,39.7974],[32.7885,39.7988],[32.7882,39.8],[32.7886,39.8045],[32.7891,39.8063],[32.7891,39.808],[32.7884,39.8094],[32.7866,39.8104],[32.786,39.813],[32.7851,39.814],[32.7817,39.8156],[32.7837,39.8187],[32.787,39.8184],[32.7854,39.8208],[32.7966,39.821],[32.7968,39.8189],[32.797,39.8185]]]]}},{"type":"Feature","properties":{"id":"golbasi-cayirli"},"geometry":{"type":"MultiPolygon","coordinates":[[[[32.6265,39.663],[32.632,39.6614],[32.6309,39.6574],[32.634,39.6555],[32.6359,39.6552],[32.6314,39.6491],[32.6293,39.6455],[32.6272,39.6436],[32.6257,39.6418],[32.6252,39.6408],[32.6257,39.6402],[32.6258,39.6397],[32.6251,39.6363],[32.6248,39.6356],[32.6247,39.6346],[32.6241,39.6329],[32.6236,39.6319],[32.6229,39.6311],[32.622,39.6279],[32.6212,39.6261],[32.6185,39.6233],[32.6177,39.6228],[32.6166,39.6218],[32.6157,39.6201],[32.6156,39.6167],[32.615,39.6145],[32.6143,39.6105],[32.6135,39.6086],[32.6135,39.6079],[32.6146,39.602],[32.615,39.5984],[32.6139,39.5981],[32.6133,39.5973],[32.6127,39.5918],[32.6135,39.5891],[32.615,39.5862],[32.6065,39.5848],[32.6023,39.5819],[32.6032,39.5805],[32.6015,39.5799],[32.6005,39.5813],[32.595,39.5823],[32.59,39.5858],[32.5846,39.5872],[32.5844,39.5874],[32.5842,39.5865],[32.5795,39.5911],[32.5783,39.5919],[32.5808,39.5931],[32.5778,39.5959],[32.5777,39.5968],[32.5789,39.5979],[32.5742,39.6033],[32.5755,39.6037],[32.5743,39.6084],[32.5676,39.6115],[32.5669,39.6122],[32.5642,39.6142],[32.5611,39.6161],[32.5611,39.6163],[32.5597,39.6173],[32.5598,39.618],[32.5614,39.6198],[32.5623,39.6205],[32.5632,39.6202],[32.5641,39.6209],[32.5649,39.6209],[32.5654,39.6225],[32.5642,39.6228],[32.5643,39.6247],[32.5658,39.624],[32.5671,39.6228],[32.5685,39.6224],[32.5697,39.6237],[32.5684,39.6249],[32.5693,39.6263],[32.5709,39.6278],[32.5702,39.6291],[32.5714,39.6306],[32.5655,39.6311],[32.5656,39.6346],[32.5674,39.6377],[32.569,39.6423],[32.5725,39.6448],[32.5735,39.6461],[32.5753,39.6476],[32.5765,39.648],[32.5792,39.6532],[32.5784,39.6563],[32.5841,39.657],[32.5877,39.6585],[32.5917,39.6594],[32.5976,39.6634],[32.6035,39.6652],[32.6157,39.6625],[32.6194,39.6665],[32.6253,39.6633],[32.6265,39.663]]]]}},{"type":"Feature","properties":{"id":"golbasi-golbek"},"geometry":{"type":"MultiPolygon","coordinates":[[[[32.8713,39.3805],[32.8732,39.3778],[32.8762,39.3723],[32.8797,39.3665],[32.8834,39.3595],[32.8838,39.3591],[32.8847,39.3568],[32.8833,39.3547],[32.8837,39.3501],[32.8808,39.3489],[32.8816,39.3473],[32.8861,39.3437],[32.8887,39.342],[32.8913,39.3395],[32.8928,39.336],[32.8904,39.3353],[32.8871,39.3317],[32.8857,39.3294],[32.8825,39.3208],[32.8824,39.3193],[32.8814,39.3143],[32.8809,39.3103],[32.8799,39.3056],[32.8612,39.302],[32.8582,39.3004],[32.8563,39.3003],[32.8543,39.2983],[32.8494,39.2958],[32.8457,39.2919],[32.8434,39.2885],[32.84,39.2842],[32.8398,39.2832],[32.8349,39.2773],[32.8334,39.2809],[32.7852,39.3041],[32.7791,39.3056],[32.7791,39.3065],[32.7794,39.3069],[32.7799,39.3147],[32.7807,39.3189],[32.7826,39.3232],[32.7945,39.3371],[32.7943,39.3375],[32.7938,39.3375],[32.7931,39.3379],[32.7935,39.3385],[32.7928,39.34],[32.7931,39.3403],[32.7941,39.3402],[32.7971,39.3413],[32.7983,39.3427],[32.8029,39.345],[32.8022,39.3454],[32.806,39.3487],[32.8048,39.3491],[32.8072,39.3493],[32.8096,39.349],[32.8113,39.3482],[32.813,39.3496],[32.8159,39.3495],[32.8171,39.3493],[32.8182,39.3489],[32.8193,39.3482],[32.8276,39.3477],[32.8306,39.3464],[32.8325,39.3458],[32.8356,39.344],[32.8367,39.3446],[32.8374,39.3461],[32.837,39.3475],[32.8358,39.3538],[32.8382,39.3529],[32.8442,39.3686],[32.8424,39.3709],[32.844,39.3714],[32.8459,39.3723],[32.8477,39.371],[32.8564,39.3707],[32.8567,39.3711],[32.8566,39.3734],[32.8533,39.3803],[32.8548,39.3795],[32.8564,39.3799],[32.859,39.3816],[32.8625,39.3821],[32.8664,39.3829],[32.8713,39.3805]]]]}},{"type":"Feature","properties":{"id":"golbasi-selametli-sehit-emrah"},"geometry":{"type":"MultiPolygon","coordinates":[[[[32.7945,39.5115],[32.8002,39.5113],[32.8202,39.5122],[32.8225,39.5098],[32.8258,39.5106],[32.8285,39.5093],[32.8289,39.5075],[32.8296,39.507],[32.8293,39.5059],[32.8298,39.5057],[32.8288,39.5045],[32.8292,39.504],[32.8297,39.504],[32.8298,39.5034],[32.8286,39.5027],[32.8282,39.5029],[32.8265,39.5016],[32.826,39.5009],[32.8274,39.4992],[32.8272,39.4989],[32.8277,39.498],[32.8284,39.4971],[32.8299,39.4972],[32.8298,39.4949],[32.8292,39.494],[32.8283,39.4941],[32.8289,39.4926],[32.8288,39.4912],[32.8279,39.491],[32.8272,39.4905],[32.8283,39.4891],[32.8282,39.4889],[32.8266,39.4883],[32.8281,39.4876],[32.8266,39.4839],[32.8272,39.4808],[32.8285,39.4798],[32.8317,39.4805],[32.8316,39.4797],[32.8291,39.4787],[32.8302,39.477],[32.827,39.4754],[32.8274,39.4747],[32.8269,39.4739],[32.827,39.472],[32.8257,39.4698],[32.8242,39.4678],[32.8238,39.4694],[32.8223,39.4692],[32.8211,39.4677],[32.8194,39.4679],[32.8218,39.4655],[32.8213,39.4647],[32.8191,39.4639],[32.8173,39.4644],[32.8163,39.4636],[32.8145,39.4627],[32.8123,39.4628],[32.8087,39.4639],[32.808,39.4637],[32.8117,39.4581],[32.8097,39.4577],[32.8076,39.4579],[32.8065,39.4583],[32.8042,39.4573],[32.8046,39.4531],[32.8055,39.453],[32.8049,39.4504],[32.8051,39.4495],[32.8024,39.4472],[32.8038,39.4429],[32.8066,39.4421],[32.8057,39.4377],[32.8062,39.4364],[32.8049,39.4344],[32.8054,39.4316],[32.8074,39.4316],[32.8083,39.4275],[32.8065,39.427],[32.8083,39.4243],[32.8091,39.4222],[32.8065,39.42],[32.8052,39.4206],[32.8044,39.4188],[32.7971,39.416],[32.7945,39.4132],[32.7863,39.4124],[32.7796,39.4196],[32.7836,39.4226],[32.776,39.4362],[32.7707,39.4464],[32.7657,39.4466],[32.7673,39.4535],[32.762,39.4609],[32.764,39.4625],[32.7564,39.4668],[32.7511,39.4671],[32.7534,39.4706],[32.7501,39.4722],[32.7524,39.4801],[32.7468,39.4819],[32.7451,39.4852],[32.7332,39.4892],[32.7322,39.4915],[32.7385,39.4923],[32.7424,39.4883],[32.7519,39.4947],[32.7523,39.5079],[32.7584,39.5105],[32.7686,39.5129],[32.7706,39.5139],[32.7758,39.5129],[32.7771,39.5119],[32.7945,39.5115]]]]}},{"type":"Feature","properties":{"id":"golbasi-ahiboz"},"geometry":{"type":"MultiPolygon","coordinates":[[[[32.8494,39.6347],[32.8552,39.6335],[32.8625,39.6306],[32.8721,39.6314],[32.8687,39.6235],[32.8669,39.6208],[32.8663,39.6187],[32.8677,39.6161],[32.87,39.6153],[32.8713,39.6121],[32.8715,39.6107],[32.8699,39.6105],[32.8696,39.6097],[32.8698,39.6076],[32.8704,39.6059],[32.8712,39.6046],[32.8721,39.604],[32.8705,39.6027],[32.8694,39.602],[32.8699,39.6004],[32.8708,39.6003],[32.8704,39.5986],[32.8705,39.5984],[32.8727,39.5981],[32.8721,39.5971],[32.874,39.5971],[32.8756,39.5926],[32.8769,39.5927],[32.877,39.5921],[32.8757,39.5921],[32.8759,39.5902],[32.8763,39.5896],[32.8786,39.5891],[32.8764,39.5856],[32.8721,39.582],[32.8661,39.5718],[32.8602,39.5706],[32.8566,39.5681],[32.8562,39.5721],[32.8555,39.5759],[32.853,39.5764],[32.8519,39.5761],[32.8474,39.5778],[32.8424,39.5848],[32.8421,39.5868],[32.8424,39.5884],[32.8406,39.5883],[32.8406,39.5898],[32.8392,39.5923],[32.8391,39.593],[32.838,39.5939],[32.8383,39.594],[32.8372,39.5951],[32.8382,39.596],[32.8362,39.5956],[32.8362,39.5965],[32.8354,39.5992],[32.836,39.6005],[32.8342,39.6015],[32.8332,39.6029],[32.8321,39.6061],[32.8268,39.6064],[32.8251,39.6061],[32.8249,39.6067],[32.8231,39.6089],[32.821,39.6099],[32.8212,39.6101],[32.821,39.6103],[32.8212,39.6115],[32.8205,39.6127],[32.8201,39.614],[32.8206,39.6148],[32.8207,39.6155],[32.8201,39.6161],[32.8145,39.6171],[32.8178,39.6242],[32.8174,39.6243],[32.8195,39.6282],[32.8192,39.6314],[32.8211,39.6318],[32.8236,39.6314],[32.8271,39.632],[32.8287,39.6341],[32.8293,39.6344],[32.8298,39.6337],[32.8306,39.6341],[32.83,39.6349],[32.8302,39.635],[32.8308,39.6351],[32.8313,39.6345],[32.8399,39.6358],[32.8458,39.6354],[32.8494,39.6347]]]]}},{"type":"Feature","properties":{"id":"golbasi-karacaoren"},"geometry":{"type":"MultiPolygon","coordinates":[[[[32.8044,39.4188],[32.8113,39.4163],[32.8153,39.4125],[32.8192,39.4109],[32.8258,39.4138],[32.8243,39.4149],[32.8259,39.4151],[32.8257,39.4149],[32.8268,39.4149],[32.8268,39.415],[32.8288,39.4149],[32.8287,39.4141],[32.8293,39.4141],[32.8293,39.4104],[32.8306,39.4085],[32.8329,39.4061],[32.8336,39.4015],[32.8354,39.3953],[32.8357,39.3926],[32.8357,39.3901],[32.8355,39.3887],[32.836,39.3849],[32.8372,39.3833],[32.8382,39.3805],[32.8412,39.3755],[32.8418,39.3749],[32.8459,39.3723],[32.844,39.3714],[32.8424,39.3709],[32.8442,39.3686],[32.8382,39.3529],[32.8358,39.3538],[32.837,39.3475],[32.8374,39.3461],[32.8367,39.3446],[32.8356,39.344],[32.8325,39.3458],[32.8306,39.3464],[32.8276,39.3477],[32.8193,39.3482],[32.8182,39.3489],[32.8171,39.3493],[32.8159,39.3495],[32.813,39.3496],[32.8113,39.3482],[32.8096,39.349],[32.8072,39.3493],[32.8048,39.3491],[32.806,39.3487],[32.8022,39.3454],[32.8029,39.345],[32.7983,39.3427],[32.7967,39.3444],[32.7952,39.3454],[32.7898,39.3485],[32.7896,39.3484],[32.7881,39.3493],[32.7894,39.3509],[32.7892,39.3511],[32.7904,39.352],[32.7893,39.3534],[32.7872,39.3528],[32.7851,39.3528],[32.7849,39.3522],[32.7846,39.3519],[32.7825,39.3536],[32.7827,39.3539],[32.783,39.3537],[32.7834,39.3541],[32.7832,39.3543],[32.784,39.3555],[32.7831,39.3559],[32.7819,39.3567],[32.7814,39.3567],[32.7805,39.3573],[32.7802,39.3573],[32.7793,39.3579],[32.7791,39.3584],[32.7804,39.3601],[32.7794,39.3606],[32.7784,39.3594],[32.7772,39.3599],[32.7778,39.3607],[32.7772,39.361],[32.778,39.3623],[32.7774,39.3625],[32.778,39.364],[32.7742,39.3673],[32.7731,39.3677],[32.7712,39.3687],[32.7716,39.3691],[32.7708,39.3693],[32.7716,39.3705],[32.7693,39.3713],[32.7701,39.373],[32.7673,39.3744],[32.7676,39.3748],[32.7667,39.3753],[32.7658,39.3765],[32.7655,39.3787],[32.7648,39.3793],[32.7657,39.3805],[32.7641,39.3815],[32.7641,39.3859],[32.7669,39.3858],[32.768,39.387],[32.7687,39.387],[32.7695,39.3881],[32.7725,39.3898],[32.773,39.3912],[32.7722,39.3913],[32.7712,39.3939],[32.7731,39.3941],[32.7749,39.394],[32.7765,39.3974],[32.7771,39.3999],[32.7757,39.4019],[32.7807,39.4073],[32.7798,39.408],[32.7801,39.4128],[32.7804,39.4136],[32.7777,39.4168],[32.7766,39.4188],[32.7796,39.4196],[32.7863,39.4124],[32.7945,39.4132],[32.7971,39.416],[32.8044,39.4188]]]]}},{"type":"Feature","properties":{"id":"golbasi-ogulbey"},"geometry":{"type":"MultiPolygon","coordinates":[[[[32.8213,39.7216],[32.8216,39.7212],[32.8216,39.72],[32.822,39.7191],[32.8231,39.7179],[32.827,39.7171],[32.8271,39.7168],[32.8285,39.7165],[32.8284,39.7162],[32.8305,39.7156],[32.8306,39.7159],[32.8316,39.7157],[32.835,39.7144],[32.8359,39.7155],[32.8365,39.7148],[32.8383,39.7138],[32.8388,39.7139],[32.8391,39.7133],[32.8402,39.713],[32.8406,39.7125],[32.8417,39.7122],[32.8426,39.7117],[32.843,39.7109],[32.8501,39.7054],[32.8478,39.7004],[32.8478,39.7003],[32.8457,39.6996],[32.8497,39.6941],[32.8484,39.693],[32.8492,39.6903],[32.8519,39.6871],[32.8514,39.6823],[32.8491,39.6791],[32.8487,39.6788],[32.8514,39.6775],[32.8521,39.6785],[32.8537,39.6801],[32.8565,39.6786],[32.8541,39.6757],[32.8633,39.6715],[32.8598,39.6698],[32.8549,39.669],[32.8522,39.6704],[32.8516,39.6704],[32.8516,39.6693],[32.8513,39.6683],[32.8509,39.6679],[32.8479,39.6677],[32.846,39.669],[32.8436,39.6636],[32.8417,39.6548],[32.8412,39.6444],[32.842,39.6399],[32.8423,39.6397],[32.8404,39.6358],[32.8399,39.6358],[32.8313,39.6345],[32.8308,39.6351],[32.8302,39.635],[32.8218,39.6449],[32.8244,39.6469],[32.8261,39.6499],[32.8281,39.6536],[32.8282,39.6541],[32.8247,39.6554],[32.8245,39.6569],[32.8234,39.6567],[32.8232,39.657],[32.8253,39.6576],[32.8204,39.66],[32.8217,39.6633],[32.8195,39.665],[32.8113,39.6651],[32.8084,39.664],[32.8076,39.6657],[32.8075,39.6671],[32.8075,39.6679],[32.8085,39.6714],[32.8068,39.6715],[32.8059,39.6718],[32.8062,39.6722],[32.805,39.6732],[32.8027,39.6736],[32.7952,39.6733],[32.7944,39.6746],[32.7884,39.673],[32.7829,39.6749],[32.7728,39.674],[32.7736,39.6769],[32.7734,39.6782],[32.7724,39.6805],[32.7724,39.6839],[32.7741,39.6857],[32.7762,39.6883],[32.7771,39.6909],[32.7766,39.6925],[32.7745,39.6949],[32.7727,39.6991],[32.7719,39.7024],[32.7745,39.7046],[32.7766,39.7092],[32.7784,39.7115],[32.7792,39.7137],[32.7794,39.7167],[32.7805,39.7183],[32.7821,39.7178],[32.7866,39.7177],[32.7878,39.7179],[32.7895,39.716],[32.7924,39.7165],[32.7939,39.7152],[32.798,39.716],[32.7995,39.7171],[32.8004,39.7174],[32.802,39.717],[32.8034,39.7187],[32.8055,39.7195],[32.8087,39.7202],[32.8088,39.7207],[32.8139,39.7215],[32.8148,39.7213],[32.8199,39.7217],[32.8213,39.7216]]]]}},{"type":"Feature","properties":{"id":"golbasi-karaoglan"},"geometry":{"type":"MultiPolygon","coordinates":[[[[32.8387,39.7467],[32.8417,39.7461],[32.8446,39.7459],[32.8443,39.7451],[32.8436,39.7421],[32.8475,39.741],[32.8486,39.7419],[32.8501,39.7424],[32.8504,39.7417],[32.8515,39.7419],[32.8516,39.7407],[32.8504,39.7405],[32.8506,39.7396],[32.8503,39.7392],[32.8491,39.7394],[32.8487,39.7378],[32.8471,39.7381],[32.8462,39.7365],[32.8469,39.7362],[32.8466,39.7351],[32.8486,39.734],[32.855,39.7323],[32.8555,39.7318],[32.8563,39.7315],[32.8567,39.7301],[32.8565,39.7296],[32.8565,39.729],[32.856,39.7291],[32.8543,39.73],[32.852,39.7306],[32.8508,39.7283],[32.8526,39.7276],[32.8548,39.7263],[32.8587,39.7247],[32.863,39.7254],[32.867,39.7264],[32.8723,39.726],[32.8799,39.7244],[32.8794,39.7237],[32.8745,39.7222],[32.8651,39.7161],[32.8653,39.7109],[32.8621,39.7086],[32.8556,39.7086],[32.8562,39.7103],[32.8524,39.7138],[32.8445,39.7097],[32.843,39.7109],[32.8426,39.7117],[32.8417,39.7122],[32.8406,39.7125],[32.8402,39.713],[32.8391,39.7133],[32.8388,39.7139],[32.8383,39.7138],[32.8365,39.7148],[32.8359,39.7155],[32.835,39.7144],[32.8316,39.7157],[32.8306,39.7159],[32.8305,39.7156],[32.8284,39.7162],[32.8285,39.7165],[32.8271,39.7168],[32.827,39.7171],[32.8231,39.7179],[32.822,39.7191],[32.8216,39.72],[32.8216,39.7212],[32.8213,39.7216],[32.8199,39.7217],[32.8148,39.7213],[32.8139,39.7215],[32.8088,39.7207],[32.8087,39.7202],[32.8055,39.7195],[32.8034,39.7187],[32.802,39.717],[32.8004,39.7174],[32.7995,39.7171],[32.798,39.716],[32.7939,39.7152],[32.7924,39.7165],[32.7895,39.716],[32.7878,39.7179],[32.7866,39.7177],[32.7821,39.7178],[32.7805,39.7183],[32.782,39.7204],[32.7837,39.7248],[32.7845,39.7272],[32.7844,39.7292],[32.7846,39.732],[32.7848,39.7321],[32.7853,39.7341],[32.7846,39.7371],[32.7895,39.7386],[32.7931,39.7386],[32.7961,39.7388],[32.7979,39.7394],[32.7994,39.7392],[32.8007,39.7387],[32.8012,39.7388],[32.8017,39.7387],[32.8056,39.7387],[32.806,39.7388],[32.8051,39.7411],[32.8045,39.7437],[32.8043,39.7449],[32.8044,39.7466],[32.8192,39.7422],[32.8195,39.743],[32.8206,39.7428],[32.8204,39.7418],[32.8253,39.7404],[32.8305,39.7473],[32.8333,39.7521],[32.8341,39.7518],[32.8336,39.751],[32.8361,39.7505],[32.8359,39.75],[32.8371,39.7496],[32.8366,39.7486],[32.8384,39.7481],[32.8388,39.7478],[32.8382,39.7471],[32.8387,39.7467]]]]}},{"type":"Feature","properties":{"id":"golbasi-yaglipinar"},"geometry":{"type":"MultiPolygon","coordinates":[[[[32.7884,39.673],[32.7944,39.6746],[32.7952,39.6733],[32.8027,39.6736],[32.805,39.6732],[32.8062,39.6722],[32.8059,39.6718],[32.8068,39.6715],[32.8085,39.6714],[32.8075,39.6679],[32.8075,39.6671],[32.8076,39.6657],[32.8084,39.664],[32.8113,39.6651],[32.8195,39.665],[32.8217,39.6633],[32.8204,39.66],[32.8253,39.6576],[32.8232,39.657],[32.8234,39.6567],[32.8245,39.6569],[32.8247,39.6554],[32.8282,39.6541],[32.8281,39.6536],[32.8261,39.6499],[32.8244,39.6469],[32.8218,39.6449],[32.8302,39.635],[32.83,39.6349],[32.8306,39.6341],[32.8298,39.6337],[32.8293,39.6344],[32.8287,39.6341],[32.8271,39.632],[32.8236,39.6314],[32.8211,39.6318],[32.8192,39.6314],[32.8195,39.6282],[32.8174,39.6243],[32.816,39.6243],[32.8155,39.6287],[32.8125,39.6281],[32.8109,39.6298],[32.809,39.6293],[32.8002,39.6334],[32.799,39.6336],[32.7936,39.631],[32.7874,39.6305],[32.7867,39.6305],[32.7834,39.6327],[32.7828,39.6325],[32.7814,39.6309],[32.7795,39.6298],[32.7788,39.63],[32.7775,39.6312],[32.7775,39.6315],[32.7771,39.6319],[32.772,39.633],[32.7716,39.6341],[32.7711,39.6345],[32.7721,39.6368],[32.774,39.6432],[32.7744,39.6473],[32.7735,39.6497],[32.7739,39.6524],[32.7731,39.654],[32.772,39.6555],[32.7715,39.6566],[32.771,39.6593],[32.7696,39.6636],[32.7699,39.6645],[32.7705,39.665],[32.7706,39.6666],[32.7695,39.6673],[32.7696,39.6682],[32.7714,39.672],[32.7728,39.674],[32.7829,39.6749],[32.7884,39.673]]]]}},{"type":"Feature","properties":{"id":"golbasi-gunalan"},"geometry":{"type":"MultiPolygon","coordinates":[[[[32.9181,39.6076],[32.9187,39.6071],[32.9216,39.6088],[32.9267,39.6057],[32.9251,39.6027],[32.9319,39.6009],[32.9295,39.5986],[32.9316,39.5954],[32.9343,39.5954],[32.9324,39.5904],[32.9281,39.5883],[32.9184,39.5821],[32.9119,39.5835],[32.913,39.5854],[32.9063,39.5906],[32.9001,39.5929],[32.8906,39.5937],[32.8831,39.5902],[32.8801,39.5914],[32.8786,39.5891],[32.8763,39.5896],[32.8759,39.5902],[32.8757,39.5921],[32.877,39.5921],[32.8769,39.5927],[32.8756,39.5926],[32.874,39.5971],[32.8721,39.5971],[32.8727,39.5981],[32.8705,39.5984],[32.8704,39.5986],[32.8708,39.6003],[32.8699,39.6004],[32.8694,39.602],[32.8705,39.6027],[32.8721,39.604],[32.8712,39.6046],[32.8704,39.6059],[32.8698,39.6076],[32.8696,39.6097],[32.8699,39.6105],[32.8715,39.6107],[32.8713,39.6121],[32.87,39.6153],[32.8677,39.6161],[32.8663,39.6187],[32.8669,39.6208],[32.8687,39.6235],[32.8721,39.6314],[32.8728,39.6315],[32.88,39.6367],[32.8819,39.6392],[32.8906,39.6419],[32.8944,39.6382],[32.8989,39.6277],[32.899,39.6209],[32.8973,39.6196],[32.8979,39.6179],[32.8987,39.6173],[32.899,39.6163],[32.9011,39.6144],[32.9058,39.6129],[32.9066,39.6124],[32.9101,39.6113],[32.9129,39.61],[32.9157,39.6098],[32.9164,39.608],[32.9181,39.6076]]]]}},{"type":"Feature","properties":{"id":"golbasi-safak"},"geometry":{"type":"MultiPolygon","coordinates":[[[[32.8154,39.8132],[32.8164,39.812],[32.8167,39.8122],[32.8171,39.812],[32.8164,39.8112],[32.8162,39.8107],[32.8166,39.8104],[32.8162,39.8076],[32.8158,39.8073],[32.8144,39.805],[32.8139,39.8027],[32.8123,39.7999],[32.8149,39.799],[32.8155,39.7986],[32.8159,39.7981],[32.817,39.7952],[32.8154,39.7951],[32.8143,39.7952],[32.8137,39.7957],[32.813,39.7958],[32.8125,39.7955],[32.8126,39.7953],[32.8123,39.7951],[32.808,39.7945],[32.8074,39.7939],[32.8067,39.794],[32.8064,39.7956],[32.8038,39.807],[32.8033,39.8086],[32.8023,39.8105],[32.8073,39.8128],[32.8105,39.8138],[32.8122,39.8141],[32.8146,39.8141],[32.8154,39.8132]]]]}},{"type":"Feature","properties":{"id":"yenimahalle-ivedikosb"},"geometry":{"type":"MultiPolygon","coordinates":[[[[32.7626,40.0058],[32.7627,40.001],[32.7676,40.001],[32.7676,39.9923],[32.7667,39.9922],[32.7646,39.9913],[32.76,39.9906],[32.7562,39.9882],[32.7534,39.9868],[32.751,39.9855],[32.7505,39.9853],[32.7492,39.9851],[32.7481,39.9852],[32.7478,39.986],[32.7471,39.9859],[32.7429,39.9863],[32.7397,39.9837],[32.7348,39.9856],[32.7351,39.9846],[32.733,39.9843],[32.7311,39.983],[32.7304,39.9837],[32.7298,39.985],[32.7291,39.9858],[32.7309,39.9873],[32.7296,39.9883],[32.7299,39.9943],[32.7295,39.9949],[32.7307,39.9966],[32.7367,39.9974],[32.7403,39.9986],[32.7449,39.9989],[32.7481,39.9997],[32.7522,40.0011],[32.7597,40.005],[32.7621,40.0064],[32.7626,40.0058]]]]}},{"type":"Feature","properties":{"id":"yenimahalle-ostim-osb"},"geometry":{"type":"MultiPolygon","coordinates":[[[[32.7429,39.9863],[32.7471,39.9859],[32.7478,39.986],[32.7482,39.9853],[32.7471,39.9848],[32.7498,39.98],[32.7523,39.9802],[32.7527,39.98],[32.7546,39.979],[32.758,39.9765],[32.7592,39.9759],[32.7594,39.9755],[32.7591,39.9754],[32.7594,39.9747],[32.7602,39.9752],[32.761,39.9746],[32.7624,39.9744],[32.7612,39.9735],[32.7637,39.9732],[32.7634,39.9731],[32.7631,39.9722],[32.7597,39.9724],[32.7594,39.971],[32.7558,39.9698],[32.7579,39.9668],[32.7557,39.9656],[32.7565,39.9646],[32.7561,39.9635],[32.7577,39.9631],[32.7574,39.9624],[32.757,39.9622],[32.7569,39.9602],[32.756,39.9583],[32.7567,39.9581],[32.7567,39.9574],[32.7542,39.9556],[32.7539,39.9558],[32.7535,39.9555],[32.7534,39.9551],[32.7521,39.9551],[32.7522,39.9567],[32.7516,39.9577],[32.7488,39.9583],[32.7489,39.9598],[32.748,39.9601],[32.7481,39.9608],[32.7479,39.9642],[32.7454,39.9635],[32.7435,39.9635],[32.7435,39.9642],[32.7428,39.9649],[32.7396,39.9661],[32.739,39.968],[32.7369,39.9673],[32.7364,39.9668],[32.7358,39.967],[32.7355,39.9674],[32.7357,39.9675],[32.7351,39.9711],[32.735,39.9757],[32.7358,39.9784],[32.7348,39.9791],[32.7334,39.9804],[32.736,39.981],[32.7349,39.9821],[32.7347,39.9828],[32.7345,39.9835],[32.7353,39.9838],[32.7348,39.9856],[32.7397,39.9837],[32.7429,39.9863]],[[32.752,39.9703],[32.7521,39.9697],[32.7551,39.9699],[32.7547,39.9725],[32.7518,39.9719],[32.752,39.9703]]]]}},{"type":"Feature","properties":{"id":"yenimahalle-gazi"},"geometry":{"type":"MultiPolygon","coordinates":[[[[32.8278,39.9554],[32.8289,39.9554],[32.8303,39.9549],[32.8354,39.9511],[32.8305,39.9457],[32.8287,39.9435],[32.8246,39.9455],[32.8228,39.9459],[32.8212,39.9459],[32.8162,39.9447],[32.817,39.9429],[32.8139,39.9424],[32.8114,39.9414],[32.807,39.9402],[32.8055,39.9398],[32.8045,39.9399],[32.8017,39.941],[32.8007,39.9411],[32.7983,39.9402],[32.796,39.9397],[32.7959,39.94],[32.7949,39.9398],[32.7904,39.9384],[32.7893,39.938],[32.7844,39.935],[32.7813,39.9342],[32.7759,39.9329],[32.7756,39.9331],[32.7728,39.9323],[32.7653,39.931],[32.7624,39.9308],[32.7596,39.9309],[32.7596,39.9314],[32.7607,39.9319],[32.7613,39.9325],[32.7636,39.9389],[32.7634,39.9417],[32.7621,39.9451],[32.7701,39.9451],[32.7732,39.9454],[32.7838,39.9474],[32.786,39.9481],[32.791,39.9506],[32.7936,39.9514],[32.8025,39.9527],[32.8278,39.9554]]]]}},{"type":"Feature","properties":{"id":"yenimahalle-ergenekon"},"geometry":{"type":"MultiPolygon","coordinates":[[[[32.81,39.9765],[32.8101,39.9764],[32.8113,39.9768],[32.8117,39.9762],[32.8121,39.9763],[32.8123,39.9762],[32.8126,39.9759],[32.8127,39.9748],[32.813,39.9742],[32.8125,39.9741],[32.8105,39.9718],[32.8086,39.9699],[32.8053,39.9705],[32.8045,39.9711],[32.8007,39.9711],[32.8009,39.9726],[32.8008,39.9727],[32.8024,39.9747],[32.8034,39.9755],[32.8038,39.9757],[32.8043,39.9764],[32.805,39.9768],[32.8052,39.9777],[32.8058,39.9774],[32.8084,39.9771],[32.81,39.9765]]]]}},{"type":"Feature","properties":{"id":"yenimahalle-carsi"},"geometry":{"type":"MultiPolygon","coordinates":[[[[32.8111,39.9667],[32.8098,39.9667],[32.81,39.9661],[32.8064,39.9661],[32.8048,39.9682],[32.8069,39.9693],[32.808,39.9695],[32.8083,39.9693],[32.8087,39.9697],[32.8096,39.9697],[32.8095,39.9689],[32.8096,39.9686],[32.8102,39.9683],[32.8111,39.9683],[32.8111,39.9667]]]]}},{"type":"Feature","properties":{"id":"yenimahalle-yesilevler"},"geometry":{"type":"MultiPolygon","coordinates":[[[[32.7885,39.978],[32.79,39.9793],[32.7905,39.9791],[32.7898,39.9784],[32.792,39.977],[32.7927,39.9771],[32.7928,39.9774],[32.7933,39.9776],[32.7937,39.9768],[32.7931,39.9762],[32.7933,39.9762],[32.7927,39.9756],[32.7891,39.9719],[32.7882,39.971],[32.7863,39.9697],[32.7854,39.9701],[32.7842,39.971],[32.7796,39.9784],[32.7844,39.9818],[32.7876,39.9786],[32.7885,39.978]]]]}},{"type":"Feature","properties":{"id":"yenimahalle-kaletepe"},"geometry":{"type":"MultiPolygon","coordinates":[[[[32.7917,39.9807],[32.7914,39.9804],[32.791,39.9806],[32.7903,39.98],[32.7911,39.9796],[32.7905,39.9791],[32.79,39.9793],[32.7885,39.978],[32.7876,39.9786],[32.7845,39.9817],[32.7841,39.9823],[32.7833,39.983],[32.7832,39.9834],[32.7846,39.9842],[32.7856,39.9852],[32.7863,39.9854],[32.7875,39.9855],[32.7898,39.9862],[32.7911,39.9871],[32.7941,39.9859],[32.7953,39.9852],[32.797,39.9838],[32.7959,39.9832],[32.7931,39.9824],[32.7917,39.9807]]]]}},{"type":"Feature","properties":{"id":"yenimahalle-susuz"},"geometry":{"type":"MultiPolygon","coordinates":[[[[32.6688,40.0597],[32.6702,40.0592],[32.6719,40.0577],[32.6739,40.0564],[32.6755,40.0551],[32.6793,40.0534],[32.6814,40.0523],[32.6814,40.0507],[32.6802,40.0498],[32.6812,40.0481],[32.68,40.0467],[32.6782,40.0437],[32.6756,40.0412],[32.6757,40.0403],[32.6738,40.0377],[32.6728,40.0368],[32.6741,40.036],[32.6792,40.031],[32.6811,40.0295],[32.6846,40.0278],[32.6912,40.0238],[32.6941,40.0235],[32.6921,40.021],[32.6925,40.0208],[32.6917,40.019],[32.6922,40.019],[32.6912,40.016],[32.6916,40.0157],[32.6903,40.0144],[32.6897,40.0134],[32.6895,40.0128],[32.6894,40.0117],[32.6887,40.0107],[32.6883,40.0094],[32.6878,40.0072],[32.6878,40.0053],[32.688,40.0032],[32.6886,40.0016],[32.6893,40.0002],[32.6894,39.9992],[32.6893,39.9986],[32.689,39.9986],[32.6878,39.9938],[32.6786,39.9944],[32.6717,39.9959],[32.6543,40.0033],[32.6541,40.0036],[32.6535,40.0034],[32.6483,40.0035],[32.6483,40.0029],[32.648,40.0029],[32.6477,40.0031],[32.6474,40.0035],[32.6464,40.0036],[32.646,40.0038],[32.6454,40.0038],[32.6451,40.0036],[32.6391,40.0037],[32.6377,40.004],[32.6375,40.0037],[32.6344,40.0038],[32.6241,40.019],[32.622,40.0215],[32.6197,40.0235],[32.607,40.0316],[32.6011,40.0358],[32.605,40.0361],[32.61,40.0348],[32.6142,40.033],[32.618,40.0316],[32.6217,40.0283],[32.627,40.0276],[32.6305,40.0259],[32.6345,40.0341],[32.636,40.035],[32.638,40.0352],[32.6386,40.0349],[32.6391,40.0336],[32.6422,40.0344],[32.6491,40.0352],[32.6549,40.0343],[32.6532,40.0378],[32.6521,40.0425],[32.6532,40.0436],[32.6557,40.0451],[32.6553,40.0466],[32.6544,40.0478],[32.6533,40.0487],[32.6538,40.049],[32.6557,40.051],[32.6582,40.0518],[32.6595,40.0524],[32.6607,40.0532],[32.6624,40.0558],[32.6651,40.059],[32.6681,40.0598],[32.6688,40.0597]]]]}},{"type":"Feature","properties":{"id":"yenimahalle-burc"},"geometry":{"type":"MultiPolygon","coordinates":[[[[32.7998,39.9909],[32.8,39.9909],[32.8001,39.9907],[32.8003,39.9907],[32.8002,39.991],[32.8004,39.991],[32.8006,39.9908],[32.8003,39.9907],[32.8004,39.9905],[32.8007,39.9906],[32.8021,39.9892],[32.8025,39.9889],[32.8029,39.9887],[32.8048,39.9887],[32.8052,39.9883],[32.8049,39.9872],[32.805,39.9871],[32.8041,39.9869],[32.8048,39.9843],[32.8053,39.9829],[32.8045,39.9829],[32.8037,39.982],[32.8031,39.9818],[32.8025,39.9845],[32.7984,39.9871],[32.7938,39.9892],[32.7942,39.9894],[32.7989,39.9906],[32.7996,39.9911],[32.7998,39.9909]]]]}},{"type":"Feature","properties":{"id":"yenimahalle-camlica"},"geometry":{"type":"MultiPolygon","coordinates":[[[[32.7726,39.9453],[32.7719,39.9468],[32.7715,39.948],[32.771,39.9529],[32.7711,39.9566],[32.7713,39.9591],[32.7718,39.9611],[32.7804,39.9601],[32.7889,39.9584],[32.7902,39.958],[32.7904,39.9556],[32.7915,39.9508],[32.786,39.9481],[32.7838,39.9474],[32.7726,39.9453]]]]}},{"type":"Feature","properties":{"id":"yenimahalle-25-mart"},"geometry":{"type":"MultiPolygon","coordinates":[[[[32.7916,39.9508],[32.7915,39.9508],[32.7913,39.9513],[32.7904,39.9556],[32.7902,39.958],[32.7997,39.9563],[32.7998,39.9553],[32.8014,39.9526],[32.7939,39.9514],[32.7916,39.9508]]]]}},{"type":"Feature","properties":{"id":"yenimahalle-baris"},"geometry":{"type":"MultiPolygon","coordinates":[[[[32.798,39.9706],[32.7978,39.97],[32.7994,39.9704],[32.7986,39.9675],[32.798,39.9648],[32.7932,39.9668],[32.7931,39.9688],[32.7929,39.9699],[32.7962,39.9697],[32.7972,39.9703],[32.798,39.9706]]]]}},{"type":"Feature","properties":{"id":"yenimahalle-demetgul"},"geometry":{"type":"MultiPolygon","coordinates":[[[[32.7952,39.9572],[32.7902,39.958],[32.7932,39.9668],[32.798,39.9648],[32.7952,39.9572]]]]}},{"type":"Feature","properties":{"id":"yenimahalle-kayalar"},"geometry":{"type":"MultiPolygon","coordinates":[[[[32.8001,39.9816],[32.7995,39.9812],[32.799,39.9813],[32.7988,39.9806],[32.7964,39.9784],[32.7945,39.9762],[32.7931,39.9762],[32.7937,39.9768],[32.7933,39.9776],[32.7928,39.9774],[32.7927,39.9771],[32.792,39.977],[32.7898,39.9784],[32.7911,39.9796],[32.7903,39.98],[32.791,39.9806],[32.7914,39.9804],[32.7931,39.9824],[32.7959,39.9832],[32.797,39.9838],[32.8001,39.9816]]]]}},{"type":"Feature","properties":{"id":"yenimahalle-karsiyaka"},"geometry":{"type":"MultiPolygon","coordinates":[[[[32.7938,39.9762],[32.7933,39.9753],[32.7937,39.9751],[32.7932,39.974],[32.7927,39.971],[32.7931,39.9688],[32.7932,39.9668],[32.7863,39.9697],[32.7885,39.9713],[32.7933,39.9762],[32.7938,39.9762]]]]}},{"type":"Feature","properties":{"id":"yenimahalle-esentepe"},"geometry":{"type":"MultiPolygon","coordinates":[[[[32.8007,39.9711],[32.8045,39.9711],[32.8053,39.9705],[32.8086,39.9699],[32.8086,39.9696],[32.8083,39.9693],[32.808,39.9695],[32.8069,39.9693],[32.8048,39.9682],[32.8055,39.9673],[32.8037,39.9665],[32.8035,39.9669],[32.8027,39.9668],[32.8022,39.967],[32.8019,39.9672],[32.8016,39.9677],[32.7985,39.9672],[32.7993,39.9703],[32.8,39.971],[32.8007,39.9711]]]]}},{"type":"Feature","properties":{"id":"yenimahalle-isinlar"},"geometry":{"type":"MultiPolygon","coordinates":[[[[32.8188,39.969],[32.8244,39.9561],[32.8239,39.956],[32.8231,39.9553],[32.8232,39.9549],[32.8201,39.9546],[32.8166,39.9591],[32.8152,39.9604],[32.8129,39.9617],[32.8111,39.9623],[32.8111,39.9634],[32.8122,39.9631],[32.8138,39.9641],[32.8144,39.9634],[32.8177,39.9646],[32.8166,39.9688],[32.8188,39.969]]]]}},{"type":"Feature","properties":{"id":"yenimahalle-kuzey-yildizi"},"geometry":{"type":"MultiPolygon","coordinates":[[[[32.8058,40.0662],[32.8032,40.059],[32.8034,40.0539],[32.8063,40.0541],[32.8064,40.0533],[32.8075,40.0532],[32.8076,40.0525],[32.8063,40.0522],[32.8069,40.0512],[32.8067,40.0511],[32.8072,40.0506],[32.8071,40.0504],[32.808,40.049],[32.8065,40.0486],[32.8066,40.0483],[32.8072,40.0477],[32.8064,40.0474],[32.8061,40.0459],[32.8052,40.0447],[32.8051,40.0438],[32.8061,40.042],[32.8058,40.0419],[32.8066,40.0404],[32.8065,40.0396],[32.8077,40.039],[32.8055,40.0369],[32.8061,40.0366],[32.8037,40.0343],[32.8037,40.0341],[32.8042,40.0339],[32.8017,40.0312],[32.8029,40.0302],[32.8024,40.0301],[32.797,40.0256],[32.7981,40.0246],[32.7932,40.0218],[32.7884,40.0186],[32.7868,40.0199],[32.7862,40.0209],[32.7863,40.0211],[32.7849,40.0231],[32.7838,40.0234],[32.7796,40.0261],[32.7763,40.0248],[32.7734,40.0249],[32.7736,40.0256],[32.7742,40.0259],[32.7733,40.0266],[32.7715,40.0258],[32.7719,40.027],[32.7724,40.0274],[32.7739,40.0282],[32.7735,40.0288],[32.7755,40.0285],[32.7753,40.0293],[32.7757,40.0307],[32.7754,40.0327],[32.7761,40.0346],[32.7752,40.0371],[32.7754,40.0376],[32.7749,40.0379],[32.7745,40.0391],[32.7747,40.0408],[32.7741,40.042],[32.775,40.0457],[32.7739,40.049],[32.7743,40.0511],[32.7758,40.0552],[32.776,40.0565],[32.776,40.0581],[32.7778,40.0584],[32.7767,40.0594],[32.7745,40.0596],[32.7721,40.0611],[32.7734,40.0639],[32.7733,40.0651],[32.7738,40.0656],[32.7737,40.0665],[32.7752,40.068],[32.7756,40.0692],[32.7739,40.0704],[32.7745,40.071],[32.7741,40.0716],[32.7753,40.075],[32.7762,40.0764],[32.7774,40.0786],[32.7773,40.0801],[32.7775,40.081],[32.783,40.0813],[32.7855,40.0819],[32.7857,40.0821],[32.7858,40.0859],[32.786,40.0861],[32.7863,40.085],[32.7869,40.0838],[32.7912,40.0812],[32.7906,40.0778],[32.8058,40.0662]]]]}},{"type":"Feature","properties":{"id":"yenimahalle-ivedikkoy"},"geometry":{"type":"MultiPolygon","coordinates":[[[[32.7702,40.022],[32.7735,40.0183],[32.7735,40.0177],[32.7755,40.0177],[32.7799,40.0187],[32.7863,40.0211],[32.7862,40.0209],[32.787,40.0196],[32.7891,40.0181],[32.7904,40.0157],[32.7911,40.0148],[32.7921,40.0137],[32.7925,40.0136],[32.7931,40.0132],[32.7872,40.0112],[32.784,40.0098],[32.7838,40.0083],[32.7851,40.004],[32.7839,40.0005],[32.7843,40.0004],[32.784,39.9947],[32.7843,39.9894],[32.7823,39.9886],[32.7759,39.9868],[32.7737,39.987],[32.7719,39.9883],[32.7711,39.9886],[32.7684,39.989],[32.7676,39.9923],[32.7676,40.001],[32.7627,40.001],[32.7626,40.0058],[32.7621,40.0064],[32.7597,40.005],[32.7537,40.002],[32.7553,40.0088],[32.7573,40.0168],[32.7606,40.021],[32.761,40.0212],[32.7611,40.0216],[32.762,40.0215],[32.7684,40.0244],[32.7687,40.0237],[32.7702,40.022]]]]}},{"type":"Feature","properties":{"id":"yenimahalle-yakacik"},"geometry":{"type":"MultiPolygon","coordinates":[[[[32.7702,40.0614],[32.7721,40.0611],[32.7745,40.0596],[32.7767,40.0594],[32.7778,40.0584],[32.776,40.0581],[32.776,40.0565],[32.7758,40.0552],[32.7743,40.0511],[32.7739,40.049],[32.775,40.0457],[32.7741,40.042],[32.7747,40.0408],[32.7745,40.0391],[32.7749,40.0379],[32.7754,40.0376],[32.7752,40.0371],[32.7761,40.0346],[32.7754,40.0327],[32.7758,40.0309],[32.7753,40.0293],[32.7755,40.0285],[32.7735,40.0288],[32.7739,40.0282],[32.7724,40.0274],[32.7719,40.027],[32.7715,40.0258],[32.7733,40.0266],[32.7742,40.0259],[32.7736,40.0256],[32.7734,40.0249],[32.7763,40.0248],[32.7796,40.0261],[32.7838,40.0234],[32.7849,40.0231],[32.7863,40.0211],[32.7799,40.0187],[32.7755,40.0177],[32.7735,40.0177],[32.7735,40.0183],[32.7687,40.0237],[32.7684,40.0244],[32.762,40.0215],[32.7611,40.0216],[32.761,40.0212],[32.7606,40.021],[32.7573,40.0168],[32.7546,40.0058],[32.7533,40.0063],[32.7529,40.0067],[32.7531,40.0069],[32.753,40.0074],[32.7535,40.009],[32.7547,40.009],[32.7547,40.0119],[32.7545,40.0123],[32.7513,40.0121],[32.7517,40.0142],[32.7485,40.0138],[32.747,40.0172],[32.7428,40.0224],[32.7422,40.0248],[32.7424,40.0265],[32.743,40.0269],[32.7448,40.0288],[32.7447,40.0295],[32.7429,40.0315],[32.7432,40.0317],[32.7434,40.0342],[32.7433,40.0348],[32.7437,40.0356],[32.7438,40.0361],[32.7435,40.0364],[32.7434,40.0368],[32.7437,40.0369],[32.7437,40.038],[32.7441,40.0387],[32.744,40.0396],[32.7438,40.0397],[32.7442,40.0404],[32.7434,40.0407],[32.7435,40.0411],[32.7429,40.0414],[32.7428,40.0419],[32.7418,40.0425],[32.7449,40.0447],[32.7456,40.0463],[32.7464,40.0472],[32.747,40.0488],[32.7472,40.05],[32.7465,40.0511],[32.7458,40.0517],[32.7465,40.0527],[32.7465,40.0533],[32.7462,40.0539],[32.7469,40.0548],[32.7463,40.0569],[32.7501,40.0567],[32.7523,40.0564],[32.7532,40.0565],[32.7558,40.0577],[32.7563,40.0578],[32.7552,40.0591],[32.7571,40.0597],[32.7572,40.0602],[32.7579,40.0602],[32.761,40.0629],[32.7633,40.0638],[32.7634,40.0641],[32.7642,40.0645],[32.765,40.0647],[32.7684,40.0652],[32.769,40.0647],[32.7693,40.0636],[32.7692,40.0631],[32.7706,40.0621],[32.7702,40.0614]]]]}},{"type":"Feature","properties":{"id":"yenimahalle-yukari-yahyalar"},"geometry":{"type":"MultiPolygon","coordinates":[[[[32.7816,39.9835],[32.7832,39.9835],[32.7833,39.983],[32.7841,39.9823],[32.7844,39.9818],[32.7796,39.9784],[32.7762,39.9836],[32.7759,39.9851],[32.7759,39.9868],[32.7782,39.9875],[32.778,39.987],[32.7788,39.9867],[32.7786,39.9862],[32.7788,39.9859],[32.7805,39.9846],[32.781,39.9838],[32.7816,39.9835]]]]}},{"type":"Feature","properties":{"id":"yenimahalle-asagi-yahyalar"},"geometry":{"type":"MultiPolygon","coordinates":[[[[32.7759,39.9868],[32.7759,39.9851],[32.7762,39.9838],[32.7785,39.9801],[32.7749,39.9753],[32.775,39.975],[32.7753,39.9744],[32.7662,39.975],[32.7662,39.9758],[32.7701,39.9799],[32.7704,39.9833],[32.7709,39.9843],[32.7709,39.9849],[32.7712,39.9853],[32.7714,39.9859],[32.7709,39.9877],[32.7711,39.9886],[32.7724,39.9881],[32.7737,39.987],[32.7759,39.9868]]]]}},{"type":"Feature","properties":{"id":"yenimahalle-demetlale"},"geometry":{"type":"MultiPolygon","coordinates":[[[[32.7902,39.958],[32.7869,39.9588],[32.7901,39.9681],[32.7932,39.9668],[32.7902,39.958]]]]}},{"type":"Feature","properties":{"id":"yenimahalle-ergazi"},"geometry":{"type":"MultiPolygon","coordinates":[[[[32.7205,39.9582],[32.7201,39.9571],[32.7189,39.9554],[32.7132,39.95],[32.7118,39.9476],[32.7118,39.947],[32.7121,39.9457],[32.7091,39.9464],[32.7066,39.9474],[32.6999,39.9515],[32.7029,39.9561],[32.705,39.9561],[32.7056,39.9566],[32.7029,39.9573],[32.704,39.9616],[32.705,39.9634],[32.711,39.9607],[32.7205,39.9582]]]]}},{"type":"Feature","properties":{"id":"yenimahalle-kentkoop"},"geometry":{"type":"MultiPolygon","coordinates":[[[[32.7241,39.9697],[32.7263,39.9688],[32.7289,39.9674],[32.7324,39.9666],[32.7334,39.9661],[32.7336,39.9649],[32.7334,39.9635],[32.7291,39.958],[32.7209,39.9581],[32.7167,39.9593],[32.711,39.9607],[32.705,39.9634],[32.7079,39.9699],[32.7105,39.9696],[32.716,39.9699],[32.7214,39.9706],[32.7226,39.9704],[32.7241,39.9697]]]]}},{"type":"Feature","properties":{"id":"yenimahalle-yeni-bati"},"geometry":{"type":"MultiPolygon","coordinates":[[[[32.687,39.9909],[32.6874,39.9903],[32.6908,39.9884],[32.693,39.9869],[32.6931,39.986],[32.6927,39.9842],[32.6937,39.982],[32.7009,39.973],[32.7024,39.972],[32.7055,39.9706],[32.7079,39.9699],[32.705,39.9634],[32.7012,39.9645],[32.6983,39.9651],[32.6931,39.9652],[32.6877,39.9647],[32.6834,39.9637],[32.6788,39.9634],[32.6649,39.9701],[32.663,39.9713],[32.6615,39.9727],[32.6602,39.9747],[32.6557,39.99],[32.6555,39.9932],[32.6564,40.0024],[32.6717,39.9959],[32.6786,39.9944],[32.6874,39.9939],[32.6869,39.9912],[32.6869,39.9909],[32.687,39.9909]]]]}},{"type":"Feature","properties":{"id":"yenimahalle-karacakaya"},"geometry":{"type":"MultiPolygon","coordinates":[[[[32.7229,40.06],[32.7247,40.0578],[32.725,40.0562],[32.7253,40.0558],[32.7263,40.0553],[32.7269,40.0541],[32.7273,40.0526],[32.7279,40.051],[32.7273,40.0497],[32.7266,40.0493],[32.7264,40.0487],[32.7259,40.0481],[32.7251,40.0478],[32.7255,40.0468],[32.7256,40.0467],[32.7243,40.0454],[32.7239,40.0447],[32.7227,40.0434],[32.7202,40.0425],[32.718,40.0409],[32.7169,40.0407],[32.7157,40.0402],[32.7124,40.0379],[32.7109,40.0372],[32.7097,40.036],[32.708,40.035],[32.7068,40.0347],[32.7064,40.0343],[32.7057,40.033],[32.7054,40.0326],[32.7041,40.0318],[32.7036,40.0313],[32.7033,40.0294],[32.7019,40.0281],[32.7012,40.0272],[32.7012,40.0267],[32.701,40.0264],[32.7,40.0258],[32.6994,40.0251],[32.6983,40.0233],[32.6952,40.0233],[32.6912,40.0238],[32.6903,40.0243],[32.6846,40.0278],[32.6811,40.0295],[32.68,40.0303],[32.6741,40.036],[32.6728,40.0368],[32.6738,40.0377],[32.6757,40.0403],[32.6756,40.0412],[32.6782,40.0437],[32.68,40.0467],[32.6812,40.0481],[32.6802,40.0498],[32.6814,40.0507],[32.6814,40.0523],[32.6793,40.0534],[32.6755,40.0551],[32.6739,40.0564],[32.6719,40.0577],[32.6702,40.0592],[32.6688,40.0597],[32.6703,40.0595],[32.6774,40.0624],[32.6827,40.066],[32.6849,40.0664],[32.6855,40.0693],[32.6867,40.0698],[32.6915,40.0735],[32.6935,40.0761],[32.6963,40.078],[32.7005,40.0814],[32.7021,40.0833],[32.7056,40.0862],[32.7091,40.0868],[32.7162,40.0892],[32.7182,40.0895],[32.7234,40.0932],[32.7262,40.0884],[32.727,40.0867],[32.7285,40.0847],[32.729,40.0827],[32.7267,40.0803],[32.7256,40.0784],[32.7252,40.0781],[32.7255,40.0773],[32.7265,40.0764],[32.7271,40.0746],[32.7262,40.072],[32.7257,40.0699],[32.7221,40.0669],[32.7227,40.0648],[32.7224,40.0618],[32.7229,40.06]]]]}},{"type":"Feature","properties":{"id":"yenimahalle-turgut-ozal"},"geometry":{"type":"MultiPolygon","coordinates":[[[[32.7103,39.9991],[32.7128,39.9988],[32.7137,39.9983],[32.7152,39.9986],[32.7167,39.9985],[32.7229,39.9975],[32.7307,39.9966],[32.7295,39.9949],[32.7299,39.9943],[32.7296,39.9883],[32.7309,39.9873],[32.7291,39.9858],[32.7301,39.9843],[32.7245,39.9831],[32.7233,39.9831],[32.7132,39.984],[32.7086,39.9847],[32.7021,39.9851],[32.6968,39.9858],[32.693,39.9869],[32.6908,39.9884],[32.6874,39.9903],[32.6871,39.9909],[32.6869,39.9909],[32.6874,39.9939],[32.6878,39.9938],[32.689,39.9986],[32.7103,39.9991]]]]}},{"type":"Feature","properties":{"id":"yenimahalle-yuvakoy"},"geometry":{"type":"MultiPolygon","coordinates":[[[[32.7456,40.0997],[32.7455,40.0986],[32.7445,40.096],[32.7424,40.095],[32.7412,40.0951],[32.7421,40.0934],[32.7419,40.0934],[32.7417,40.0928],[32.738,40.0907],[32.7368,40.0904],[32.7335,40.0911],[32.733,40.0915],[32.7328,40.0911],[32.7321,40.0909],[32.7312,40.0911],[32.731,40.0909],[32.7312,40.0905],[32.7311,40.0902],[32.7307,40.0901],[32.7306,40.0895],[32.7303,40.0894],[32.7306,40.0889],[32.7305,40.0886],[32.7299,40.0878],[32.7306,40.0873],[32.7308,40.0856],[32.7313,40.0844],[32.7328,40.0826],[32.7331,40.0816],[32.7343,40.0805],[32.7345,40.0786],[32.7336,40.0783],[32.7343,40.0761],[32.7338,40.0764],[32.7336,40.0755],[32.7346,40.0757],[32.7341,40.0739],[32.7327,40.0724],[32.733,40.0713],[32.7346,40.0696],[32.7358,40.0671],[32.737,40.0657],[32.7372,40.065],[32.7371,40.0636],[32.7373,40.0627],[32.7379,40.0613],[32.7394,40.0599],[32.7396,40.06],[32.7395,40.0598],[32.7406,40.0589],[32.7414,40.0579],[32.7415,40.0572],[32.7463,40.0569],[32.7469,40.0548],[32.7462,40.0539],[32.7465,40.0533],[32.7465,40.0527],[32.7458,40.0517],[32.7465,40.0511],[32.7472,40.05],[32.747,40.0488],[32.7464,40.0472],[32.7456,40.0463],[32.7449,40.0447],[32.7418,40.0425],[32.7428,40.0419],[32.7429,40.0414],[32.7435,40.0411],[32.7434,40.0407],[32.7442,40.0404],[32.7438,40.0397],[32.744,40.0396],[32.7441,40.0387],[32.7437,40.038],[32.7437,40.0369],[32.7434,40.0368],[32.7435,40.0364],[32.7438,40.0361],[32.7437,40.0356],[32.7433,40.0348],[32.7434,40.0342],[32.7432,40.0317],[32.7429,40.0315],[32.7447,40.0295],[32.7448,40.0288],[32.743,40.0269],[32.7424,40.0265],[32.7422,40.0248],[32.7428,40.0224],[32.747,40.0172],[32.7485,40.0138],[32.7517,40.0142],[32.7513,40.0121],[32.7545,40.0123],[32.7547,40.0119],[32.7547,40.009],[32.7535,40.009],[32.753,40.0074],[32.7531,40.0069],[32.7529,40.0067],[32.7533,40.0063],[32.7546,40.0058],[32.7537,40.0019],[32.7522,40.0011],[32.7481,39.9997],[32.7449,39.9989],[32.7403,39.9986],[32.7367,39.9974],[32.7307,39.9966],[32.7229,39.9975],[32.7167,39.9985],[32.7152,39.9986],[32.7137,39.9983],[32.7128,39.9988],[32.7103,39.9991],[32.6893,39.9986],[32.6894,39.9995],[32.6893,40.0002],[32.6886,40.0016],[32.688,40.0032],[32.6878,40.0055],[32.6878,40.0072],[32.6887,40.0107],[32.6894,40.0117],[32.6895,40.0128],[32.6903,40.0144],[32.6916,40.0157],[32.6912,40.016],[32.6922,40.019],[32.6917,40.019],[32.6925,40.0208],[32.6921,40.021],[32.6932,40.0226],[32.6941,40.0235],[32.6955,40.0233],[32.6983,40.0233],[32.6994,40.0251],[32.7,40.0258],[32.701,40.0264],[32.7012,40.0267],[32.7012,40.0272],[32.7019,40.0281],[32.7033,40.0294],[32.7036,40.0313],[32.7041,40.0318],[32.7054,40.0326],[32.7057,40.033],[32.7064,40.0343],[32.7068,40.0347],[32.708,40.035],[32.7097,40.036],[32.7109,40.0372],[32.7124,40.0379],[32.7157,40.0402],[32.7169,40.0407],[32.718,40.0409],[32.7202,40.0425],[32.7227,40.0434],[32.7239,40.0447],[32.7243,40.0454],[32.7256,40.0467],[32.7255,40.0468],[32.7251,40.0478],[32.7259,40.0481],[32.7264,40.0487],[32.7266,40.0493],[32.7272,40.0496],[32.7279,40.0508],[32.7271,40.053],[32.7269,40.0541],[32.7263,40.0553],[32.7253,40.0558],[32.725,40.0562],[32.7247,40.0578],[32.7229,40.06],[32.7224,40.0618],[32.7227,40.0648],[32.7221,40.0669],[32.7257,40.0699],[32.7262,40.072],[32.7271,40.0746],[32.7265,40.0764],[32.7255,40.0773],[32.7252,40.0781],[32.7256,40.0784],[32.7267,40.0803],[32.729,40.0827],[32.7285,40.0847],[32.727,40.0867],[32.7262,40.0884],[32.7234,40.0932],[32.7257,40.0949],[32.7267,40.0938],[32.7277,40.0945],[32.7277,40.0966],[32.7299,40.0968],[32.7332,40.0953],[32.7345,40.0958],[32.7382,40.098],[32.7375,40.0994],[32.74,40.1001],[32.7456,40.0997]]]]}},{"type":"Feature","properties":{"id":"yenimahalle-guventepe"},"geometry":{"type":"MultiPolygon","coordinates":[[[[32.8053,39.9829],[32.8054,39.9819],[32.8053,39.9794],[32.8049,39.9787],[32.8048,39.9781],[32.804,39.977],[32.8035,39.9768],[32.8023,39.9765],[32.8,39.9766],[32.7961,39.9762],[32.7945,39.9762],[32.7964,39.9784],[32.7988,39.9806],[32.799,39.9813],[32.7995,39.9812],[32.8001,39.9816],[32.8005,39.9802],[32.8011,39.9794],[32.8012,39.9793],[32.8021,39.981],[32.8031,39.9818],[32.8037,39.982],[32.8044,39.9829],[32.8053,39.9829]]]]}},{"type":"Feature","properties":{"id":"yenimahalle-baristepe"},"geometry":{"type":"MultiPolygon","coordinates":[[[[32.8031,39.9818],[32.8021,39.981],[32.8013,39.9794],[32.8011,39.9794],[32.8005,39.9802],[32.8001,39.9816],[32.7998,39.9819],[32.7988,39.9825],[32.7953,39.9852],[32.7934,39.9862],[32.7911,39.9871],[32.7925,39.9879],[32.7938,39.9892],[32.7965,39.988],[32.7985,39.9871],[32.8025,39.9845],[32.8031,39.9818]]]]}},{"type":"Feature","properties":{"id":"yenimahalle-memlik"},"geometry":{"type":"MultiPolygon","coordinates":[[[[32.786,40.0861],[32.7858,40.0859],[32.7857,40.0821],[32.7855,40.0819],[32.783,40.0813],[32.7775,40.081],[32.7773,40.0801],[32.7774,40.0786],[32.7762,40.0764],[32.7753,40.075],[32.7741,40.0716],[32.7745,40.071],[32.7739,40.0704],[32.7756,40.0692],[32.7752,40.068],[32.7737,40.0665],[32.7738,40.0656],[32.7733,40.0651],[32.7734,40.0639],[32.7721,40.0611],[32.7702,40.0614],[32.7706,40.0621],[32.7692,40.0631],[32.7693,40.0636],[32.769,40.0647],[32.7684,40.0652],[32.765,40.0647],[32.7642,40.0645],[32.7634,40.0641],[32.7633,40.0638],[32.761,40.0629],[32.7579,40.0602],[32.7572,40.0602],[32.7571,40.0597],[32.7552,40.0591],[32.7563,40.0578],[32.7558,40.0577],[32.7532,40.0565],[32.7523,40.0564],[32.7501,40.0567],[32.7481,40.0567],[32.7415,40.0572],[32.7414,40.0579],[32.7406,40.0589],[32.7395,40.0598],[32.7396,40.06],[32.7394,40.0599],[32.7379,40.0613],[32.7373,40.0627],[32.7371,40.0636],[32.7372,40.065],[32.737,40.0657],[32.7358,40.0671],[32.7346,40.0696],[32.733,40.0713],[32.7327,40.0724],[32.7341,40.0739],[32.7346,40.0757],[32.7336,40.0755],[32.7338,40.0764],[32.7343,40.0761],[32.7336,40.0783],[32.7345,40.0786],[32.7343,40.0805],[32.7331,40.0816],[32.7328,40.0826],[32.7313,40.0844],[32.7308,40.0856],[32.7306,40.0873],[32.7299,40.0878],[32.7305,40.0886],[32.7306,40.0889],[32.7303,40.0894],[32.7306,40.0895],[32.7307,40.0901],[32.7311,40.0902],[32.7312,40.0905],[32.731,40.0909],[32.7312,40.0911],[32.7321,40.0909],[32.7328,40.0911],[32.733,40.0915],[32.7335,40.0911],[32.7368,40.0904],[32.738,40.0907],[32.7417,40.0928],[32.7419,40.0934],[32.7421,40.0934],[32.7412,40.0951],[32.7424,40.095],[32.7445,40.096],[32.7455,40.0986],[32.7456,40.0997],[32.7459,40.0997],[32.7522,40.1038],[32.7525,40.1035],[32.7536,40.1037],[32.755,40.1048],[32.7556,40.105],[32.7597,40.1032],[32.7617,40.1027],[32.7624,40.1027],[32.7645,40.1029],[32.7666,40.1036],[32.7683,40.1045],[32.7704,40.1049],[32.7712,40.1048],[32.7749,40.1033],[32.7779,40.1011],[32.7792,40.0988],[32.7819,40.0958],[32.7831,40.095],[32.7861,40.0933],[32.7867,40.0928],[32.7871,40.0918],[32.7873,40.0903],[32.787,40.0888],[32.7861,40.0876],[32.786,40.0861]]]]}},{"type":"Feature","properties":{"id":"yenimahalle-avcilar"},"geometry":{"type":"MultiPolygon","coordinates":[[[[32.7914,39.9901],[32.7923,39.99],[32.7961,39.9905],[32.7985,39.9905],[32.7938,39.9893],[32.7936,39.9889],[32.7928,39.9881],[32.7909,39.9871],[32.7898,39.9862],[32.7875,39.9855],[32.7857,39.9852],[32.7846,39.9842],[32.7832,39.9834],[32.7827,39.9836],[32.7818,39.9835],[32.7811,39.9837],[32.7805,39.9846],[32.7787,39.986],[32.7786,39.9862],[32.7788,39.9867],[32.778,39.987],[32.7782,39.9875],[32.7842,39.9893],[32.7861,39.9907],[32.7878,39.9913],[32.7889,39.9911],[32.79,39.9903],[32.7914,39.9901]]]]}},{"type":"Feature","properties":{"id":"yenimahalle-yunus-emre"},"geometry":{"type":"MultiPolygon","coordinates":[[[[32.8162,39.9714],[32.8162,39.9716],[32.8169,39.9714],[32.8178,39.97],[32.8179,39.9689],[32.8166,39.9688],[32.8172,39.9663],[32.8162,39.9661],[32.8161,39.9663],[32.8158,39.9663],[32.8135,39.9681],[32.8125,39.9665],[32.8111,39.9667],[32.8111,39.9683],[32.8102,39.9683],[32.8096,39.9686],[32.8095,39.9689],[32.8096,39.9697],[32.8086,39.9696],[32.8086,39.9699],[32.8089,39.9704],[32.8101,39.9714],[32.8126,39.9742],[32.8138,39.9742],[32.8135,39.9738],[32.8149,39.9732],[32.8149,39.9721],[32.8147,39.9719],[32.8162,39.9714]]]]}},{"type":"Feature","properties":{"id":"yenimahalle-ilkyerlesim"},"geometry":{"type":"MultiPolygon","coordinates":[[[[32.7334,39.9804],[32.7348,39.9791],[32.7358,39.9784],[32.735,39.9757],[32.7351,39.9711],[32.7357,39.9675],[32.7338,39.9669],[32.7334,39.9661],[32.7324,39.9666],[32.7289,39.9674],[32.7263,39.9688],[32.7224,39.9705],[32.721,39.9706],[32.7169,39.97],[32.7123,39.9735],[32.7155,39.9755],[32.7163,39.9759],[32.7191,39.9779],[32.7228,39.9784],[32.724,39.9788],[32.7248,39.9796],[32.7249,39.9805],[32.7278,39.9801],[32.7277,39.9817],[32.7271,39.9837],[32.7301,39.9843],[32.7304,39.9837],[32.7334,39.9804]]]]}},{"type":"Feature","properties":{"id":"yenimahalle-gayret"},"geometry":{"type":"MultiPolygon","coordinates":[[[[32.8046,39.9639],[32.8122,39.962],[32.8142,39.9611],[32.8152,39.9604],[32.8166,39.9591],[32.8201,39.9546],[32.8013,39.9525],[32.8013,39.9529],[32.7998,39.9553],[32.7997,39.9563],[32.7951,39.9571],[32.798,39.9648],[32.7999,39.9642],[32.8046,39.9639]]]]}},{"type":"Feature","properties":{"id":"yenimahalle-demetevler"},"geometry":{"type":"MultiPolygon","coordinates":[[[[32.7822,39.9714],[32.7849,39.9701],[32.7854,39.9701],[32.7901,39.9681],[32.7869,39.9588],[32.7804,39.9601],[32.7797,39.9618],[32.7802,39.9689],[32.7808,39.9701],[32.7803,39.9703],[32.78,39.9712],[32.7804,39.9713],[32.781,39.9719],[32.7822,39.9714]]]]}},{"type":"Feature","properties":{"id":"yenimahalle-pamuklar"},"geometry":{"type":"MultiPolygon","coordinates":[[[[32.8101,39.9856],[32.8114,39.9855],[32.8114,39.985],[32.8121,39.9839],[32.8125,39.9828],[32.8125,39.9827],[32.8122,39.9827],[32.812,39.9821],[32.8121,39.9805],[32.8112,39.9797],[32.8113,39.9782],[32.8111,39.9773],[32.8113,39.9768],[32.8101,39.9764],[32.8094,39.9768],[32.8084,39.9771],[32.8054,39.9775],[32.8048,39.9782],[32.8054,39.9798],[32.8054,39.9826],[32.8048,39.9843],[32.8042,39.9869],[32.805,39.9871],[32.8049,39.9872],[32.8052,39.9883],[32.8068,39.9883],[32.8072,39.9881],[32.8075,39.9875],[32.8083,39.9866],[32.8101,39.9856]]]]}},{"type":"Feature","properties":{"id":"yenimahalle-anadolu"},"geometry":{"type":"MultiPolygon","coordinates":[[[[32.801,39.9729],[32.8008,39.9727],[32.8009,39.9726],[32.8007,39.9711],[32.8002,39.971],[32.7994,39.9704],[32.7986,39.9701],[32.7978,39.97],[32.798,39.9706],[32.7972,39.9703],[32.7962,39.9697],[32.7945,39.9697],[32.7928,39.9699],[32.7927,39.971],[32.7932,39.9735],[32.7957,39.9728],[32.8011,39.9749],[32.8011,39.9747],[32.8021,39.9744],[32.801,39.9729]]]]}},{"type":"Feature","properties":{"id":"yenimahalle-tepealti"},"geometry":{"type":"MultiPolygon","coordinates":[[[[32.8027,39.9668],[32.8035,39.9669],[32.8037,39.9665],[32.8055,39.9673],[32.8064,39.9661],[32.8058,39.9661],[32.8049,39.9647],[32.8046,39.9639],[32.7999,39.9642],[32.798,39.9648],[32.7985,39.9672],[32.8016,39.9677],[32.8021,39.9671],[32.8027,39.9668]]]]}},{"type":"Feature","properties":{"id":"yenimahalle-ugur-mumcu"},"geometry":{"type":"MultiPolygon","coordinates":[[[[32.7534,39.9551],[32.7523,39.952],[32.7523,39.9478],[32.7508,39.9451],[32.7388,39.9452],[32.7385,39.9475],[32.7384,39.9492],[32.738,39.9503],[32.7359,39.9524],[32.7318,39.9552],[32.7291,39.9581],[32.7334,39.9635],[32.7336,39.9649],[32.7334,39.9661],[32.7338,39.9669],[32.7355,39.9674],[32.7358,39.967],[32.7364,39.9668],[32.7369,39.9673],[32.739,39.968],[32.7396,39.9661],[32.7428,39.9649],[32.7435,39.9642],[32.7435,39.9635],[32.7454,39.9635],[32.7479,39.9642],[32.7481,39.9608],[32.748,39.9601],[32.7489,39.9598],[32.7488,39.9583],[32.7516,39.9577],[32.7522,39.9567],[32.7521,39.9551],[32.7534,39.9551]]]]}},{"type":"Feature","properties":{"id":"yenimahalle-guzelyaka"},"geometry":{"type":"MultiPolygon","coordinates":[[[[32.8052,39.9777],[32.805,39.9768],[32.8043,39.9764],[32.8038,39.9757],[32.8034,39.9755],[32.8021,39.9744],[32.8011,39.9747],[32.8011,39.9749],[32.7956,39.9728],[32.7932,39.9735],[32.7934,39.9745],[32.7937,39.9751],[32.7933,39.9753],[32.7938,39.9762],[32.7961,39.9762],[32.8,39.9766],[32.8028,39.9766],[32.804,39.977],[32.8048,39.9781],[32.8052,39.9777]]]]}},{"type":"Feature","properties":{"id":"yenimahalle-yenicag"},"geometry":{"type":"MultiPolygon","coordinates":[[[[32.815,39.9669],[32.8162,39.9661],[32.8172,39.9663],[32.8177,39.9646],[32.8144,39.9634],[32.8138,39.9641],[32.8122,39.9631],[32.8111,39.9634],[32.8111,39.9661],[32.81,39.9661],[32.8098,39.9667],[32.8118,39.9667],[32.8125,39.9665],[32.8135,39.9681],[32.815,39.9669]]]]}},{"type":"Feature","properties":{"id":"yenimahalle-kardelen"},"geometry":{"type":"MultiPolygon","coordinates":[[[[32.7077,39.9847],[32.7086,39.9847],[32.7132,39.984],[32.7233,39.9831],[32.7245,39.9831],[32.7271,39.9837],[32.7277,39.9817],[32.7278,39.9801],[32.7249,39.9805],[32.7248,39.9796],[32.724,39.9788],[32.7228,39.9784],[32.7191,39.9779],[32.7163,39.9759],[32.7155,39.9755],[32.7123,39.9735],[32.7169,39.97],[32.7111,39.9696],[32.7096,39.9697],[32.7079,39.9699],[32.7059,39.9704],[32.7024,39.972],[32.7009,39.9729],[32.6937,39.982],[32.6927,39.9842],[32.6931,39.986],[32.693,39.9869],[32.6968,39.9858],[32.7021,39.9851],[32.7077,39.9847]]]]}},{"type":"Feature","properties":{"id":"yenimahalle-inonu"},"geometry":{"type":"MultiPolygon","coordinates":[[[[32.7215,39.958],[32.7291,39.958],[32.7318,39.9552],[32.7359,39.9524],[32.738,39.9503],[32.7384,39.9492],[32.7385,39.9475],[32.7388,39.9452],[32.7154,39.9453],[32.7121,39.9457],[32.7118,39.947],[32.7118,39.9476],[32.7132,39.95],[32.7189,39.9554],[32.7201,39.9571],[32.7205,39.9582],[32.7215,39.958]]]]}},{"type":"Feature","properties":{"id":"yenimahalle-emniyet"},"geometry":{"type":"MultiPolygon","coordinates":[[[[32.8228,39.9459],[32.8252,39.9453],[32.8287,39.9435],[32.8307,39.9459],[32.8376,39.9409],[32.8406,39.9388],[32.8378,39.9358],[32.8374,39.935],[32.8366,39.935],[32.8282,39.9325],[32.825,39.9328],[32.8235,39.9328],[32.8196,39.9315],[32.8175,39.931],[32.8126,39.9291],[32.8073,39.926],[32.8059,39.925],[32.8037,39.9274],[32.8004,39.9333],[32.8004,39.9346],[32.8017,39.937],[32.7983,39.9367],[32.7973,39.9365],[32.796,39.9397],[32.7983,39.9402],[32.8007,39.9411],[32.8013,39.9411],[32.8041,39.94],[32.8055,39.9398],[32.8114,39.9414],[32.8139,39.9424],[32.817,39.9429],[32.8162,39.9447],[32.8212,39.9459],[32.8228,39.9459]]]]}},{"type":"Feature","properties":{"id":"yenimahalle-bati-sitesi"},"geometry":{"type":"MultiPolygon","coordinates":[[[[32.705,39.9634],[32.704,39.9616],[32.7029,39.9573],[32.7056,39.9566],[32.705,39.9561],[32.7029,39.9561],[32.6999,39.9515],[32.6889,39.9585],[32.6788,39.9634],[32.6834,39.9637],[32.6877,39.9647],[32.6931,39.9652],[32.6983,39.9651],[32.7012,39.9645],[32.705,39.9634]]]]}},{"type":"Feature","properties":{"id":"yenimahalle-ragip-tuzun"},"geometry":{"type":"MultiPolygon","coordinates":[[[[32.8111,39.9634],[32.8111,39.9623],[32.8046,39.9639],[32.8049,39.9647],[32.8058,39.9661],[32.8111,39.9661],[32.8111,39.9634]]]]}},{"type":"Feature","properties":{"id":"yenimahalle-ozevler"},"geometry":{"type":"MultiPolygon","coordinates":[[[[32.7787,39.9796],[32.7842,39.971],[32.7854,39.9701],[32.7849,39.9701],[32.781,39.9719],[32.7804,39.9713],[32.78,39.9712],[32.7791,39.9724],[32.7773,39.9733],[32.7763,39.9744],[32.7753,39.9744],[32.775,39.975],[32.7751,39.9756],[32.7785,39.9801],[32.7787,39.9796]]]]}},{"type":"Feature","properties":{"id":"yenimahalle-bestepe"},"geometry":{"type":"MultiPolygon","coordinates":[[[[32.8057,39.9252],[32.8059,39.925],[32.8073,39.926],[32.8126,39.9291],[32.817,39.9309],[32.8194,39.9314],[32.8165,39.9275],[32.8148,39.9244],[32.8143,39.9225],[32.8139,39.9204],[32.8138,39.9192],[32.8145,39.9127],[32.8073,39.911],[32.8051,39.9124],[32.8045,39.913],[32.8027,39.9154],[32.8022,39.9153],[32.7993,39.9226],[32.7977,39.9261],[32.7966,39.9276],[32.7941,39.9302],[32.7935,39.9311],[32.7934,39.9322],[32.7938,39.9335],[32.7965,39.9361],[32.7973,39.9365],[32.7983,39.9367],[32.8017,39.937],[32.8004,39.9346],[32.8004,39.9333],[32.8037,39.9274],[32.8057,39.9252]]]]}},{"type":"Feature","properties":{"id":"yenimahalle-ata"},"geometry":{"type":"MultiPolygon","coordinates":[[[[32.599,40.0357],[32.6011,40.0358],[32.607,40.0316],[32.6197,40.0235],[32.622,40.0215],[32.6241,40.019],[32.6344,40.0038],[32.6308,40.0039],[32.6303,40.0043],[32.6279,40.0028],[32.626,40.0044],[32.6243,40.0034],[32.6234,40.0045],[32.6218,40.0036],[32.6214,40.0044],[32.6115,40.0057],[32.612,40.0048],[32.6108,40.0044],[32.611,40.004],[32.6083,40.0034],[32.6085,40.0024],[32.6068,40.002],[32.6071,40.0004],[32.607,39.9998],[32.604,39.9966],[32.603,39.9969],[32.6025,39.9963],[32.5993,39.9984],[32.5989,39.999],[32.5946,39.997],[32.5943,39.9965],[32.5885,39.9964],[32.5884,39.9965],[32.5884,39.997],[32.5866,39.997],[32.5863,39.9971],[32.5861,39.9974],[32.5838,39.9976],[32.5819,39.9974],[32.5818,39.9977],[32.5809,39.9976],[32.5793,39.9981],[32.5789,39.9988],[32.579,39.9992],[32.5794,40.0],[32.581,40.0009],[32.5821,40.0032],[32.5821,40.004],[32.5823,40.0043],[32.5859,40.0023],[32.5861,40.0025],[32.5843,40.0036],[32.5824,40.006],[32.5813,40.0069],[32.5807,40.0077],[32.5784,40.0082],[32.5784,40.0077],[32.5732,40.0074],[32.5707,40.0109],[32.5645,40.0144],[32.5655,40.0159],[32.5712,40.0227],[32.5738,40.0267],[32.5747,40.0285],[32.5749,40.0305],[32.5746,40.0332],[32.5746,40.0368],[32.5759,40.035],[32.5806,40.0404],[32.5875,40.0492],[32.5882,40.0493],[32.5913,40.048],[32.5921,40.046],[32.591,40.0434],[32.5887,40.0421],[32.5875,40.0393],[32.5983,40.0372],[32.599,40.0357]]]]}},{"type":"Feature","properties":{"id":"yenimahalle-ostim"},"geometry":{"type":"MultiPolygon","coordinates":[[[[32.7539,39.9853],[32.7541,39.9845],[32.7538,39.983],[32.7533,39.9826],[32.7523,39.9823],[32.752,39.982],[32.7518,39.9811],[32.7523,39.9802],[32.7515,39.9801],[32.7498,39.98],[32.7471,39.9848],[32.7481,39.9852],[32.7492,39.9851],[32.751,39.9855],[32.7528,39.9865],[32.7532,39.986],[32.7545,39.9858],[32.7544,39.9854],[32.7539,39.9853]]]]}},{"type":"Feature","properties":{"id":"yenimahalle-cigdemtepe"},"geometry":{"type":"MultiPolygon","coordinates":[[[[32.7999,39.9916],[32.7996,39.9911],[32.7988,39.9905],[32.7961,39.9905],[32.7919,39.99],[32.79,39.9903],[32.7889,39.9911],[32.788,39.9913],[32.7861,39.9907],[32.7843,39.9894],[32.784,39.9947],[32.7843,40.0004],[32.7839,40.0005],[32.7851,40.004],[32.7838,40.0083],[32.784,40.0098],[32.7872,40.0112],[32.7931,40.0132],[32.794,40.0117],[32.7964,40.0103],[32.7965,40.0099],[32.7966,40.0076],[32.797,40.0068],[32.7974,40.0045],[32.7978,40.004],[32.7975,40.0039],[32.7969,40.0016],[32.797,40.0002],[32.7965,39.9982],[32.7973,39.9976],[32.7992,39.9956],[32.8,39.9937],[32.8002,39.9922],[32.7999,39.9916]]]]}},{"type":"Feature","properties":{"id":"yenimahalle-macun"},"geometry":{"type":"MultiPolygon","coordinates":[[[[32.771,39.9557],[32.771,39.9523],[32.7715,39.9486],[32.7718,39.9471],[32.7726,39.9453],[32.7682,39.945],[32.7508,39.9451],[32.7523,39.9478],[32.7523,39.952],[32.7531,39.9544],[32.7535,39.9555],[32.7539,39.9558],[32.7542,39.9556],[32.7567,39.9574],[32.7567,39.9581],[32.756,39.9583],[32.7569,39.9602],[32.757,39.9622],[32.7574,39.9624],[32.7578,39.9632],[32.7634,39.9619],[32.7677,39.9617],[32.7718,39.9611],[32.7713,39.9591],[32.771,39.9557]]]]}},{"type":"Feature","properties":{"id":"yenimahalle-varlik"},"geometry":{"type":"MultiPolygon","coordinates":[[[[32.8361,39.9693],[32.8471,39.9604],[32.8436,39.9598],[32.8422,39.9592],[32.8411,39.9583],[32.8401,39.9566],[32.8392,39.9559],[32.8384,39.9557],[32.8363,39.9556],[32.8351,39.9554],[32.8319,39.9537],[32.8303,39.9549],[32.8289,39.9554],[32.8274,39.9554],[32.8232,39.9549],[32.8231,39.9553],[32.8239,39.956],[32.8244,39.9561],[32.8188,39.969],[32.832,39.9689],[32.8333,39.9691],[32.8351,39.9702],[32.8361,39.9693]]]]}},{"type":"Feature","properties":{"id":"yenimahalle-mehmet-akif-ersoy"},"geometry":{"type":"MultiPolygon","coordinates":[[[[32.7757,39.9744],[32.7763,39.9744],[32.7773,39.9733],[32.7791,39.9724],[32.7798,39.9715],[32.7803,39.9703],[32.7808,39.9701],[32.7802,39.9689],[32.7796,39.9626],[32.7797,39.9618],[32.7804,39.9601],[32.7677,39.9617],[32.7638,39.9618],[32.76,39.9626],[32.7603,39.9629],[32.7608,39.9673],[32.7604,39.9699],[32.7611,39.971],[32.7629,39.9717],[32.7634,39.9731],[32.7652,39.9738],[32.7654,39.9746],[32.7662,39.975],[32.7757,39.9744]]]]}},{"type":"Feature","properties":{"id":"yenimahalle-serhat"},"geometry":{"type":"MultiPolygon","coordinates":[[[[32.7702,39.9806],[32.7701,39.9799],[32.7662,39.9758],[32.7662,39.975],[32.7654,39.9746],[32.7652,39.9738],[32.7637,39.9732],[32.7612,39.9735],[32.7624,39.9744],[32.761,39.9746],[32.7602,39.9752],[32.7594,39.9747],[32.7591,39.9754],[32.7594,39.9755],[32.7592,39.9759],[32.7582,39.9763],[32.7546,39.979],[32.7523,39.9802],[32.7519,39.9808],[32.7518,39.9814],[32.7522,39.9822],[32.7533,39.9826],[32.7538,39.983],[32.7541,39.9845],[32.7539,39.9853],[32.7544,39.9854],[32.7545,39.9858],[32.7532,39.986],[32.7528,39.9865],[32.7562,39.9882],[32.76,39.9906],[32.7646,39.9913],[32.7667,39.9922],[32.7676,39.9923],[32.7684,39.989],[32.7711,39.9886],[32.7709,39.9877],[32.7714,39.9859],[32.7712,39.9853],[32.7709,39.9849],[32.7709,39.9843],[32.7704,39.9833],[32.7702,39.9806]]],[[[32.763,39.9721],[32.7629,39.9717],[32.7611,39.971],[32.7604,39.9699],[32.7608,39.9673],[32.7603,39.9629],[32.76,39.9626],[32.7561,39.9635],[32.7565,39.9646],[32.7557,39.9656],[32.7579,39.9668],[32.7558,39.9698],[32.7594,39.971],[32.7597,39.9724],[32.7631,39.9722],[32.763,39.9721]]],[[[32.753,39.9698],[32.7521,39.9697],[32.7518,39.9719],[32.7547,39.9725],[32.7551,39.9699],[32.753,39.9698]]],[[[32.7345,39.9835],[32.7349,39.9821],[32.736,39.981],[32.7334,39.9804],[32.7306,39.9835],[32.7311,39.983],[32.733,39.9843],[32.7351,39.9846],[32.7353,39.9837],[32.7345,39.9835]]]]}},{"type":"Feature","properties":{"id":"etimesgut-altay"},"geometry":{"type":"MultiPolygon","coordinates":[[[[32.6486,39.9663],[32.6467,39.9639],[32.6437,39.9643],[32.6299,39.9668],[32.6337,39.9723],[32.635,39.9754],[32.6356,39.9778],[32.64,39.9773],[32.6415,39.9775],[32.6489,39.9775],[32.6489,39.9753],[32.6494,39.9735],[32.6508,39.971],[32.6524,39.9699],[32.6501,39.9666],[32.6494,39.9664],[32.6486,39.9663]]]]}},{"type":"Feature","properties":{"id":"etimesgut-suvari"},"geometry":{"type":"MultiPolygon","coordinates":[[[[32.6486,39.9412],[32.6486,39.9406],[32.6479,39.9397],[32.6484,39.9366],[32.6483,39.9359],[32.6472,39.9349],[32.64,39.9374],[32.6391,39.9391],[32.6382,39.941],[32.6414,39.9419],[32.6416,39.9421],[32.6415,39.9425],[32.6412,39.9425],[32.641,39.9436],[32.6414,39.945],[32.6411,39.9467],[32.6418,39.9481],[32.6424,39.9487],[32.6431,39.953],[32.6492,39.9517],[32.6489,39.9493],[32.6487,39.9492],[32.6483,39.9492],[32.6482,39.949],[32.6488,39.9489],[32.6482,39.9448],[32.6482,39.9423],[32.6482,39.9412],[32.6486,39.9412]]]]}},{"type":"Feature","properties":{"id":"etimesgut-piyade"},"geometry":{"type":"MultiPolygon","coordinates":[[[[32.6412,39.9428],[32.6412,39.9425],[32.6415,39.9425],[32.6416,39.9421],[32.6414,39.9419],[32.6338,39.9399],[32.6315,39.9397],[32.6315,39.9419],[32.6305,39.9436],[32.6316,39.944],[32.6327,39.9463],[32.6328,39.9478],[32.6327,39.9489],[32.6335,39.9527],[32.6336,39.9544],[32.6329,39.9546],[32.633,39.955],[32.6431,39.953],[32.6424,39.9487],[32.6418,39.9481],[32.6411,39.9467],[32.6414,39.945],[32.641,39.9441],[32.6412,39.9428]]]]}},{"type":"Feature","properties":{"id":"etimesgut-elvan"},"geometry":{"type":"MultiPolygon","coordinates":[[[[32.6315,39.9398],[32.6315,39.9397],[32.6255,39.9396],[32.6249,39.9426],[32.6236,39.9469],[32.6232,39.9495],[32.6232,39.9515],[32.6234,39.9528],[32.6244,39.9566],[32.6245,39.9563],[32.6269,39.9559],[32.6336,39.9544],[32.6335,39.9527],[32.6327,39.9489],[32.6328,39.9478],[32.6327,39.9463],[32.6316,39.944],[32.6305,39.9436],[32.6315,39.9419],[32.6315,39.9398]]]]}},{"type":"Feature","properties":{"id":"etimesgut-etiler"},"geometry":{"type":"MultiPolygon","coordinates":[[[[32.6587,39.9627],[32.6715,39.9631],[32.6709,39.9624],[32.6687,39.9483],[32.6554,39.9505],[32.633,39.955],[32.6329,39.9546],[32.6269,39.9559],[32.6245,39.9563],[32.6244,39.9566],[32.6253,39.9595],[32.626,39.961],[32.627,39.9627],[32.6299,39.9668],[32.6445,39.9641],[32.6587,39.9627]]]]}},{"type":"Feature","properties":{"id":"etimesgut-bahcekapi"},"geometry":{"type":"MultiPolygon","coordinates":[[[[32.7169,39.9453],[32.7621,39.9451],[32.7634,39.9417],[32.7636,39.9393],[32.7613,39.9325],[32.7607,39.9319],[32.7596,39.9314],[32.7596,39.9309],[32.7604,39.9309],[32.7628,39.9308],[32.7653,39.931],[32.7728,39.9323],[32.7756,39.9331],[32.7759,39.9329],[32.7837,39.9348],[32.7852,39.9354],[32.7893,39.938],[32.7925,39.9391],[32.7959,39.94],[32.7973,39.9365],[32.7965,39.9361],[32.7942,39.9339],[32.7935,39.9329],[32.7934,39.9316],[32.7936,39.9309],[32.7941,39.9302],[32.7963,39.9279],[32.7975,39.9264],[32.7993,39.9226],[32.795,39.9215],[32.7891,39.9179],[32.7829,39.9187],[32.7819,39.9187],[32.7808,39.9184],[32.7766,39.9168],[32.7757,39.9166],[32.7743,39.9165],[32.7708,39.9169],[32.7686,39.9168],[32.755,39.9151],[32.7536,39.9149],[32.7472,39.913],[32.7444,39.9126],[32.7366,39.9122],[32.7343,39.9115],[32.7328,39.9109],[32.7324,39.9113],[32.7315,39.9131],[32.7308,39.9139],[32.7308,39.9143],[32.7291,39.915],[32.7286,39.9157],[32.7282,39.9157],[32.7275,39.9165],[32.7271,39.9166],[32.7255,39.9172],[32.7253,39.9177],[32.7248,39.9182],[32.7244,39.9189],[32.7245,39.9198],[32.7248,39.9204],[32.7249,39.9209],[32.7242,39.9225],[32.7241,39.9232],[32.7235,39.9242],[32.7232,39.9245],[32.7227,39.9246],[32.7226,39.925],[32.7144,39.9267],[32.7122,39.9274],[32.7101,39.9284],[32.7078,39.9298],[32.6964,39.9388],[32.694,39.9401],[32.6876,39.9424],[32.6825,39.9446],[32.6735,39.9472],[32.6687,39.9483],[32.6709,39.9624],[32.6715,39.9631],[32.6788,39.9634],[32.6889,39.9585],[32.7066,39.9474],[32.7091,39.9464],[32.7109,39.9459],[32.7139,39.9454],[32.7169,39.9453]]]]}},{"type":"Feature","properties":{"id":"etimesgut-oguzlar"},"geometry":{"type":"MultiPolygon","coordinates":[[[[32.6079,39.9397],[32.6091,39.937],[32.6088,39.932],[32.6082,39.9304],[32.6063,39.9287],[32.613,39.9243],[32.6131,39.9173],[32.6165,39.9172],[32.6126,39.9151],[32.602,39.9086],[32.6014,39.9087],[32.5975,39.9119],[32.5946,39.9138],[32.5946,39.9145],[32.5953,39.9147],[32.595,39.9151],[32.5959,39.9158],[32.5963,39.9165],[32.5963,39.9171],[32.596,39.9179],[32.5953,39.9188],[32.5945,39.9188],[32.5944,39.922],[32.5947,39.9227],[32.5946,39.9231],[32.5949,39.9241],[32.5947,39.9241],[32.5949,39.9249],[32.5956,39.9254],[32.5958,39.9259],[32.5979,39.9245],[32.5983,39.9247],[32.5978,39.9258],[32.5975,39.9259],[32.5972,39.9271],[32.5969,39.9273],[32.5966,39.9284],[32.5961,39.9285],[32.5961,39.9289],[32.5957,39.9288],[32.5951,39.9292],[32.5952,39.9299],[32.5954,39.9301],[32.5958,39.9301],[32.5961,39.9299],[32.5962,39.93],[32.5969,39.9299],[32.5973,39.9306],[32.5962,39.9309],[32.5956,39.9316],[32.5958,39.9318],[32.5957,39.9329],[32.5969,39.9349],[32.5982,39.9372],[32.5991,39.9379],[32.6015,39.9398],[32.6024,39.9397],[32.5994,39.9424],[32.5969,39.9461],[32.5991,39.9471],[32.5994,39.9493],[32.6036,39.9489],[32.6117,39.9474],[32.6125,39.9471],[32.6161,39.9446],[32.6131,39.9422],[32.6079,39.9397]]]]}},{"type":"Feature","properties":{"id":"etimesgut-tunahan"},"geometry":{"type":"MultiPolygon","coordinates":[[[[32.636,39.9815],[32.6359,39.9809],[32.6097,39.9816],[32.6088,39.9824],[32.6109,39.9862],[32.6137,39.9894],[32.6176,39.9914],[32.6203,39.9923],[32.6227,39.9927],[32.637,39.9917],[32.636,39.9815]]]]}},{"type":"Feature","properties":{"id":"etimesgut-yesilova"},"geometry":{"type":"MultiPolygon","coordinates":[[[[32.626,39.961],[32.6253,39.9595],[32.6244,39.9566],[32.6178,39.957],[32.6161,39.9573],[32.6086,39.9598],[32.6036,39.9607],[32.6029,39.9662],[32.6005,39.97],[32.601,39.9714],[32.6005,39.9715],[32.6007,39.9729],[32.6072,39.9708],[32.6104,39.97],[32.6157,39.9691],[32.6235,39.9685],[32.6299,39.9668],[32.627,39.9627],[32.626,39.961]]]]}},{"type":"Feature","properties":{"id":"etimesgut-atakent"},"geometry":{"type":"MultiPolygon","coordinates":[[[[32.6106,39.9477],[32.6052,39.9485],[32.6045,39.9505],[32.6043,39.9519],[32.6046,39.955],[32.6046,39.9572],[32.6048,39.9581],[32.6036,39.9607],[32.6069,39.9602],[32.6093,39.9596],[32.6155,39.9574],[32.6131,39.9531],[32.6106,39.9477]]]]}},{"type":"Feature","properties":{"id":"etimesgut-fevziye"},"geometry":{"type":"MultiPolygon","coordinates":[[[[32.5959,39.7617],[32.5969,39.7616],[32.5996,39.7617],[32.6048,39.7592],[32.6071,39.7585],[32.6074,39.7589],[32.6086,39.7582],[32.6089,39.7581],[32.6096,39.7585],[32.6116,39.7582],[32.6119,39.7587],[32.6127,39.7585],[32.6123,39.7574],[32.6136,39.7579],[32.6157,39.7581],[32.6217,39.7572],[32.6212,39.7494],[32.6206,39.7478],[32.6223,39.7436],[32.6214,39.7411],[32.6228,39.7407],[32.6237,39.7392],[32.6214,39.7354],[32.6176,39.7323],[32.6159,39.7324],[32.6132,39.7305],[32.606,39.7306],[32.604,39.7314],[32.599,39.7313],[32.5969,39.7289],[32.5807,39.7234],[32.577,39.7233],[32.5745,39.7244],[32.5752,39.7265],[32.5727,39.7282],[32.5734,39.7317],[32.5759,39.7322],[32.573,39.7373],[32.5712,39.7373],[32.5723,39.7392],[32.5735,39.7395],[32.5711,39.7483],[32.5715,39.7484],[32.5717,39.7491],[32.5719,39.7493],[32.5744,39.7497],[32.5745,39.7502],[32.578,39.754],[32.5806,39.7562],[32.5804,39.7565],[32.5805,39.7571],[32.5808,39.7573],[32.5808,39.7595],[32.5811,39.7596],[32.5811,39.7601],[32.5817,39.76],[32.5833,39.7604],[32.5833,39.7606],[32.588,39.762],[32.5883,39.7617],[32.5922,39.7625],[32.5936,39.7621],[32.5955,39.7619],[32.5959,39.7617]]]]}},{"type":"Feature","properties":{"id":"etimesgut-sehitali"},"geometry":{"type":"MultiPolygon","coordinates":[[[[32.5939,39.8023],[32.5987,39.7971],[32.6016,39.7986],[32.601,39.7989],[32.601,39.8],[32.6056,39.8011],[32.6076,39.801],[32.6072,39.7992],[32.6067,39.7981],[32.6061,39.7975],[32.6031,39.7959],[32.6066,39.7927],[32.607,39.7934],[32.6081,39.7928],[32.61,39.7925],[32.6099,39.7919],[32.6125,39.7909],[32.6172,39.7898],[32.6179,39.7894],[32.6178,39.7892],[32.6194,39.7879],[32.6207,39.7851],[32.6227,39.7818],[32.6236,39.7825],[32.6266,39.7797],[32.6266,39.7784],[32.6286,39.7768],[32.63,39.776],[32.6293,39.774],[32.6274,39.7731],[32.6256,39.7727],[32.6239,39.7717],[32.624,39.7712],[32.6216,39.7696],[32.6215,39.769],[32.6249,39.7686],[32.6254,39.7692],[32.6276,39.769],[32.6285,39.768],[32.6306,39.7682],[32.6294,39.7648],[32.6217,39.7599],[32.6217,39.7572],[32.6157,39.7581],[32.6136,39.7579],[32.6123,39.7574],[32.6127,39.7585],[32.6119,39.7587],[32.6116,39.7582],[32.6096,39.7585],[32.6089,39.7581],[32.6086,39.7582],[32.6074,39.7589],[32.6071,39.7585],[32.6048,39.7592],[32.5996,39.7617],[32.5963,39.7616],[32.5955,39.7619],[32.5936,39.7621],[32.5922,39.7625],[32.5883,39.7617],[32.588,39.762],[32.5833,39.7606],[32.5833,39.7604],[32.5817,39.76],[32.5811,39.7601],[32.5811,39.7596],[32.5808,39.7595],[32.5808,39.7616],[32.5804,39.7635],[32.5783,39.7689],[32.5787,39.7689],[32.5761,39.7726],[32.5739,39.777],[32.5666,39.7874],[32.5699,39.7888],[32.5717,39.79],[32.574,39.7909],[32.5777,39.7927],[32.5801,39.7945],[32.5848,39.7993],[32.5923,39.8027],[32.5939,39.8023]]]]}},{"type":"Feature","properties":{"id":"etimesgut-balikuyumcu"},"geometry":{"type":"MultiPolygon","coordinates":[[[[32.5401,39.7894],[32.5402,39.7889],[32.5407,39.789],[32.5414,39.7877],[32.542,39.7878],[32.5435,39.7892],[32.5444,39.7897],[32.545,39.7894],[32.5461,39.7895],[32.5474,39.7887],[32.5488,39.7888],[32.5497,39.7886],[32.5509,39.7885],[32.5515,39.7884],[32.5517,39.788],[32.552,39.7881],[32.5521,39.7879],[32.5527,39.7881],[32.5535,39.7879],[32.5543,39.7883],[32.5544,39.7881],[32.5552,39.7882],[32.5554,39.7874],[32.5568,39.7872],[32.5575,39.7873],[32.5601,39.7845],[32.5644,39.7861],[32.5667,39.7874],[32.5739,39.777],[32.5761,39.7726],[32.5787,39.7689],[32.5783,39.7689],[32.5804,39.7635],[32.5808,39.7616],[32.5808,39.7573],[32.5805,39.7571],[32.5804,39.7565],[32.5806,39.7562],[32.578,39.754],[32.5745,39.7502],[32.5744,39.7497],[32.5719,39.7493],[32.5717,39.7491],[32.5716,39.7485],[32.5713,39.7483],[32.5711,39.7483],[32.571,39.7488],[32.5676,39.7484],[32.5662,39.7497],[32.5676,39.7518],[32.5629,39.7553],[32.5615,39.7529],[32.557,39.7518],[32.5565,39.7496],[32.552,39.7501],[32.5512,39.7515],[32.5379,39.754],[32.5369,39.7561],[32.5357,39.7566],[32.532,39.761],[32.5307,39.7602],[32.5272,39.7624],[32.5222,39.7625],[32.5202,39.7576],[32.5163,39.7591],[32.508,39.7571],[32.499,39.7518],[32.4954,39.7515],[32.4888,39.7572],[32.4845,39.7647],[32.4836,39.7669],[32.5257,39.7908],[32.5395,39.8002],[32.5406,39.7993],[32.5406,39.799],[32.5403,39.7978],[32.5397,39.7969],[32.54,39.7963],[32.5393,39.7946],[32.5393,39.7933],[32.5397,39.792],[32.5401,39.7894]]]]}},{"type":"Feature","properties":{"id":"etimesgut-baglica"},"geometry":{"type":"MultiPolygon","coordinates":[[[[32.6585,39.8961],[32.6599,39.896],[32.6597,39.8958],[32.66,39.8948],[32.6596,39.8948],[32.6607,39.8928],[32.6587,39.892],[32.6584,39.8923],[32.6566,39.8913],[32.6563,39.8913],[32.654,39.892],[32.6534,39.8906],[32.6517,39.8886],[32.6477,39.8873],[32.6473,39.8867],[32.6476,39.8861],[32.6474,39.8858],[32.646,39.8856],[32.6456,39.8857],[32.6448,39.8854],[32.6447,39.885],[32.6444,39.8849],[32.6435,39.8854],[32.6415,39.8848],[32.6393,39.8837],[32.6376,39.8835],[32.6347,39.8827],[32.6333,39.8829],[32.633,39.8823],[32.6318,39.8825],[32.6306,39.8816],[32.6302,39.8802],[32.6305,39.8794],[32.6288,39.8785],[32.6265,39.8792],[32.6166,39.8817],[32.6153,39.8823],[32.6137,39.8834],[32.6129,39.8841],[32.6119,39.8856],[32.6352,39.8961],[32.6376,39.8972],[32.6397,39.8977],[32.6464,39.8979],[32.649,39.8978],[32.6585,39.8961]]]]}},{"type":"Feature","properties":{"id":"etimesgut-30-agustos"},"geometry":{"type":"MultiPolygon","coordinates":[[[[32.6587,39.9398],[32.6572,39.9384],[32.657,39.9377],[32.6559,39.9376],[32.6557,39.9396],[32.6534,39.939],[32.6526,39.9386],[32.6509,39.9386],[32.6499,39.9391],[32.6494,39.9376],[32.6483,39.9359],[32.6484,39.9366],[32.6479,39.9397],[32.6486,39.9406],[32.6486,39.9412],[32.6482,39.9412],[32.6482,39.9437],[32.6508,39.944],[32.6523,39.9453],[32.6546,39.9461],[32.6615,39.9471],[32.6587,39.9398]]]]}},{"type":"Feature","properties":{"id":"etimesgut-erler"},"geometry":{"type":"MultiPolygon","coordinates":[[[[32.6765,39.9448],[32.6786,39.9441],[32.6789,39.9446],[32.6825,39.9446],[32.6876,39.9424],[32.694,39.9401],[32.6964,39.9388],[32.7078,39.9298],[32.7101,39.9284],[32.7122,39.9274],[32.7144,39.9267],[32.7226,39.925],[32.7227,39.9246],[32.7232,39.9245],[32.7237,39.9241],[32.7241,39.923],[32.7242,39.9225],[32.7249,39.921],[32.7249,39.9205],[32.7245,39.92],[32.7244,39.919],[32.7246,39.9185],[32.7253,39.9178],[32.7256,39.9171],[32.7271,39.9166],[32.7275,39.9165],[32.7282,39.9157],[32.7286,39.9157],[32.7291,39.915],[32.7308,39.9143],[32.7308,39.9139],[32.7315,39.9131],[32.7324,39.9113],[32.7333,39.9102],[32.7345,39.9082],[32.7345,39.9076],[32.7339,39.9066],[32.6993,39.9052],[32.6967,39.9049],[32.6952,39.9044],[32.6934,39.9036],[32.6792,39.895],[32.6756,39.8981],[32.6749,39.8984],[32.6741,39.8983],[32.6706,39.8971],[32.6642,39.8963],[32.6599,39.896],[32.6596,39.8962],[32.6596,39.8967],[32.6569,39.8981],[32.6546,39.8983],[32.6561,39.9048],[32.6561,39.9066],[32.6557,39.909],[32.6521,39.9104],[32.6534,39.9123],[32.6538,39.9133],[32.6539,39.9142],[32.6561,39.9183],[32.6559,39.9203],[32.6549,39.9218],[32.6542,39.9221],[32.6546,39.9298],[32.655,39.9317],[32.6556,39.9331],[32.6596,39.9312],[32.6613,39.9354],[32.6645,39.9349],[32.6649,39.935],[32.6651,39.9347],[32.6695,39.9352],[32.6711,39.9364],[32.6712,39.94],[32.6721,39.9419],[32.6719,39.9429],[32.6725,39.9434],[32.674,39.9424],[32.6763,39.9439],[32.6763,39.9449],[32.6765,39.9448]]]]}},{"type":"Feature","properties":{"id":"etimesgut-yapracik"},"geometry":{"type":"MultiPolygon","coordinates":[[[[32.6318,39.916],[32.6317,39.9145],[32.6315,39.9136],[32.6309,39.9124],[32.6265,39.9061],[32.6226,39.8992],[32.6207,39.8973],[32.6166,39.8949],[32.6137,39.8926],[32.6122,39.8908],[32.6118,39.8898],[32.6114,39.8887],[32.6114,39.8877],[32.6115,39.8868],[32.6119,39.8856],[32.6123,39.8848],[32.6137,39.8834],[32.6153,39.8823],[32.6166,39.8817],[32.6283,39.8787],[32.6303,39.8776],[32.6313,39.8768],[32.6323,39.8755],[32.633,39.8738],[32.6331,39.8721],[32.6326,39.8702],[32.6336,39.8691],[32.6337,39.8683],[32.6344,39.8675],[32.6353,39.867],[32.6364,39.8669],[32.6391,39.8678],[32.6363,39.866],[32.6385,39.8647],[32.6369,39.8627],[32.6366,39.8621],[32.6363,39.861],[32.6364,39.8602],[32.6356,39.8603],[32.6354,39.8595],[32.6355,39.8579],[32.6342,39.8574],[32.6343,39.8568],[32.6315,39.8563],[32.6315,39.8561],[32.6309,39.8558],[32.6274,39.8528],[32.6265,39.8522],[32.6259,39.8541],[32.6258,39.8559],[32.626,39.8571],[32.6266,39.8589],[32.6288,39.8629],[32.6076,39.8551],[32.6052,39.8541],[32.602,39.8522],[32.5994,39.85],[32.5791,39.8297],[32.5789,39.8299],[32.5753,39.8291],[32.5729,39.8332],[32.5726,39.8353],[32.5695,39.8408],[32.5691,39.8407],[32.5669,39.8417],[32.5668,39.8423],[32.5644,39.8436],[32.5617,39.8434],[32.5605,39.845],[32.5603,39.846],[32.5592,39.8467],[32.5604,39.8479],[32.5588,39.8489],[32.5585,39.8493],[32.5581,39.8506],[32.5633,39.8528],[32.5677,39.8561],[32.5681,39.859],[32.5668,39.8646],[32.566,39.8663],[32.5647,39.8676],[32.5645,39.8693],[32.5648,39.8695],[32.5668,39.8684],[32.5688,39.869],[32.5726,39.871],[32.5797,39.8731],[32.5843,39.8751],[32.5874,39.8814],[32.589,39.886],[32.5897,39.8893],[32.5927,39.8926],[32.5967,39.8999],[32.5971,39.9011],[32.5947,39.9041],[32.5948,39.9086],[32.5933,39.9116],[32.5946,39.9138],[32.5975,39.9119],[32.6014,39.9087],[32.602,39.9086],[32.6126,39.9151],[32.6165,39.9172],[32.6191,39.9158],[32.6273,39.9164],[32.6298,39.9198],[32.6311,39.9181],[32.6317,39.9167],[32.6318,39.916]]]]}},{"type":"Feature","properties":{"id":"etimesgut-asagiyurtcu"},"geometry":{"type":"MultiPolygon","coordinates":[[[[32.5175,39.8324],[32.5188,39.8309],[32.5218,39.8321],[32.5218,39.8295],[32.5223,39.8276],[32.5233,39.8259],[32.5247,39.8263],[32.5331,39.83],[32.5398,39.8314],[32.5411,39.8311],[32.5391,39.8291],[32.5393,39.8287],[32.5404,39.8257],[32.5393,39.8255],[32.5388,39.8252],[32.5367,39.8229],[32.5375,39.8216],[32.5395,39.8153],[32.5386,39.8104],[32.5388,39.8097],[32.5452,39.8042],[32.5257,39.7908],[32.4836,39.7669],[32.4816,39.769],[32.4808,39.777],[32.4847,39.7886],[32.4889,39.7951],[32.4917,39.8034],[32.4943,39.803],[32.5037,39.8077],[32.5,39.8118],[32.4986,39.8185],[32.4984,39.8222],[32.4998,39.8247],[32.5025,39.8288],[32.4938,39.8331],[32.4905,39.8341],[32.4998,39.8386],[32.5193,39.8447],[32.5196,39.8418],[32.5206,39.8386],[32.5194,39.8378],[32.5205,39.8367],[32.5204,39.8353],[32.5175,39.8324]]]]}},{"type":"Feature","properties":{"id":"etimesgut-fatih-sultan"},"geometry":{"type":"MultiPolygon","coordinates":[[[[32.6767,39.8972],[32.6792,39.895],[32.6758,39.893],[32.6684,39.8882],[32.6391,39.8678],[32.637,39.867],[32.6359,39.8669],[32.6347,39.8673],[32.6339,39.868],[32.6337,39.8685],[32.6336,39.8691],[32.6326,39.8702],[32.633,39.8714],[32.6332,39.8725],[32.633,39.8738],[32.6327,39.8748],[32.6318,39.8762],[32.6313,39.8768],[32.6303,39.8776],[32.6288,39.8785],[32.6305,39.8794],[32.6302,39.8802],[32.6306,39.8816],[32.6318,39.8825],[32.633,39.8823],[32.6333,39.8829],[32.6347,39.8827],[32.6376,39.8835],[32.6393,39.8837],[32.6415,39.8848],[32.6435,39.8854],[32.6444,39.8849],[32.6447,39.885],[32.6448,39.8854],[32.6456,39.8857],[32.646,39.8856],[32.6474,39.8858],[32.6476,39.8861],[32.6473,39.8867],[32.6477,39.8873],[32.6517,39.8886],[32.6534,39.8906],[32.654,39.892],[32.6563,39.8913],[32.6566,39.8913],[32.6584,39.8923],[32.6587,39.892],[32.6607,39.8928],[32.6596,39.8948],[32.66,39.8948],[32.6597,39.8958],[32.6599,39.896],[32.6642,39.8963],[32.6706,39.8971],[32.6745,39.8984],[32.6756,39.8981],[32.6767,39.8972]]]]}},{"type":"Feature","properties":{"id":"etimesgut-topcu"},"geometry":{"type":"MultiPolygon","coordinates":[[[[32.6155,39.9574],[32.6178,39.957],[32.6244,39.9566],[32.6234,39.9528],[32.6232,39.9515],[32.6232,39.9495],[32.6236,39.9469],[32.6249,39.9426],[32.6255,39.9396],[32.6241,39.9397],[32.6221,39.9403],[32.6125,39.9471],[32.6117,39.9474],[32.6106,39.9477],[32.6131,39.9531],[32.6155,39.9574]]]]}},{"type":"Feature","properties":{"id":"etimesgut-eryaman"},"geometry":{"type":"MultiPolygon","coordinates":[[[[32.6263,39.9812],[32.6359,39.9809],[32.6354,39.9772],[32.6346,39.9742],[32.6334,39.9718],[32.6299,39.9668],[32.624,39.9684],[32.6157,39.9691],[32.612,39.9697],[32.6083,39.9705],[32.6081,39.9767],[32.6139,39.9761],[32.6162,39.9761],[32.6183,39.9766],[32.6204,39.9772],[32.6226,39.9785],[32.6233,39.9795],[32.6239,39.9812],[32.6263,39.9812]]]]}},{"type":"Feature","properties":{"id":"etimesgut-sehit-osman-avci"},"geometry":{"type":"MultiPolygon","coordinates":[[[[32.6555,39.9912],[32.656,39.9886],[32.6599,39.9756],[32.6605,39.9742],[32.6615,39.9727],[32.663,39.9713],[32.6645,39.9704],[32.6673,39.9689],[32.6657,39.9686],[32.6624,39.9687],[32.6598,39.9684],[32.659,39.9684],[32.6525,39.9699],[32.6512,39.9706],[32.6508,39.971],[32.6501,39.9721],[32.6493,39.9737],[32.6489,39.9753],[32.649,39.9803],[32.6482,39.9825],[32.6479,39.9877],[32.6481,39.9881],[32.65,39.9891],[32.6555,39.9912]]]]}},{"type":"Feature","properties":{"id":"etimesgut-seker"},"geometry":{"type":"MultiPolygon","coordinates":[[[[32.6593,39.9684],[32.6624,39.9687],[32.6657,39.9686],[32.6673,39.9689],[32.6788,39.9634],[32.6587,39.9627],[32.6467,39.9639],[32.6486,39.9663],[32.6494,39.9664],[32.6501,39.9666],[32.6524,39.9699],[32.6537,39.9695],[32.6593,39.9684]]]]}},{"type":"Feature","properties":{"id":"etimesgut-istasyon"},"geometry":{"type":"MultiPolygon","coordinates":[[[[32.6735,39.9472],[32.6825,39.9446],[32.6789,39.9446],[32.6786,39.9441],[32.6763,39.9449],[32.6763,39.9439],[32.674,39.9424],[32.6725,39.9434],[32.6719,39.9429],[32.6721,39.9419],[32.6712,39.94],[32.6711,39.9364],[32.6695,39.9352],[32.6651,39.9347],[32.6649,39.935],[32.6645,39.9349],[32.6613,39.9354],[32.6596,39.9312],[32.6556,39.9331],[32.6565,39.9353],[32.6567,39.9368],[32.6571,39.9382],[32.6589,39.9399],[32.6623,39.9494],[32.6687,39.9483],[32.6735,39.9472]]]]}},{"type":"Feature","properties":{"id":"etimesgut-ahi-mesut"},"geometry":{"type":"MultiPolygon","coordinates":[[[[32.6309,39.9251],[32.6268,39.9238],[32.6253,39.9235],[32.6242,39.9254],[32.6237,39.9271],[32.6237,39.9292],[32.6248,39.9331],[32.6254,39.9356],[32.6255,39.9372],[32.6255,39.9396],[32.6327,39.9397],[32.6338,39.9399],[32.6382,39.941],[32.64,39.9374],[32.6472,39.9349],[32.6462,39.9336],[32.646,39.9313],[32.6471,39.9306],[32.6498,39.9293],[32.6468,39.9245],[32.6409,39.9268],[32.6353,39.9288],[32.6345,39.9282],[32.6342,39.9274],[32.6331,39.927],[32.6309,39.9251]]]]}},{"type":"Feature","properties":{"id":"etimesgut-yavuz-selim"},"geometry":{"type":"MultiPolygon","coordinates":[[[[32.6223,39.9984],[32.6223,39.9983],[32.6206,39.998],[32.6187,39.9971],[32.6178,39.9966],[32.6151,39.9945],[32.6079,39.9945],[32.6072,39.9948],[32.604,39.9966],[32.607,39.9998],[32.6071,40.0004],[32.6068,40.002],[32.6085,40.0024],[32.6083,40.0034],[32.611,40.004],[32.6108,40.0044],[32.612,40.0048],[32.6115,40.0057],[32.6166,40.005],[32.6169,40.0045],[32.6176,40.0039],[32.621,40.0013],[32.6224,39.9987],[32.6223,39.9984]]]]}},{"type":"Feature","properties":{"id":"etimesgut-seyh-samil"},"geometry":{"type":"MultiPolygon","coordinates":[[[[32.6215,40.0041],[32.6218,40.0036],[32.6234,40.0045],[32.6243,40.0034],[32.626,40.0044],[32.6279,40.0028],[32.6303,40.0043],[32.6308,40.0039],[32.6344,40.0038],[32.6357,40.0015],[32.6364,39.9996],[32.6369,39.9979],[32.6372,39.9951],[32.637,39.9917],[32.6223,39.9927],[32.622,39.9956],[32.6224,39.9987],[32.621,40.0013],[32.6176,40.0039],[32.6169,40.0045],[32.6166,40.005],[32.6214,40.0044],[32.6215,40.0041]]]]}},{"type":"Feature","properties":{"id":"etimesgut-guzelkent"},"geometry":{"type":"MultiPolygon","coordinates":[[[[32.6221,39.9947],[32.6223,39.9927],[32.6203,39.9923],[32.6176,39.9914],[32.6135,39.9893],[32.6109,39.9862],[32.6088,39.9824],[32.6018,39.9827],[32.6018,39.9834],[32.6025,39.9865],[32.6017,39.9869],[32.5987,39.9878],[32.5976,39.9889],[32.6002,39.9903],[32.6007,39.9908],[32.6011,39.9916],[32.6013,39.9952],[32.6025,39.9961],[32.6025,39.9963],[32.603,39.9969],[32.6036,39.9968],[32.6072,39.9948],[32.6079,39.9945],[32.6151,39.9945],[32.6178,39.9966],[32.6187,39.9971],[32.6208,39.9981],[32.6223,39.9983],[32.622,39.9956],[32.6221,39.9947]]]]}},{"type":"Feature","properties":{"id":"etimesgut-goksu"},"geometry":{"type":"MultiPolygon","coordinates":[[[[32.6377,40.004],[32.6391,40.0037],[32.6451,40.0036],[32.6454,40.0038],[32.646,40.0038],[32.6464,40.0036],[32.6474,40.0035],[32.6477,40.0031],[32.648,40.0029],[32.6483,40.0029],[32.6483,40.0035],[32.6535,40.0034],[32.6541,40.0036],[32.6543,40.0033],[32.6564,40.0024],[32.6555,39.9935],[32.6555,39.9912],[32.65,39.9891],[32.6481,39.9881],[32.6479,39.9877],[32.6482,39.9825],[32.649,39.9803],[32.6489,39.9775],[32.6415,39.9775],[32.64,39.9773],[32.6356,39.9778],[32.637,39.9922],[32.6371,39.9956],[32.6369,39.9979],[32.6362,40.0001],[32.6357,40.0015],[32.6344,40.0038],[32.6375,40.0037],[32.6377,40.004]]]]}},{"type":"Feature","properties":{"id":"etimesgut-yukariyurtcu"},"geometry":{"type":"MultiPolygon","coordinates":[[[[32.5669,39.8417],[32.5691,39.8407],[32.5695,39.8408],[32.5726,39.8353],[32.5729,39.8332],[32.5753,39.8291],[32.5789,39.8299],[32.5791,39.8297],[32.5739,39.8244],[32.5713,39.8222],[32.5452,39.8042],[32.5388,39.8097],[32.5386,39.8104],[32.5395,39.8153],[32.5375,39.8216],[32.5367,39.8229],[32.5388,39.8252],[32.5393,39.8255],[32.5404,39.8257],[32.5393,39.8287],[32.5391,39.8291],[32.5418,39.8318],[32.5403,39.8337],[32.5401,39.8348],[32.5433,39.8352],[32.5434,39.8346],[32.5474,39.8363],[32.5473,39.8372],[32.5465,39.8391],[32.5485,39.8399],[32.5497,39.838],[32.5582,39.8402],[32.5622,39.8406],[32.5614,39.8422],[32.5615,39.8425],[32.5621,39.8429],[32.5617,39.8434],[32.5644,39.8436],[32.5668,39.8423],[32.5669,39.8417]]]]}},{"type":"Feature","properties":{"id":"etimesgut-kazim-karabekir"},"geometry":{"type":"MultiPolygon","coordinates":[[[[32.6483,39.9437],[32.6482,39.9448],[32.6488,39.9489],[32.6482,39.949],[32.6483,39.9492],[32.6487,39.9492],[32.6489,39.9493],[32.6492,39.9517],[32.6563,39.9504],[32.6623,39.9494],[32.6615,39.9471],[32.6546,39.9461],[32.6523,39.9453],[32.6508,39.944],[32.6483,39.9437]]]]}},{"type":"Feature","properties":{"id":"etimesgut-ayyildiz"},"geometry":{"type":"MultiPolygon","coordinates":[[[[32.6249,39.9396],[32.6255,39.9396],[32.6255,39.9366],[32.6248,39.9331],[32.6237,39.9292],[32.6236,39.9278],[32.6238,39.9265],[32.6243,39.9251],[32.6256,39.9231],[32.6269,39.9219],[32.6298,39.9198],[32.6273,39.9164],[32.6191,39.9158],[32.6165,39.9172],[32.6131,39.9173],[32.613,39.9243],[32.6063,39.9287],[32.6082,39.9304],[32.6088,39.932],[32.6091,39.937],[32.6079,39.9397],[32.6131,39.9422],[32.6161,39.9446],[32.6217,39.9405],[32.6232,39.9399],[32.6249,39.9396]]]]}},{"type":"Feature","properties":{"id":"etimesgut-atayurt"},"geometry":{"type":"MultiPolygon","coordinates":[[[[32.5188,39.8309],[32.5175,39.8324],[32.5204,39.8353],[32.5205,39.8367],[32.5194,39.8378],[32.5206,39.8386],[32.5196,39.8418],[32.5193,39.8447],[32.5226,39.8457],[32.5312,39.8427],[32.5347,39.8492],[32.541,39.8461],[32.5422,39.8461],[32.5432,39.8454],[32.5456,39.8466],[32.5531,39.8487],[32.5581,39.8506],[32.5586,39.849],[32.5604,39.8479],[32.5592,39.8467],[32.5603,39.846],[32.5605,39.845],[32.5621,39.8429],[32.5615,39.8425],[32.5614,39.8422],[32.5622,39.8406],[32.5582,39.8402],[32.5497,39.838],[32.5485,39.8399],[32.5465,39.8391],[32.5473,39.8372],[32.5474,39.8363],[32.5434,39.8346],[32.5433,39.8352],[32.5401,39.8348],[32.5403,39.8337],[32.5417,39.8319],[32.5417,39.8316],[32.5411,39.8311],[32.5398,39.8314],[32.5331,39.83],[32.5236,39.8259],[32.5233,39.8259],[32.523,39.8262],[32.5223,39.8276],[32.5218,39.8295],[32.5218,39.8321],[32.5188,39.8309]]]]}},{"type":"Feature","properties":{"id":"etimesgut-turkuaz"},"geometry":{"type":"MultiPolygon","coordinates":[[[[32.5872,39.8378],[32.5885,39.8327],[32.5886,39.831],[32.5893,39.8274],[32.5891,39.8267],[32.5886,39.8257],[32.5883,39.8244],[32.5882,39.8204],[32.5888,39.8193],[32.5887,39.8181],[32.5884,39.8177],[32.5877,39.8149],[32.5885,39.8129],[32.5887,39.8103],[32.5891,39.8089],[32.5918,39.8042],[32.5923,39.8027],[32.5848,39.7993],[32.5801,39.7945],[32.5777,39.7927],[32.574,39.7909],[32.5717,39.79],[32.5699,39.7888],[32.5667,39.7874],[32.5644,39.7861],[32.5601,39.7845],[32.5575,39.7873],[32.5568,39.7872],[32.5554,39.7874],[32.5552,39.7882],[32.5544,39.7881],[32.5543,39.7883],[32.5535,39.7879],[32.5527,39.7881],[32.5521,39.7879],[32.552,39.7881],[32.5517,39.788],[32.5515,39.7884],[32.5509,39.7885],[32.5497,39.7886],[32.5488,39.7888],[32.5474,39.7887],[32.5461,39.7895],[32.545,39.7894],[32.5444,39.7897],[32.5435,39.7892],[32.542,39.7878],[32.5414,39.7877],[32.5407,39.789],[32.5402,39.7889],[32.5397,39.792],[32.5393,39.7933],[32.5393,39.7946],[32.54,39.7963],[32.5397,39.7969],[32.5403,39.7978],[32.5406,39.799],[32.5406,39.7993],[32.5395,39.8002],[32.5713,39.8222],[32.5739,39.8244],[32.5872,39.8378]]]]}},{"type":"Feature","properties":{"id":"etimesgut-orhun"},"geometry":{"type":"MultiPolygon","coordinates":[[[[32.6453,39.8358],[32.6457,39.8343],[32.646,39.8309],[32.6461,39.8278],[32.6461,39.823],[32.6457,39.8176],[32.6452,39.8139],[32.6443,39.8101],[32.6439,39.8075],[32.6441,39.8055],[32.6447,39.8039],[32.6457,39.802],[32.6479,39.7998],[32.6496,39.7986],[32.6545,39.7961],[32.656,39.7952],[32.6586,39.7933],[32.661,39.791],[32.663,39.7884],[32.6636,39.7872],[32.6644,39.7855],[32.6643,39.7846],[32.6603,39.7837],[32.6586,39.7841],[32.6549,39.7814],[32.6484,39.7807],[32.6484,39.7797],[32.6455,39.7781],[32.6446,39.7771],[32.6412,39.7761],[32.6421,39.7755],[32.6402,39.7741],[32.638,39.7732],[32.6374,39.77],[32.6336,39.7681],[32.631,39.7692],[32.6306,39.7682],[32.6285,39.768],[32.6276,39.769],[32.6254,39.7692],[32.6249,39.7686],[32.6215,39.769],[32.6216,39.7696],[32.624,39.7712],[32.6239,39.7717],[32.6256,39.7727],[32.6274,39.7731],[32.6293,39.774],[32.63,39.776],[32.6286,39.7768],[32.6266,39.7784],[32.6266,39.7797],[32.6236,39.7825],[32.6227,39.7818],[32.6207,39.7851],[32.6194,39.7879],[32.6178,39.7892],[32.6179,39.7894],[32.6172,39.7898],[32.6125,39.7909],[32.6099,39.7919],[32.61,39.7925],[32.6081,39.7928],[32.607,39.7934],[32.6066,39.7927],[32.6031,39.7959],[32.6061,39.7975],[32.6067,39.7981],[32.6072,39.7992],[32.6076,39.801],[32.6056,39.8011],[32.601,39.8],[32.601,39.7989],[32.6016,39.7986],[32.5987,39.7971],[32.5939,39.8023],[32.5923,39.8027],[32.5918,39.8042],[32.5891,39.8089],[32.5887,39.8103],[32.5885,39.8129],[32.5877,39.8149],[32.5884,39.8177],[32.5887,39.8181],[32.5888,39.8193],[32.5882,39.8204],[32.5883,39.8244],[32.5886,39.8257],[32.5891,39.8267],[32.5893,39.8274],[32.5886,39.831],[32.5885,39.8327],[32.5872,39.8378],[32.5994,39.85],[32.6006,39.8511],[32.6034,39.8531],[32.6076,39.8551],[32.6288,39.8629],[32.6266,39.8589],[32.6259,39.8565],[32.6258,39.8552],[32.626,39.8536],[32.6265,39.8522],[32.627,39.8513],[32.6287,39.8492],[32.6303,39.8479],[32.6322,39.8468],[32.6382,39.8438],[32.641,39.8419],[32.6428,39.8402],[32.6435,39.8394],[32.6446,39.8376],[32.6453,39.8358]]]]}},{"type":"Feature","properties":{"id":"etimesgut-alsancak"},"geometry":{"type":"MultiPolygon","coordinates":[[[[32.6558,39.9386],[32.6559,39.9376],[32.657,39.9377],[32.6564,39.935],[32.6549,39.9314],[32.6545,39.929],[32.6542,39.9221],[32.6468,39.9245],[32.6498,39.9293],[32.6471,39.9306],[32.646,39.9313],[32.6462,39.9336],[32.6472,39.9349],[32.6483,39.9359],[32.6494,39.9376],[32.6499,39.9391],[32.6509,39.9386],[32.6526,39.9386],[32.6534,39.939],[32.6557,39.9396],[32.6558,39.9386]]]]}},{"type":"Feature","properties":{"id":"etimesgut-devlet"},"geometry":{"type":"MultiPolygon","coordinates":[[[[32.6085,39.9824],[32.6088,39.9824],[32.6097,39.9816],[32.6239,39.9812],[32.6233,39.9795],[32.6226,39.9785],[32.6214,39.9777],[32.6196,39.9769],[32.6162,39.9761],[32.6123,39.9762],[32.6081,39.9767],[32.6083,39.9705],[32.6018,39.9726],[32.6029,39.9778],[32.6018,39.9826],[32.6085,39.9824]]]]}},{"type":"Feature","properties":{"id":"etimesgut-yeni-baglica"},"geometry":{"type":"MultiPolygon","coordinates":[[[[32.6521,39.9104],[32.6557,39.909],[32.6561,39.9066],[32.6561,39.9048],[32.6546,39.8983],[32.6569,39.8981],[32.6596,39.8967],[32.6596,39.8962],[32.6599,39.896],[32.6585,39.8961],[32.649,39.8978],[32.6464,39.8979],[32.6397,39.8977],[32.6376,39.8972],[32.6352,39.8961],[32.6119,39.8856],[32.6115,39.8868],[32.6114,39.8877],[32.6114,39.8887],[32.6122,39.8908],[32.6137,39.8926],[32.6155,39.8941],[32.6207,39.8973],[32.6226,39.8992],[32.6265,39.9061],[32.6309,39.9124],[32.6315,39.9136],[32.6317,39.9145],[32.6318,39.916],[32.6317,39.9167],[32.6311,39.9181],[32.6298,39.9198],[32.6263,39.9224],[32.6253,39.9235],[32.6268,39.9238],[32.6309,39.9251],[32.6331,39.927],[32.6342,39.9274],[32.6345,39.9282],[32.6353,39.9288],[32.6409,39.9268],[32.6475,39.9242],[32.6546,39.922],[32.655,39.9217],[32.6559,39.9203],[32.6561,39.9183],[32.6539,39.9142],[32.6538,39.9133],[32.6534,39.9123],[32.6521,39.9104]]]]}},{"type":"Feature","properties":{"id":"pursaklar-sirkeli-yesilova"},"geometry":{"type":"MultiPolygon","coordinates":[[[[32.8744,40.1452],[32.8747,40.1446],[32.8776,40.1451],[32.8772,40.146],[32.8802,40.1466],[32.8814,40.1439],[32.8812,40.1437],[32.8811,40.1422],[32.8808,40.142],[32.8806,40.1416],[32.8813,40.1406],[32.881,40.1402],[32.8809,40.1396],[32.8798,40.1391],[32.8805,40.1379],[32.8804,40.1371],[32.8791,40.1363],[32.8796,40.136],[32.8809,40.1346],[32.8809,40.1343],[32.8811,40.1337],[32.8806,40.1329],[32.8804,40.1328],[32.8807,40.1323],[32.8804,40.1322],[32.8807,40.1317],[32.8807,40.1308],[32.88,40.1299],[32.8789,40.1292],[32.8781,40.1292],[32.8772,40.1289],[32.8765,40.1284],[32.8768,40.1275],[32.8778,40.1263],[32.8788,40.1253],[32.8781,40.1244],[32.8759,40.1243],[32.8753,40.1247],[32.873,40.1255],[32.8667,40.1254],[32.8647,40.1253],[32.8608,40.1241],[32.8579,40.1229],[32.8573,40.1226],[32.8561,40.1214],[32.853,40.1194],[32.8482,40.1174],[32.8447,40.1166],[32.8438,40.1163],[32.8433,40.1158],[32.8383,40.1135],[32.8374,40.1122],[32.833,40.107],[32.8304,40.1007],[32.8262,40.0978],[32.8236,40.0966],[32.8209,40.0967],[32.8191,40.0976],[32.8169,40.1017],[32.8113,40.1071],[32.8091,40.1074],[32.8087,40.1084],[32.8097,40.1087],[32.8065,40.1115],[32.8038,40.1132],[32.8038,40.115],[32.8045,40.1175],[32.8026,40.118],[32.801,40.1174],[32.7983,40.1198],[32.7997,40.1224],[32.8024,40.1248],[32.8055,40.1344],[32.8103,40.1365],[32.8124,40.1385],[32.8127,40.1402],[32.8116,40.1403],[32.8117,40.1432],[32.8121,40.1449],[32.8116,40.145],[32.8143,40.1478],[32.8162,40.1489],[32.8174,40.1492],[32.8283,40.1464],[32.8285,40.1465],[32.8293,40.1465],[32.8304,40.1469],[32.8331,40.1468],[32.8331,40.1458],[32.8351,40.1455],[32.835,40.1452],[32.8356,40.1448],[32.8358,40.1439],[32.8374,40.1441],[32.8423,40.1433],[32.8441,40.1428],[32.845,40.1424],[32.8468,40.1409],[32.848,40.1404],[32.8487,40.1393],[32.8496,40.1393],[32.8534,40.1413],[32.8631,40.1447],[32.8624,40.145],[32.8729,40.1502],[32.8744,40.1463],[32.8744,40.1452]]]]}},{"type":"Feature","properties":{"id":"pursaklar-sirkeli-yesilyurt"},"geometry":{"type":"MultiPolygon","coordinates":[[[[32.8522,40.1669],[32.8532,40.1652],[32.8578,40.1618],[32.8605,40.1605],[32.8613,40.1593],[32.8629,40.1583],[32.8643,40.1574],[32.8655,40.1584],[32.87,40.1551],[32.8703,40.1552],[32.8707,40.155],[32.8706,40.153],[32.8719,40.1509],[32.8729,40.1502],[32.8624,40.145],[32.8631,40.1447],[32.8534,40.1413],[32.8496,40.1393],[32.8487,40.1393],[32.848,40.1404],[32.8468,40.1409],[32.845,40.1424],[32.8441,40.1428],[32.8423,40.1433],[32.8374,40.1441],[32.8358,40.1439],[32.8356,40.1448],[32.835,40.1452],[32.8351,40.1455],[32.8331,40.1458],[32.8331,40.1468],[32.8304,40.1469],[32.8293,40.1465],[32.8285,40.1465],[32.8283,40.1464],[32.8195,40.1487],[32.8205,40.1505],[32.8215,40.1514],[32.819,40.1528],[32.8173,40.1561],[32.8184,40.1578],[32.8218,40.1586],[32.8256,40.161],[32.8254,40.162],[32.8345,40.1663],[32.838,40.1672],[32.8418,40.1667],[32.8435,40.1671],[32.846,40.1685],[32.8495,40.1695],[32.8499,40.1694],[32.8511,40.1683],[32.8522,40.1669]]]]}},{"type":"Feature","properties":{"id":"pursaklar-abadan"},"geometry":{"type":"MultiPolygon","coordinates":[[[[32.8878,40.1254],[32.8882,40.1237],[32.8887,40.1223],[32.8886,40.1218],[32.8884,40.1216],[32.8843,40.122],[32.8857,40.118],[32.8832,40.1176],[32.8806,40.1164],[32.8762,40.114],[32.8753,40.1123],[32.8701,40.1091],[32.8686,40.1089],[32.8644,40.1031],[32.8647,40.1017],[32.8648,40.1016],[32.8586,40.1],[32.8554,40.0998],[32.8541,40.0988],[32.8508,40.0994],[32.8428,40.0971],[32.8314,40.0948],[32.8276,40.0936],[32.8278,40.0939],[32.8277,40.0944],[32.8279,40.0953],[32.8272,40.098],[32.8276,40.0988],[32.8304,40.1007],[32.833,40.107],[32.8374,40.1122],[32.8383,40.1135],[32.8433,40.1158],[32.8438,40.1163],[32.8447,40.1166],[32.8482,40.1174],[32.853,40.1194],[32.8561,40.1214],[32.8573,40.1226],[32.8579,40.1229],[32.8608,40.1241],[32.8647,40.1253],[32.8667,40.1254],[32.873,40.1255],[32.8753,40.1247],[32.8759,40.1243],[32.8788,40.1245],[32.8828,40.1242],[32.8842,40.1247],[32.8847,40.1255],[32.886,40.1262],[32.8877,40.1264],[32.8878,40.1254]]]]}},{"type":"Feature","properties":{"id":"pursaklar-yeni-karakoy"},"geometry":{"type":"MultiPolygon","coordinates":[[[[32.9574,40.0578],[32.9579,40.0576],[32.9592,40.0579],[32.9614,40.0575],[32.9605,40.052],[32.96,40.0511],[32.9534,40.0501],[32.9506,40.0503],[32.9413,40.0492],[32.9435,40.0553],[32.9453,40.0571],[32.9466,40.0599],[32.9514,40.061],[32.9555,40.0612],[32.9559,40.06],[32.9567,40.059],[32.9574,40.0578]]]]}},{"type":"Feature","properties":{"id":"pursaklar-ayyildiz"},"geometry":{"type":"MultiPolygon","coordinates":[[[[32.8929,40.0241],[32.8929,40.0239],[32.8882,40.0237],[32.888,40.0242],[32.8871,40.0242],[32.8871,40.0249],[32.8881,40.025],[32.8883,40.0263],[32.8889,40.0275],[32.8894,40.0281],[32.8913,40.0293],[32.892,40.0291],[32.8921,40.0289],[32.8922,40.0259],[32.8932,40.0259],[32.8929,40.0241]]]]}},{"type":"Feature","properties":{"id":"pursaklar-karakoy"},"geometry":{"type":"MultiPolygon","coordinates":[[[[32.8949,40.1633],[32.8927,40.1621],[32.8939,40.1601],[32.8936,40.1599],[32.8915,40.1597],[32.8902,40.1592],[32.8897,40.1587],[32.8901,40.1581],[32.8912,40.1582],[32.8914,40.1576],[32.8912,40.1573],[32.8916,40.1568],[32.8886,40.1558],[32.889,40.1544],[32.8884,40.1543],[32.8886,40.1537],[32.8875,40.1534],[32.8873,40.1528],[32.8881,40.1504],[32.8878,40.1499],[32.8874,40.1496],[32.8867,40.1489],[32.8863,40.1481],[32.8865,40.1478],[32.8866,40.147],[32.885,40.1465],[32.8836,40.1475],[32.8772,40.146],[32.8776,40.1451],[32.8747,40.1446],[32.8744,40.1452],[32.8744,40.1463],[32.8729,40.1502],[32.8719,40.1509],[32.8706,40.153],[32.8707,40.155],[32.8703,40.1552],[32.8706,40.1554],[32.8707,40.1559],[32.8712,40.16],[32.8718,40.1614],[32.8711,40.1638],[32.8695,40.166],[32.8698,40.1671],[32.87,40.1683],[32.8698,40.1722],[32.8747,40.1736],[32.877,40.1739],[32.8774,40.1728],[32.8798,40.1719],[32.8811,40.1704],[32.885,40.1684],[32.888,40.1675],[32.891,40.1669],[32.8915,40.1655],[32.8949,40.1633]]]]}},{"type":"Feature","properties":{"id":"pursaklar-karsiyaka"},"geometry":{"type":"MultiPolygon","coordinates":[[[[32.8955,40.1625],[32.9037,40.1571],[32.9071,40.1552],[32.9093,40.1528],[32.9084,40.1524],[32.9094,40.1506],[32.9105,40.1496],[32.9125,40.1504],[32.9135,40.1495],[32.914,40.1501],[32.9147,40.15],[32.9145,40.1469],[32.9123,40.1469],[32.9123,40.1461],[32.9102,40.1459],[32.9104,40.145],[32.9115,40.1441],[32.9123,40.1424],[32.9117,40.1421],[32.9122,40.1407],[32.9128,40.1407],[32.9124,40.1395],[32.9116,40.1389],[32.91,40.1388],[32.9102,40.1373],[32.9088,40.1363],[32.9087,40.1361],[32.9122,40.1357],[32.9115,40.1348],[32.9126,40.1339],[32.9132,40.1315],[32.9121,40.1309],[32.9115,40.1301],[32.9117,40.1299],[32.9109,40.1302],[32.9102,40.13],[32.9091,40.1306],[32.9068,40.1296],[32.9066,40.1283],[32.9074,40.1276],[32.9079,40.1268],[32.9079,40.1263],[32.9075,40.1258],[32.9072,40.1238],[32.9054,40.1244],[32.906,40.1233],[32.9078,40.1209],[32.9079,40.1203],[32.9042,40.1208],[32.9022,40.1215],[32.9017,40.1206],[32.9008,40.1205],[32.9006,40.122],[32.8998,40.1219],[32.8987,40.1223],[32.897,40.1219],[32.8966,40.1213],[32.8957,40.1218],[32.8951,40.1219],[32.8923,40.1212],[32.8922,40.1215],[32.8906,40.1218],[32.8884,40.1216],[32.8886,40.1218],[32.8887,40.1223],[32.8882,40.1237],[32.8877,40.1264],[32.886,40.1262],[32.8847,40.1255],[32.8842,40.1247],[32.8828,40.1242],[32.8782,40.1245],[32.8788,40.1253],[32.8778,40.1263],[32.8768,40.1275],[32.8765,40.1284],[32.8772,40.1289],[32.8781,40.1292],[32.8789,40.1292],[32.88,40.1299],[32.8807,40.1308],[32.8807,40.1317],[32.8804,40.1322],[32.8807,40.1323],[32.8804,40.1328],[32.8806,40.1329],[32.8811,40.1337],[32.8809,40.1343],[32.8809,40.1346],[32.8796,40.136],[32.8791,40.1363],[32.8804,40.1371],[32.8805,40.1379],[32.8798,40.1391],[32.8809,40.1396],[32.881,40.1402],[32.8813,40.1406],[32.8806,40.1416],[32.8808,40.142],[32.8811,40.1422],[32.8812,40.1437],[32.8814,40.1439],[32.8802,40.1466],[32.8836,40.1475],[32.885,40.1465],[32.8866,40.147],[32.8865,40.1478],[32.8863,40.1481],[32.8867,40.1489],[32.8874,40.1496],[32.8878,40.1499],[32.8881,40.1504],[32.8873,40.1528],[32.8875,40.1534],[32.8886,40.1537],[32.8884,40.1543],[32.889,40.1544],[32.8886,40.1558],[32.8916,40.1568],[32.8912,40.1573],[32.8914,40.1576],[32.8912,40.1582],[32.8901,40.1581],[32.8897,40.1587],[32.8902,40.1592],[32.8915,40.1597],[32.8936,40.1599],[32.8939,40.1601],[32.8927,40.1621],[32.8949,40.1633],[32.8955,40.1625]]]]}},{"type":"Feature","properties":{"id":"pursaklar-yildirim-beyazit"},"geometry":{"type":"MultiPolygon","coordinates":[[[[32.969,40.0682],[32.9686,40.0672],[32.9682,40.0647],[32.9679,40.064],[32.9637,40.0611],[32.9626,40.0607],[32.962,40.0607],[32.9654,40.0692],[32.9662,40.0707],[32.9696,40.0695],[32.969,40.0682]]]]}},{"type":"Feature","properties":{"id":"pursaklar-kosrelikkizigi"},"geometry":{"type":"MultiPolygon","coordinates":[[[[32.9092,40.1306],[32.9102,40.13],[32.9109,40.1302],[32.9117,40.1299],[32.913,40.1285],[32.9136,40.1287],[32.9148,40.1275],[32.9196,40.1275],[32.9196,40.1267],[32.9205,40.1249],[32.9202,40.1236],[32.922,40.1215],[32.9226,40.1215],[32.9254,40.1223],[32.9261,40.1195],[32.9271,40.1207],[32.9281,40.1208],[32.93,40.1215],[32.9304,40.1204],[32.9304,40.1148],[32.9288,40.1129],[32.928,40.1127],[32.9273,40.113],[32.9239,40.1131],[32.9216,40.112],[32.9232,40.1086],[32.9218,40.1089],[32.9207,40.1089],[32.918,40.1069],[32.9134,40.1063],[32.9123,40.1058],[32.912,40.1052],[32.9114,40.1052],[32.9106,40.1036],[32.9074,40.1006],[32.902,40.0968],[32.9007,40.0965],[32.8962,40.0945],[32.8922,40.0923],[32.8928,40.0889],[32.8917,40.0871],[32.8905,40.0858],[32.8889,40.0853],[32.8879,40.0848],[32.8849,40.0848],[32.8824,40.0844],[32.8805,40.0915],[32.879,40.0916],[32.8773,40.0909],[32.8749,40.0924],[32.8739,40.0945],[32.8713,40.0949],[32.871,40.0957],[32.8691,40.0964],[32.8676,40.098],[32.8685,40.0983],[32.8684,40.0998],[32.868,40.1003],[32.8659,40.1008],[32.8647,40.1017],[32.8644,40.1031],[32.8686,40.1089],[32.8701,40.1091],[32.8753,40.1123],[32.8762,40.114],[32.8806,40.1164],[32.8832,40.1176],[32.8857,40.118],[32.8843,40.122],[32.8885,40.1216],[32.8906,40.1218],[32.8922,40.1215],[32.8923,40.1212],[32.8951,40.1219],[32.8957,40.1218],[32.8966,40.1213],[32.897,40.1219],[32.8987,40.1223],[32.8998,40.1219],[32.9006,40.122],[32.9008,40.1205],[32.9017,40.1206],[32.9022,40.1215],[32.9042,40.1208],[32.9079,40.1203],[32.9078,40.1209],[32.906,40.1233],[32.9054,40.1244],[32.9072,40.1238],[32.9075,40.1258],[32.9079,40.1263],[32.9079,40.1268],[32.9074,40.1276],[32.9066,40.1283],[32.9068,40.1295],[32.907,40.1297],[32.9092,40.1306]]]]}},{"type":"Feature","properties":{"id":"pursaklar-saray-fatih"},"geometry":{"type":"MultiPolygon","coordinates":[[[[32.9131,40.0828],[32.9141,40.0824],[32.9172,40.0835],[32.9186,40.0819],[32.9194,40.082],[32.9228,40.0819],[32.9242,40.0818],[32.9252,40.0814],[32.9239,40.0779],[32.9232,40.0753],[32.9226,40.074],[32.9227,40.0728],[32.9213,40.0716],[32.9213,40.0707],[32.9204,40.0707],[32.9207,40.0692],[32.9205,40.0669],[32.9201,40.0662],[32.9204,40.0659],[32.9217,40.0653],[32.9204,40.0639],[32.9198,40.0624],[32.9189,40.0569],[32.9173,40.057],[32.9174,40.0565],[32.917,40.0558],[32.9138,40.0532],[32.9122,40.0548],[32.9082,40.0549],[32.908,40.0568],[32.9061,40.0567],[32.9054,40.0558],[32.9033,40.0558],[32.9027,40.0556],[32.9021,40.0564],[32.8983,40.0562],[32.8933,40.0597],[32.8928,40.0592],[32.8921,40.0596],[32.891,40.0597],[32.8909,40.0595],[32.8886,40.0597],[32.8885,40.0602],[32.8816,40.0601],[32.8781,40.0599],[32.8779,40.0612],[32.8801,40.0624],[32.8803,40.0629],[32.8798,40.0633],[32.8807,40.0643],[32.8806,40.0645],[32.8815,40.0661],[32.8813,40.0671],[32.8825,40.0685],[32.8841,40.0692],[32.8848,40.0707],[32.8832,40.0735],[32.8824,40.0742],[32.8814,40.0746],[32.8803,40.0759],[32.8811,40.0793],[32.8844,40.0791],[32.885,40.0789],[32.8859,40.0794],[32.8879,40.0796],[32.8899,40.0802],[32.8909,40.0797],[32.892,40.0797],[32.897,40.0813],[32.9064,40.0838],[32.9079,40.084],[32.9089,40.084],[32.9131,40.0828]]]]}},{"type":"Feature","properties":{"id":"pursaklar-saray-cumhuriyet"},"geometry":{"type":"MultiPolygon","coordinates":[[[[32.9571,40.0829],[32.9569,40.0825],[32.9571,40.0794],[32.9546,40.0777],[32.9544,40.076],[32.9256,40.0674],[32.9228,40.0662],[32.9217,40.0653],[32.9204,40.0659],[32.9201,40.0662],[32.9205,40.0669],[32.9207,40.0692],[32.9204,40.0707],[32.9213,40.0707],[32.9213,40.0716],[32.9227,40.0728],[32.9226,40.074],[32.9232,40.0753],[32.9239,40.0779],[32.9252,40.0814],[32.927,40.0807],[32.928,40.08],[32.9291,40.0804],[32.9306,40.0806],[32.9305,40.081],[32.9319,40.0812],[32.9326,40.0809],[32.9354,40.0813],[32.9357,40.0807],[32.9426,40.0808],[32.9561,40.0834],[32.9571,40.0829]]]]}},{"type":"Feature","properties":{"id":"pursaklar-yuva"},"geometry":{"type":"MultiPolygon","coordinates":[[[[32.8503,40.1966],[32.852,40.197],[32.8545,40.1985],[32.8599,40.1988],[32.8662,40.1968],[32.8674,40.1977],[32.8687,40.1948],[32.8701,40.193],[32.8712,40.1921],[32.878,40.1848],[32.8761,40.1822],[32.8755,40.1763],[32.877,40.1739],[32.8747,40.1736],[32.8698,40.1722],[32.87,40.1683],[32.8698,40.1671],[32.8695,40.166],[32.8711,40.1638],[32.8718,40.1614],[32.8712,40.16],[32.8707,40.1559],[32.8704,40.1552],[32.87,40.1551],[32.8655,40.1584],[32.8643,40.1574],[32.8613,40.1593],[32.8605,40.1605],[32.8578,40.1618],[32.8532,40.1652],[32.8516,40.1678],[32.8498,40.1695],[32.8476,40.169],[32.846,40.1685],[32.8435,40.1671],[32.8421,40.1693],[32.8399,40.1715],[32.8395,40.1889],[32.8401,40.1906],[32.84,40.1919],[32.8393,40.1924],[32.8392,40.1926],[32.8395,40.1952],[32.8395,40.1973],[32.8442,40.2002],[32.8495,40.1968],[32.8503,40.1966]]]]}},{"type":"Feature","properties":{"id":"pursaklar-altinova"},"geometry":{"type":"MultiPolygon","coordinates":[[[[32.977,40.0727],[32.9783,40.0723],[32.9809,40.0724],[32.9828,40.0728],[32.9875,40.0759],[32.9878,40.0758],[32.9866,40.07],[32.9853,40.0677],[32.9848,40.0671],[32.9835,40.0667],[32.9819,40.0666],[32.9783,40.0669],[32.9796,40.0627],[32.9793,40.0605],[32.9791,40.0597],[32.9763,40.0568],[32.9812,40.0568],[32.9854,40.0563],[32.9849,40.0548],[32.9843,40.0544],[32.9841,40.0532],[32.9836,40.0521],[32.9832,40.05],[32.9837,40.0498],[32.9836,40.0476],[32.9845,40.0476],[32.9843,40.047],[32.9827,40.0458],[32.9822,40.0459],[32.9818,40.0458],[32.9823,40.0444],[32.9822,40.0437],[32.9814,40.0429],[32.9813,40.0425],[32.9817,40.0411],[32.9814,40.0399],[32.9793,40.0412],[32.9793,40.0417],[32.9785,40.0425],[32.9765,40.0415],[32.976,40.0425],[32.9756,40.0426],[32.9741,40.0443],[32.9728,40.0439],[32.9716,40.0433],[32.9706,40.0422],[32.97,40.0405],[32.9683,40.0403],[32.9668,40.0425],[32.9658,40.0437],[32.9648,40.0442],[32.9633,40.0445],[32.9626,40.0445],[32.9614,40.0441],[32.9609,40.0442],[32.9602,40.0447],[32.9579,40.0507],[32.96,40.0511],[32.9604,40.0518],[32.962,40.0607],[32.9626,40.0607],[32.9637,40.0611],[32.968,40.0641],[32.9686,40.0672],[32.9696,40.0695],[32.9662,40.0707],[32.9677,40.0719],[32.9722,40.0762],[32.9754,40.0737],[32.977,40.0727]]]]}},{"type":"Feature","properties":{"id":"pursaklar-pecenek"},"geometry":{"type":"MultiPolygon","coordinates":[[[[32.9845,40.0667],[32.9839,40.0654],[32.9851,40.0652],[32.9843,40.0611],[32.9834,40.0603],[32.9833,40.0598],[32.986,40.0597],[32.9861,40.0593],[32.9859,40.0587],[32.9849,40.0564],[32.9812,40.0568],[32.9763,40.0568],[32.9791,40.0597],[32.9793,40.0605],[32.9796,40.0627],[32.9783,40.0669],[32.9819,40.0666],[32.9835,40.0667],[32.9848,40.0671],[32.9845,40.0667]]]]}},{"type":"Feature","properties":{"id":"pursaklar-fatih"},"geometry":{"type":"MultiPolygon","coordinates":[[[[32.9189,40.0569],[32.9163,40.0478],[32.9149,40.0478],[32.9109,40.0451],[32.9056,40.0378],[32.901,40.0389],[32.8994,40.0389],[32.8986,40.0385],[32.897,40.0382],[32.897,40.0396],[32.8974,40.0396],[32.8974,40.0399],[32.8971,40.0399],[32.8974,40.0419],[32.8979,40.0424],[32.8998,40.0432],[32.899,40.0441],[32.8977,40.045],[32.9015,40.0484],[32.9016,40.0537],[32.9036,40.0546],[32.9027,40.0556],[32.9033,40.0558],[32.9054,40.0558],[32.9061,40.0567],[32.908,40.0568],[32.9082,40.0549],[32.9122,40.0548],[32.9138,40.0532],[32.917,40.0558],[32.9174,40.0565],[32.9173,40.057],[32.9189,40.0569]]]]}},{"type":"Feature","properties":{"id":"pursaklar-tevfik-ileri"},"geometry":{"type":"MultiPolygon","coordinates":[[[[32.9411,40.0517],[32.9421,40.0514],[32.9413,40.0492],[32.937,40.051],[32.9327,40.05],[32.9315,40.0496],[32.9289,40.0491],[32.9279,40.0491],[32.9271,40.0487],[32.9262,40.0464],[32.9257,40.046],[32.9263,40.045],[32.9202,40.0428],[32.9206,40.0422],[32.923,40.0417],[32.9214,40.0402],[32.921,40.0403],[32.9183,40.0418],[32.9166,40.0415],[32.9167,40.0411],[32.9162,40.0409],[32.915,40.0421],[32.9117,40.0401],[32.9083,40.0393],[32.9076,40.0383],[32.9067,40.0379],[32.9064,40.0374],[32.9089,40.0358],[32.9096,40.0351],[32.91,40.0339],[32.9105,40.0333],[32.9097,40.0327],[32.909,40.031],[32.9115,40.0283],[32.9113,40.0279],[32.9104,40.0269],[32.9108,40.0263],[32.9123,40.0258],[32.9121,40.0245],[32.911,40.0245],[32.9091,40.0243],[32.9082,40.0234],[32.9081,40.0213],[32.9107,40.0181],[32.913,40.0177],[32.9147,40.0156],[32.9108,40.0165],[32.9086,40.0167],[32.8974,40.0173],[32.8963,40.0209],[32.8961,40.0266],[32.8967,40.0282],[32.8974,40.0291],[32.8981,40.0297],[32.9012,40.0312],[32.9018,40.0317],[32.9023,40.0325],[32.9026,40.0342],[32.9031,40.0351],[32.9056,40.0378],[32.9109,40.0451],[32.9149,40.0478],[32.9163,40.0478],[32.9177,40.0529],[32.9187,40.056],[32.9206,40.0556],[32.9215,40.0568],[32.9236,40.0562],[32.9252,40.0561],[32.9258,40.0541],[32.927,40.054],[32.9278,40.0544],[32.9282,40.0541],[32.9283,40.0529],[32.929,40.0529],[32.9299,40.0515],[32.9305,40.0523],[32.9311,40.0525],[32.9299,40.0558],[32.9338,40.0561],[32.935,40.0569],[32.9364,40.0569],[32.9389,40.0561],[32.9398,40.0556],[32.9402,40.0552],[32.9411,40.0517]]]]}},{"type":"Feature","properties":{"id":"pursaklar-yunus-emre"},"geometry":{"type":"MultiPolygon","coordinates":[[[[32.8953,40.034],[32.8957,40.0341],[32.8966,40.0346],[32.8982,40.0343],[32.9005,40.0334],[32.9025,40.0331],[32.9021,40.032],[32.9013,40.0312],[32.8981,40.0297],[32.8968,40.0284],[32.8961,40.0266],[32.8962,40.0228],[32.8947,40.0234],[32.8929,40.0239],[32.8932,40.0259],[32.8922,40.0259],[32.8921,40.0289],[32.892,40.0291],[32.8913,40.0293],[32.8894,40.0281],[32.8889,40.0275],[32.8883,40.0263],[32.8881,40.025],[32.8871,40.0249],[32.8871,40.0242],[32.888,40.0242],[32.888,40.024],[32.8891,40.0223],[32.8877,40.0213],[32.8869,40.022],[32.8845,40.0235],[32.884,40.0242],[32.8841,40.0259],[32.8841,40.0263],[32.8829,40.0279],[32.8835,40.0286],[32.8844,40.0292],[32.8847,40.0296],[32.8852,40.0307],[32.8858,40.0311],[32.8875,40.0318],[32.89,40.033],[32.891,40.0339],[32.8928,40.0349],[32.8935,40.0347],[32.8941,40.0341],[32.8953,40.034]]]]}},{"type":"Feature","properties":{"id":"pursaklar-merkez"},"geometry":{"type":"MultiPolygon","coordinates":[[[[32.8977,40.045],[32.899,40.0441],[32.8998,40.0432],[32.8979,40.0424],[32.8974,40.0419],[32.8971,40.0399],[32.8974,40.0399],[32.8974,40.0396],[32.897,40.0396],[32.897,40.0382],[32.8986,40.0385],[32.8994,40.0389],[32.901,40.0389],[32.9056,40.0378],[32.9031,40.0351],[32.9026,40.0342],[32.9025,40.0331],[32.9005,40.0334],[32.8982,40.0343],[32.8966,40.0346],[32.8957,40.0341],[32.8942,40.0341],[32.8941,40.0341],[32.8935,40.0347],[32.8928,40.0349],[32.8913,40.0341],[32.8917,40.0347],[32.8901,40.0352],[32.8883,40.0362],[32.8862,40.0369],[32.8853,40.0376],[32.8845,40.0412],[32.886,40.042],[32.8924,40.0468],[32.893,40.0474],[32.8934,40.0474],[32.8977,40.045]]]]}},{"type":"Feature","properties":{"id":"pursaklar-mimar-sinan"},"geometry":{"type":"MultiPolygon","coordinates":[[[[32.8937,40.0595],[32.8983,40.0562],[32.9021,40.0564],[32.9036,40.0546],[32.9016,40.0537],[32.9015,40.0484],[32.8977,40.045],[32.8934,40.0474],[32.893,40.0474],[32.8924,40.0468],[32.886,40.042],[32.8845,40.0412],[32.8854,40.0375],[32.8862,40.0369],[32.8883,40.0362],[32.8901,40.0352],[32.8917,40.0347],[32.8913,40.0341],[32.89,40.033],[32.8875,40.0318],[32.8858,40.0311],[32.8852,40.0307],[32.8847,40.0296],[32.8844,40.0292],[32.8835,40.0286],[32.8829,40.0279],[32.8824,40.0286],[32.8748,40.0304],[32.8749,40.0308],[32.873,40.0338],[32.8741,40.0345],[32.8758,40.0364],[32.8766,40.0367],[32.8767,40.0385],[32.8764,40.0403],[32.8764,40.0414],[32.8775,40.0425],[32.8764,40.0435],[32.8772,40.0439],[32.8764,40.0448],[32.8755,40.0455],[32.8755,40.0478],[32.8805,40.0486],[32.8802,40.0494],[32.8839,40.05],[32.8837,40.0508],[32.8853,40.0513],[32.8853,40.0518],[32.8867,40.0518],[32.8867,40.0531],[32.8859,40.0541],[32.8861,40.0558],[32.8882,40.0566],[32.8895,40.0576],[32.8898,40.0581],[32.8899,40.0596],[32.8909,40.0595],[32.891,40.0597],[32.8921,40.0596],[32.8928,40.0592],[32.8933,40.0597],[32.8937,40.0595]]]]}},{"type":"Feature","properties":{"id":"pursaklar-saray-osmangazi"},"geometry":{"type":"MultiPolygon","coordinates":[[[[32.9541,40.0739],[32.9575,40.0729],[32.9631,40.073],[32.9637,40.0722],[32.9649,40.0712],[32.9662,40.0707],[32.9654,40.0692],[32.9645,40.0668],[32.9621,40.061],[32.9614,40.0575],[32.9592,40.0579],[32.9579,40.0576],[32.9574,40.0578],[32.9567,40.059],[32.9559,40.06],[32.9555,40.0612],[32.9514,40.061],[32.9466,40.0599],[32.9453,40.0571],[32.9435,40.0553],[32.9421,40.0514],[32.9411,40.0517],[32.9402,40.0552],[32.9398,40.0556],[32.9389,40.0561],[32.9364,40.0569],[32.935,40.0569],[32.9338,40.0561],[32.9299,40.0558],[32.9311,40.0525],[32.9305,40.0523],[32.9299,40.0515],[32.929,40.0529],[32.9283,40.0529],[32.9282,40.0541],[32.9278,40.0544],[32.927,40.054],[32.9258,40.0541],[32.9252,40.0561],[32.9236,40.0562],[32.9215,40.0568],[32.9206,40.0556],[32.9187,40.056],[32.9194,40.0592],[32.9198,40.0624],[32.9204,40.0639],[32.9213,40.0649],[32.9228,40.0662],[32.9241,40.0669],[32.9256,40.0674],[32.9544,40.076],[32.9541,40.0739]]]]}},{"type":"Feature","properties":{"id":"pursaklar-saray-gumusoluk"},"geometry":{"type":"MultiPolygon","coordinates":[[[[32.9231,40.1086],[32.9248,40.1088],[32.9266,40.1078],[32.9272,40.1088],[32.9285,40.1085],[32.9288,40.1082],[32.934,40.1079],[32.9369,40.1072],[32.937,40.1075],[32.9377,40.1074],[32.9378,40.1065],[32.9394,40.1064],[32.9392,40.1055],[32.941,40.1046],[32.9453,40.1036],[32.9448,40.103],[32.9467,40.1028],[32.9494,40.1013],[32.9515,40.1021],[32.954,40.0998],[32.9546,40.0988],[32.9581,40.097],[32.9584,40.0982],[32.9597,40.0979],[32.9636,40.0989],[32.9651,40.0945],[32.967,40.0929],[32.967,40.0914],[32.9663,40.0902],[32.9661,40.0895],[32.9654,40.0887],[32.9657,40.0873],[32.9639,40.0864],[32.9634,40.0864],[32.9624,40.0854],[32.9632,40.0848],[32.9614,40.0832],[32.9571,40.0829],[32.9561,40.0834],[32.9426,40.0808],[32.9357,40.0807],[32.9354,40.0813],[32.9326,40.0809],[32.9319,40.0812],[32.9305,40.081],[32.9306,40.0806],[32.9291,40.0804],[32.928,40.08],[32.927,40.0807],[32.9239,40.0818],[32.9194,40.082],[32.9186,40.0819],[32.9172,40.0835],[32.9141,40.0824],[32.9104,40.0836],[32.9082,40.0841],[32.9064,40.0838],[32.897,40.0813],[32.892,40.0797],[32.8909,40.0797],[32.8899,40.0802],[32.8879,40.0796],[32.8859,40.0794],[32.885,40.0789],[32.8844,40.0791],[32.8811,40.0793],[32.8824,40.0844],[32.8849,40.0848],[32.8879,40.0848],[32.8889,40.0853],[32.8905,40.0858],[32.8917,40.0871],[32.8928,40.0889],[32.8922,40.0923],[32.8962,40.0945],[32.9007,40.0965],[32.902,40.0968],[32.9074,40.1006],[32.9106,40.1036],[32.9114,40.1052],[32.912,40.1052],[32.9123,40.1058],[32.9134,40.1063],[32.918,40.1069],[32.9207,40.1089],[32.9218,40.1089],[32.9231,40.1086]]]]}},{"type":"Feature","properties":{"id":"cubuk-mutlu-osb"},"geometry":{"type":"MultiPolygon","coordinates":[[[[33.1231,40.2513],[33.1238,40.2519],[33.1264,40.2505],[33.1266,40.2502],[33.1273,40.2499],[33.1277,40.2494],[33.1261,40.2486],[33.1266,40.2481],[33.1273,40.2483],[33.1283,40.249],[33.1289,40.2474],[33.1286,40.2473],[33.1284,40.2468],[33.1293,40.246],[33.1238,40.2417],[33.1215,40.2402],[33.1189,40.2392],[33.1134,40.2381],[33.1066,40.2411],[33.1048,40.244],[33.1013,40.2487],[33.1001,40.25],[33.1003,40.2504],[33.1042,40.251],[33.1066,40.2522],[33.1157,40.2525],[33.1182,40.2521],[33.1196,40.2516],[33.1231,40.2513]]]]}},{"type":"Feature","properties":{"id":"cubuk-egriekin"},"geometry":{"type":"MultiPolygon","coordinates":[[[[32.983,40.2941],[32.9838,40.2927],[32.9875,40.2935],[32.9884,40.2918],[32.9873,40.2918],[32.9875,40.2888],[32.9871,40.2878],[32.9852,40.2883],[32.9851,40.2875],[32.9854,40.2869],[32.9851,40.2853],[32.9856,40.2844],[32.9845,40.2828],[32.9855,40.2817],[32.9843,40.2807],[32.9827,40.2782],[32.9831,40.2764],[32.9828,40.2751],[32.9815,40.2736],[32.9814,40.2732],[32.9825,40.2723],[32.983,40.2723],[32.9833,40.2719],[32.9854,40.2718],[32.9865,40.2704],[32.9864,40.27],[32.9879,40.2681],[32.9871,40.2615],[32.9869,40.2555],[32.9833,40.2497],[32.9819,40.2418],[32.9811,40.2384],[32.9801,40.2377],[32.98,40.2356],[32.9792,40.2338],[32.9742,40.2308],[32.9725,40.231],[32.9718,40.2296],[32.9686,40.2306],[32.9682,40.2306],[32.968,40.2303],[32.9676,40.2304],[32.9671,40.2311],[32.9676,40.2326],[32.9666,40.2333],[32.9653,40.2349],[32.9648,40.2352],[32.9652,40.2358],[32.9634,40.2362],[32.9638,40.2375],[32.9625,40.2375],[32.9616,40.2394],[32.9615,40.2402],[32.9624,40.2408],[32.9624,40.2417],[32.9619,40.2428],[32.9618,40.244],[32.9601,40.2438],[32.9599,40.2445],[32.9594,40.2443],[32.959,40.2444],[32.9561,40.2459],[32.9481,40.2473],[32.9511,40.2519],[32.9533,40.2563],[32.9543,40.2595],[32.9527,40.262],[32.9518,40.2629],[32.9518,40.2632],[32.9526,40.2637],[32.9523,40.264],[32.9514,40.2638],[32.9513,40.2634],[32.9505,40.2634],[32.9504,40.2638],[32.9502,40.2642],[32.9505,40.2652],[32.9521,40.2656],[32.9528,40.2652],[32.9535,40.2657],[32.9542,40.2645],[32.9551,40.2644],[32.9571,40.2652],[32.9584,40.2645],[32.9594,40.2642],[32.959,40.2639],[32.9604,40.2627],[32.9631,40.2635],[32.967,40.2653],[32.9674,40.2658],[32.9627,40.2654],[32.9623,40.2661],[32.9639,40.2684],[32.9636,40.2685],[32.9634,40.2688],[32.9637,40.2698],[32.9635,40.2704],[32.9631,40.2706],[32.9624,40.2707],[32.9617,40.2705],[32.9608,40.2708],[32.96,40.2718],[32.9591,40.2722],[32.9578,40.2719],[32.9574,40.272],[32.9575,40.2745],[32.9578,40.276],[32.9575,40.2775],[32.9622,40.2816],[32.9641,40.2846],[32.967,40.2882],[32.9722,40.2938],[32.9737,40.2968],[32.9746,40.2981],[32.9776,40.2961],[32.979,40.2954],[32.9813,40.2951],[32.983,40.2941]]]]}},{"type":"Feature","properties":{"id":"cubuk-asagiobruk"},"geometry":{"type":"MultiPolygon","coordinates":[[[[32.9465,40.2621],[32.9478,40.2617],[32.9511,40.2621],[32.9527,40.262],[32.9543,40.2595],[32.9533,40.2563],[32.9511,40.2519],[32.9481,40.2473],[32.9329,40.2417],[32.9301,40.2435],[32.928,40.2437],[32.9265,40.2445],[32.9245,40.2444],[32.9243,40.2451],[32.9244,40.2467],[32.9243,40.2487],[32.9237,40.2515],[32.9232,40.2522],[32.9234,40.2534],[32.9233,40.2537],[32.9228,40.254],[32.9218,40.254],[32.921,40.2547],[32.9208,40.2554],[32.92,40.2557],[32.9194,40.2561],[32.9183,40.2584],[32.9171,40.2581],[32.9161,40.257],[32.9157,40.2572],[32.9156,40.2583],[32.9154,40.2591],[32.9156,40.2595],[32.9165,40.2606],[32.9166,40.2615],[32.9167,40.2619],[32.9177,40.2632],[32.9177,40.2642],[32.9182,40.266],[32.9199,40.2681],[32.9222,40.2686],[32.9261,40.27],[32.9268,40.2699],[32.9291,40.2682],[32.931,40.2661],[32.9403,40.2643],[32.944,40.2628],[32.9465,40.2621]]]]}},{"type":"Feature","properties":{"id":"cubuk-barbaros"},"geometry":{"type":"MultiPolygon","coordinates":[[[[33.022,40.2557],[33.0226,40.2557],[33.0227,40.2542],[33.0226,40.2537],[33.023,40.2532],[33.0241,40.2525],[33.0273,40.2517],[33.0271,40.2516],[33.028,40.25],[33.0284,40.249],[33.0282,40.2489],[33.0287,40.2472],[33.0287,40.2444],[33.0277,40.2426],[33.0273,40.239],[33.0232,40.2402],[33.0208,40.2407],[33.0205,40.2405],[33.0191,40.2404],[33.0166,40.2403],[33.0155,40.2406],[33.0103,40.2387],[33.0057,40.2381],[33.0057,40.2439],[33.0036,40.2451],[33.0036,40.2453],[33.0032,40.2453],[33.0004,40.2469],[33.0033,40.2484],[33.0079,40.2498],[33.009,40.2499],[33.0141,40.25],[33.015,40.2507],[33.0166,40.2499],[33.0179,40.2543],[33.0189,40.2542],[33.0206,40.2547],[33.02,40.2554],[33.0205,40.2556],[33.0207,40.2561],[33.022,40.2557]]]]}},{"type":"Feature","properties":{"id":"cubuk-fatih"},"geometry":{"type":"MultiPolygon","coordinates":[[[[33.0336,40.2113],[33.0326,40.2072],[33.0325,40.206],[33.0309,40.2006],[33.0237,40.1869],[33.0207,40.1797],[33.018,40.1741],[33.0159,40.1681],[33.0141,40.1687],[33.0139,40.1685],[33.0083,40.1698],[33.0111,40.1757],[33.0101,40.1771],[33.0115,40.1779],[33.0118,40.1777],[33.013,40.1785],[33.0137,40.1784],[33.014,40.1786],[33.0136,40.1794],[33.0134,40.1794],[33.0142,40.1818],[33.0152,40.1836],[33.0157,40.1855],[33.0163,40.1882],[33.0162,40.1904],[33.0168,40.1916],[33.0171,40.193],[33.0194,40.1934],[33.0192,40.1937],[33.0211,40.1946],[33.0214,40.1952],[33.0214,40.1958],[33.0229,40.197],[33.0228,40.1978],[33.023,40.1985],[33.0236,40.1992],[33.0242,40.1996],[33.0251,40.1999],[33.0269,40.2003],[33.0273,40.2008],[33.0273,40.2017],[33.0262,40.2026],[33.0255,40.2047],[33.0256,40.2062],[33.0271,40.2094],[33.0267,40.2103],[33.0268,40.2109],[33.0269,40.2111],[33.0275,40.2113],[33.0291,40.2113],[33.0296,40.2114],[33.0297,40.2112],[33.0304,40.212],[33.0336,40.2113]]]]}},{"type":"Feature","properties":{"id":"cubuk-akkuzulu"},"geometry":{"type":"MultiPolygon","coordinates":[[[[33.1372,40.2287],[33.1438,40.2223],[33.1451,40.2219],[33.1462,40.2212],[33.1524,40.2134],[33.1544,40.2126],[33.1576,40.2093],[33.158,40.2087],[33.1606,40.2087],[33.1622,40.2082],[33.1635,40.2067],[33.165,40.2054],[33.1678,40.2049],[33.1704,40.2039],[33.1721,40.2037],[33.1792,40.2007],[33.1821,40.2004],[33.1849,40.2004],[33.1867,40.2009],[33.187,40.1966],[33.189,40.1937],[33.1903,40.1881],[33.1903,40.1867],[33.186,40.184],[33.184,40.1838],[33.1818,40.1846],[33.1771,40.1838],[33.1724,40.1843],[33.17,40.1842],[33.1674,40.1816],[33.1614,40.1807],[33.1593,40.1796],[33.1569,40.1804],[33.155,40.1823],[33.1539,40.1846],[33.1524,40.1853],[33.1496,40.1842],[33.1472,40.1826],[33.1444,40.1811],[33.1414,40.1803],[33.1388,40.1812],[33.1352,40.1845],[33.1342,40.1891],[33.1216,40.1887],[33.1198,40.1901],[33.1176,40.1895],[33.1178,40.1887],[33.1161,40.1887],[33.1114,40.1893],[33.1111,40.1903],[33.1088,40.1912],[33.1058,40.1927],[33.1043,40.1902],[33.1011,40.1921],[33.102,40.1945],[33.1022,40.197],[33.1028,40.1991],[33.1014,40.1995],[33.0966,40.1985],[33.0953,40.1992],[33.0913,40.1993],[33.0872,40.1997],[33.0889,40.2024],[33.0916,40.2052],[33.0912,40.2155],[33.0933,40.2154],[33.0967,40.2147],[33.1003,40.2148],[33.1046,40.2143],[33.1049,40.2148],[33.1049,40.2156],[33.1054,40.2155],[33.1055,40.2158],[33.1058,40.216],[33.1061,40.2161],[33.1064,40.216],[33.1076,40.2165],[33.1073,40.2167],[33.1073,40.217],[33.1073,40.2175],[33.1077,40.218],[33.1084,40.2178],[33.1104,40.2183],[33.1109,40.2186],[33.1119,40.2197],[33.1126,40.2201],[33.1134,40.2208],[33.1142,40.2223],[33.1155,40.2237],[33.1154,40.2246],[33.1173,40.2261],[33.1181,40.2271],[33.1192,40.2293],[33.1273,40.2301],[33.1329,40.231],[33.1372,40.2287]]]]}},{"type":"Feature","properties":{"id":"cubuk-kiziloz"},"geometry":{"type":"MultiPolygon","coordinates":[[[[33.0861,40.3202],[33.0872,40.3208],[33.0894,40.32],[33.0919,40.3217],[33.0943,40.3223],[33.0962,40.3225],[33.0968,40.3194],[33.0971,40.316],[33.099,40.3175],[33.1036,40.3182],[33.1074,40.3187],[33.1097,40.3195],[33.1123,40.3184],[33.1133,40.3171],[33.1162,40.3166],[33.1143,40.3129],[33.107,40.3074],[33.1054,40.3034],[33.1083,40.2976],[33.1086,40.2957],[33.1053,40.2944],[33.1033,40.2919],[33.1032,40.2876],[33.1061,40.2869],[33.1071,40.2851],[33.1099,40.2823],[33.1026,40.2824],[33.0939,40.2728],[33.0933,40.2688],[33.0922,40.2646],[33.09,40.2665],[33.0881,40.2677],[33.0853,40.2673],[33.0864,40.2683],[33.0888,40.2697],[33.0881,40.2712],[33.0873,40.2741],[33.0849,40.2739],[33.0827,40.2734],[33.0782,40.2734],[33.0762,40.274],[33.0741,40.2744],[33.069,40.2835],[33.0679,40.2848],[33.066,40.2865],[33.0652,40.2893],[33.0646,40.2906],[33.0646,40.2917],[33.0653,40.2921],[33.0661,40.2915],[33.0688,40.2913],[33.0707,40.2972],[33.0736,40.3035],[33.0766,40.3069],[33.0776,40.3105],[33.0799,40.3113],[33.0808,40.3122],[33.0824,40.3144],[33.0828,40.3152],[33.0832,40.3165],[33.0845,40.3185],[33.0861,40.3202]]]]}},{"type":"Feature","properties":{"id":"cubuk-oyumigde"},"geometry":{"type":"MultiPolygon","coordinates":[[[[33.2607,40.326],[33.2623,40.3245],[33.2633,40.3239],[33.2651,40.3233],[33.2657,40.323],[33.266,40.3227],[33.2659,40.3214],[33.2655,40.32],[33.2643,40.3196],[33.2635,40.3198],[33.258,40.3193],[33.2565,40.3184],[33.2559,40.3184],[33.2482,40.3124],[33.2476,40.3113],[33.2468,40.3106],[33.2465,40.3096],[33.2467,40.3088],[33.25,40.3097],[33.2509,40.3098],[33.2522,40.3094],[33.2527,40.309],[33.252,40.3081],[33.2514,40.3079],[33.2511,40.3065],[33.2503,40.3057],[33.2492,40.3056],[33.2487,40.3042],[33.2501,40.3042],[33.2527,40.3008],[33.2537,40.2999],[33.2579,40.2972],[33.2636,40.2894],[33.2645,40.2853],[33.2584,40.2849],[33.2526,40.286],[33.2493,40.2874],[33.2412,40.2927],[33.2367,40.2992],[33.2359,40.2995],[33.2294,40.2994],[33.2287,40.3014],[33.2249,40.3043],[33.2221,40.3069],[33.2192,40.3066],[33.2169,40.3088],[33.2161,40.3107],[33.2119,40.3107],[33.2075,40.312],[33.2017,40.3115],[33.1987,40.3122],[33.1946,40.3123],[33.1898,40.3148],[33.1869,40.3185],[33.1937,40.3198],[33.1951,40.3211],[33.2009,40.3237],[33.2038,40.3235],[33.2072,40.3224],[33.2218,40.3271],[33.2231,40.3272],[33.2233,40.3287],[33.2262,40.3289],[33.2278,40.3294],[33.2278,40.3276],[33.232,40.3286],[33.2322,40.3276],[33.2355,40.326],[33.2366,40.3257],[33.2377,40.3261],[33.2382,40.3274],[33.2405,40.3271],[33.2415,40.3273],[33.2431,40.3252],[33.2438,40.325],[33.2458,40.3255],[33.249,40.3269],[33.2524,40.3247],[33.2533,40.3254],[33.254,40.3253],[33.2557,40.3238],[33.2565,40.3234],[33.2572,40.3229],[33.2584,40.3241],[33.2596,40.3243],[33.2601,40.3246],[33.2602,40.3248],[33.2597,40.3252],[33.2607,40.326]]]]}},{"type":"Feature","properties":{"id":"cubuk-yigitli"},"geometry":{"type":"MultiPolygon","coordinates":[[[[32.8926,40.2837],[32.8949,40.2846],[32.9053,40.2789],[32.9129,40.2783],[32.9121,40.277],[32.9218,40.2734],[32.9215,40.2731],[32.9202,40.2697],[32.9192,40.2685],[32.9199,40.2681],[32.9182,40.266],[32.9177,40.2642],[32.9177,40.2632],[32.9167,40.2619],[32.9166,40.2615],[32.9165,40.2606],[32.916,40.2601],[32.9154,40.2591],[32.9157,40.257],[32.9161,40.257],[32.9168,40.2579],[32.9173,40.2581],[32.918,40.2498],[32.9091,40.2461],[32.9074,40.2447],[32.9065,40.2397],[32.9033,40.2389],[32.9014,40.238],[32.8973,40.2456],[32.8959,40.2474],[32.8942,40.2487],[32.8912,40.2498],[32.8885,40.2523],[32.8865,40.2545],[32.8839,40.2566],[32.8814,40.2569],[32.8825,40.2575],[32.8863,40.2607],[32.89,40.2613],[32.8903,40.2621],[32.8932,40.2646],[32.8933,40.2668],[32.8903,40.2699],[32.8897,40.2709],[32.8896,40.2717],[32.89,40.275],[32.8917,40.2748],[32.8915,40.2797],[32.8926,40.2837]]]]}},{"type":"Feature","properties":{"id":"cubuk-agilcik"},"geometry":{"type":"MultiPolygon","coordinates":[[[[32.9792,40.2338],[32.9849,40.2327],[32.9862,40.2333],[32.987,40.2333],[32.9888,40.2328],[32.9871,40.2312],[32.9868,40.2308],[32.9875,40.2306],[32.9902,40.2306],[32.9906,40.2289],[32.9913,40.2276],[32.9947,40.2283],[32.9953,40.2272],[32.9975,40.2272],[32.9979,40.2266],[33.001,40.2267],[33.0014,40.2262],[33.0039,40.2246],[33.007,40.2245],[33.009,40.2241],[33.0093,40.2225],[33.009,40.2216],[33.0073,40.2214],[33.0083,40.2205],[33.009,40.2195],[33.0085,40.2168],[33.0089,40.2155],[33.0093,40.2126],[33.0103,40.2107],[33.0111,40.2095],[33.0119,40.208],[33.0126,40.2055],[33.0136,40.2041],[33.0146,40.202],[33.0153,40.2002],[33.0161,40.1989],[33.0146,40.1981],[33.013,40.1975],[33.0082,40.1961],[33.0057,40.1951],[33.0005,40.1939],[32.9971,40.1924],[32.9961,40.1934],[32.995,40.194],[32.9932,40.1932],[32.9909,40.1961],[32.9905,40.1971],[32.9898,40.1977],[32.9891,40.1979],[32.9871,40.1991],[32.9867,40.1997],[32.9853,40.2001],[32.9844,40.2008],[32.9808,40.2015],[32.9792,40.2011],[32.9783,40.2009],[32.9773,40.2022],[32.9768,40.2024],[32.9761,40.2032],[32.9762,40.2036],[32.976,40.2047],[32.9754,40.2053],[32.9739,40.206],[32.974,40.2062],[32.9737,40.2063],[32.9731,40.2061],[32.9729,40.2064],[32.9719,40.2061],[32.9702,40.2063],[32.9688,40.207],[32.9676,40.2068],[32.9667,40.207],[32.9665,40.2073],[32.9661,40.2067],[32.9654,40.2067],[32.9648,40.207],[32.9639,40.2069],[32.9627,40.2077],[32.9607,40.207],[32.9602,40.2077],[32.9601,40.2073],[32.9587,40.2061],[32.9579,40.2057],[32.9579,40.2054],[32.957,40.205],[32.9569,40.2046],[32.9553,40.2044],[32.9541,40.2049],[32.9523,40.2042],[32.9521,40.2051],[32.951,40.2063],[32.9504,40.2058],[32.9497,40.2064],[32.9497,40.2072],[32.9505,40.2078],[32.9499,40.2082],[32.9498,40.2088],[32.9501,40.2094],[32.9511,40.2103],[32.9512,40.2106],[32.9511,40.211],[32.952,40.2114],[32.9523,40.2113],[32.9528,40.212],[32.953,40.212],[32.9532,40.2131],[32.9536,40.2134],[32.954,40.2123],[32.9547,40.2132],[32.955,40.2139],[32.9566,40.2157],[32.957,40.2163],[32.9569,40.2167],[32.9572,40.2171],[32.9579,40.2169],[32.9582,40.2166],[32.9588,40.2166],[32.9591,40.2168],[32.9613,40.2161],[32.9624,40.2162],[32.9633,40.2167],[32.9635,40.2206],[32.9638,40.2226],[32.9641,40.2231],[32.965,40.2233],[32.9668,40.2247],[32.9667,40.2262],[32.9678,40.2267],[32.9672,40.2275],[32.9665,40.228],[32.9666,40.2286],[32.9678,40.2288],[32.9679,40.2292],[32.9676,40.2292],[32.9673,40.23],[32.9678,40.2301],[32.9676,40.2304],[32.968,40.2303],[32.9682,40.2306],[32.9686,40.2306],[32.9718,40.2296],[32.9725,40.231],[32.9742,40.2308],[32.9792,40.2338]]]]}},{"type":"Feature","properties":{"id":"cubuk-yesilkent"},"geometry":{"type":"MultiPolygon","coordinates":[[[[32.8985,40.4344],[32.8997,40.4381],[32.9025,40.4373],[32.9046,40.4361],[32.9035,40.4331],[32.9121,40.4355],[32.9128,40.4369],[32.9412,40.4601],[32.9536,40.4567],[32.9541,40.4526],[32.9552,40.4507],[32.9537,40.4491],[32.956,40.4452],[32.9586,40.4437],[32.9629,40.4401],[32.9627,40.4372],[32.9619,40.4358],[32.9615,40.4327],[32.9604,40.4309],[32.9569,40.4297],[32.9597,40.428],[32.9594,40.4243],[32.9569,40.42],[32.9531,40.4192],[32.9512,40.4191],[32.9488,40.4135],[32.9461,40.4103],[32.9472,40.4069],[32.9471,40.4055],[32.9447,40.4057],[32.939,40.405],[32.9364,40.4063],[32.9327,40.4048],[32.9304,40.4074],[32.9295,40.4048],[32.9286,40.4043],[32.9268,40.4055],[32.925,40.403],[32.9157,40.4015],[32.902,40.4033],[32.9026,40.4062],[32.9012,40.4145],[32.9019,40.4207],[32.9051,40.4229],[32.905,40.4251],[32.9044,40.4277],[32.902,40.4301],[32.8985,40.4323],[32.8985,40.4344]]]]}},{"type":"Feature","properties":{"id":"cubuk-taspinar"},"geometry":{"type":"MultiPolygon","coordinates":[[[[33.0718,40.1984],[33.0747,40.1939],[33.0775,40.1937],[33.078,40.1927],[33.0762,40.1922],[33.0767,40.1919],[33.076,40.1881],[33.0742,40.1884],[33.0716,40.1875],[33.0725,40.1851],[33.0754,40.1831],[33.0744,40.182],[33.0761,40.1819],[33.0759,40.1806],[33.0785,40.1798],[33.0808,40.1803],[33.0809,40.179],[33.0805,40.1764],[33.0793,40.1758],[33.0803,40.1733],[33.0802,40.1706],[33.0775,40.1704],[33.0774,40.1696],[33.0769,40.1688],[33.077,40.1685],[33.0792,40.1681],[33.0787,40.1669],[33.0787,40.1668],[33.0798,40.1665],[33.0788,40.1646],[33.0787,40.163],[33.0774,40.1614],[33.0761,40.1577],[33.0755,40.1568],[33.0708,40.1571],[33.0683,40.1568],[33.0658,40.1572],[33.0658,40.1551],[33.0661,40.1527],[33.0633,40.1523],[33.063,40.1535],[33.0599,40.1539],[33.0596,40.1529],[33.0607,40.1523],[33.0576,40.1501],[33.057,40.151],[33.0542,40.1501],[33.0536,40.1493],[33.0515,40.1491],[33.0523,40.1463],[33.0501,40.1452],[33.0478,40.1469],[33.0479,40.1478],[33.0459,40.149],[33.0454,40.1506],[33.0425,40.1531],[33.0415,40.1563],[33.0407,40.1577],[33.0389,40.1587],[33.0367,40.1589],[33.0377,40.1591],[33.0393,40.1605],[33.0374,40.1604],[33.0366,40.1617],[33.0361,40.1613],[33.0335,40.1643],[33.0345,40.1648],[33.0349,40.1711],[33.0348,40.1724],[33.0349,40.1729],[33.0353,40.1736],[33.0352,40.1739],[33.0355,40.1739],[33.036,40.1756],[33.0365,40.1755],[33.037,40.1751],[33.0382,40.1738],[33.0417,40.1737],[33.0422,40.1741],[33.0466,40.1754],[33.0468,40.1751],[33.0485,40.1759],[33.0482,40.1766],[33.0483,40.1772],[33.0489,40.1774],[33.0483,40.1788],[33.0496,40.1791],[33.0494,40.18],[33.0498,40.1807],[33.0505,40.1815],[33.052,40.1836],[33.0528,40.1833],[33.0544,40.1853],[33.0536,40.1856],[33.0545,40.1867],[33.057,40.1886],[33.0569,40.189],[33.0585,40.19],[33.0577,40.191],[33.0599,40.192],[33.0597,40.1923],[33.064,40.1945],[33.0648,40.1942],[33.0654,40.2003],[33.0673,40.2],[33.0716,40.1999],[33.0718,40.1984]]]]}},{"type":"Feature","properties":{"id":"cubuk-kapakli"},"geometry":{"type":"MultiPolygon","coordinates":[[[[33.1751,40.2371],[33.1771,40.2355],[33.1791,40.2353],[33.1792,40.2347],[33.1808,40.2307],[33.1828,40.2278],[33.1842,40.2264],[33.1864,40.2256],[33.1886,40.2245],[33.1922,40.2232],[33.1946,40.222],[33.197,40.2211],[33.1954,40.219],[33.1951,40.2172],[33.1945,40.2157],[33.1923,40.2142],[33.19,40.2113],[33.1888,40.2104],[33.188,40.2082],[33.188,40.2075],[33.189,40.2056],[33.1904,40.2043],[33.1896,40.202],[33.1867,40.2009],[33.1849,40.2004],[33.1821,40.2004],[33.1792,40.2007],[33.1721,40.2037],[33.1704,40.2039],[33.1678,40.2049],[33.165,40.2054],[33.1635,40.2067],[33.1622,40.2082],[33.1606,40.2087],[33.158,40.2087],[33.1576,40.2093],[33.1544,40.2126],[33.1524,40.2134],[33.1462,40.2212],[33.1451,40.2219],[33.1438,40.2223],[33.1372,40.2287],[33.1409,40.228],[33.1459,40.2307],[33.1504,40.2324],[33.1529,40.2343],[33.1535,40.2351],[33.1551,40.2386],[33.1593,40.2391],[33.161,40.2363],[33.1624,40.2361],[33.1645,40.2362],[33.1675,40.2374],[33.1683,40.2388],[33.1682,40.2415],[33.1699,40.2407],[33.1698,40.2405],[33.1702,40.24],[33.1716,40.2394],[33.1723,40.2383],[33.1744,40.2378],[33.1751,40.2371]]]]}},{"type":"Feature","properties":{"id":"cubuk-kuyumcu"},"geometry":{"type":"MultiPolygon","coordinates":[[[[33.1684,40.3243],[33.169,40.3199],[33.1668,40.3208],[33.164,40.3193],[33.165,40.318],[33.1667,40.3165],[33.166,40.3156],[33.1646,40.3148],[33.1613,40.3135],[33.1598,40.3144],[33.1588,40.3159],[33.1578,40.3158],[33.1576,40.3151],[33.156,40.3152],[33.1551,40.3143],[33.155,40.3125],[33.1547,40.3118],[33.1536,40.3125],[33.1505,40.3158],[33.1475,40.3202],[33.146,40.3228],[33.1435,40.3264],[33.1392,40.3293],[33.1377,40.331],[33.1354,40.3316],[33.1349,40.3324],[33.1362,40.3327],[33.1342,40.3346],[33.1331,40.3367],[33.1333,40.338],[33.1329,40.3398],[33.1335,40.3424],[33.1348,40.346],[33.1386,40.3532],[33.1412,40.3577],[33.1408,40.3583],[33.1416,40.3603],[33.1491,40.3543],[33.1528,40.3507],[33.1589,40.3502],[33.1631,40.3448],[33.1664,40.3395],[33.169,40.3374],[33.1668,40.3344],[33.1683,40.332],[33.167,40.3306],[33.1668,40.3288],[33.1678,40.3267],[33.1684,40.3243]]]]}},{"type":"Feature","properties":{"id":"cubuk-yilmazkoy"},"geometry":{"type":"MultiPolygon","coordinates":[[[[32.8761,40.2578],[32.8839,40.2566],[32.8865,40.2545],[32.8885,40.2523],[32.8912,40.2498],[32.8942,40.2487],[32.8959,40.2474],[32.8973,40.2456],[32.9014,40.238],[32.8991,40.2341],[32.8969,40.2318],[32.8959,40.2297],[32.8924,40.225],[32.8885,40.2208],[32.8843,40.2237],[32.881,40.2219],[32.8852,40.2165],[32.8788,40.2187],[32.8783,40.2182],[32.8719,40.2184],[32.8688,40.2173],[32.8671,40.2176],[32.8616,40.2229],[32.8649,40.2239],[32.8643,40.2278],[32.8684,40.2263],[32.8676,40.2271],[32.8633,40.2293],[32.8605,40.2303],[32.8584,40.2314],[32.8552,40.2334],[32.8501,40.2372],[32.8498,40.2383],[32.8508,40.2436],[32.8531,40.2439],[32.8539,40.2549],[32.8547,40.2557],[32.8549,40.2576],[32.8564,40.2605],[32.8568,40.2626],[32.8579,40.2638],[32.8608,40.2641],[32.8621,40.2639],[32.8675,40.2617],[32.8709,40.2614],[32.8719,40.2601],[32.8739,40.2586],[32.8761,40.2578]]]]}},{"type":"Feature","properties":{"id":"cubuk-kavakli"},"geometry":{"type":"MultiPolygon","coordinates":[[[[32.8949,40.2846],[32.8926,40.2837],[32.8915,40.2797],[32.8917,40.2748],[32.89,40.275],[32.8896,40.2717],[32.8897,40.2709],[32.8903,40.2699],[32.8933,40.2668],[32.8932,40.2646],[32.8903,40.2621],[32.89,40.2613],[32.8863,40.2607],[32.8825,40.2575],[32.8814,40.2569],[32.8791,40.2574],[32.8761,40.2578],[32.8739,40.2586],[32.8719,40.2601],[32.8709,40.2614],[32.8675,40.2617],[32.8621,40.2639],[32.8608,40.2641],[32.8579,40.2638],[32.8568,40.2626],[32.8564,40.2605],[32.8549,40.2576],[32.8536,40.2577],[32.8529,40.2579],[32.8532,40.2584],[32.8519,40.2586],[32.8516,40.2583],[32.8491,40.2591],[32.8485,40.2595],[32.8483,40.2601],[32.8486,40.2607],[32.8485,40.2617],[32.8483,40.2621],[32.8569,40.2678],[32.8576,40.2692],[32.8588,40.2727],[32.8594,40.2757],[32.8598,40.279],[32.8552,40.2949],[32.855,40.2949],[32.854,40.2997],[32.8524,40.303],[32.8529,40.3057],[32.8579,40.3107],[32.8645,40.312],[32.8689,40.3135],[32.8718,40.3133],[32.8758,40.3068],[32.883,40.3033],[32.8916,40.2997],[32.8946,40.293],[32.8971,40.2915],[32.8958,40.2861],[32.8949,40.2846]]]]}},{"type":"Feature","properties":{"id":"cubuk-yukariobruk"},"geometry":{"type":"MultiPolygon","coordinates":[[[[32.9415,40.2784],[32.9458,40.277],[32.9471,40.2771],[32.9477,40.2767],[32.9515,40.2784],[32.9562,40.2781],[32.9575,40.2775],[32.9578,40.276],[32.9575,40.2745],[32.9574,40.272],[32.9578,40.2719],[32.9591,40.2722],[32.9596,40.272],[32.96,40.2718],[32.9608,40.2708],[32.9617,40.2705],[32.9624,40.2707],[32.9631,40.2706],[32.9635,40.2704],[32.9637,40.27],[32.9637,40.2695],[32.9634,40.2688],[32.9636,40.2685],[32.9639,40.2684],[32.9623,40.2661],[32.9627,40.2654],[32.9674,40.2658],[32.967,40.2653],[32.9631,40.2635],[32.9604,40.2627],[32.959,40.2639],[32.9594,40.2642],[32.9584,40.2645],[32.9571,40.2652],[32.9551,40.2644],[32.9542,40.2645],[32.9535,40.2657],[32.9528,40.2652],[32.9521,40.2656],[32.9505,40.2652],[32.9502,40.2642],[32.9504,40.2638],[32.9505,40.2634],[32.9513,40.2634],[32.9514,40.2638],[32.9523,40.264],[32.9526,40.2637],[32.9518,40.2632],[32.9518,40.2629],[32.9527,40.262],[32.9511,40.2621],[32.9478,40.2617],[32.944,40.2628],[32.9403,40.2643],[32.931,40.2661],[32.9291,40.2682],[32.9268,40.2699],[32.9261,40.27],[32.9222,40.2686],[32.9199,40.2681],[32.9192,40.2685],[32.9202,40.2697],[32.9215,40.2731],[32.9236,40.2757],[32.9257,40.2772],[32.9272,40.2786],[32.9301,40.2782],[32.9315,40.281],[32.9328,40.2828],[32.9349,40.2833],[32.9387,40.2811],[32.9399,40.2801],[32.9401,40.2798],[32.9415,40.2784]]]]}},{"type":"Feature","properties":{"id":"cubuk-ovacik"},"geometry":{"type":"MultiPolygon","coordinates":[[[[32.985,40.3173],[32.987,40.3135],[32.9891,40.3152],[32.9897,40.3152],[32.9902,40.3149],[32.9926,40.3149],[32.9933,40.3154],[32.9933,40.3135],[32.9928,40.3109],[32.993,40.3096],[32.993,40.3086],[32.9942,40.3059],[32.9963,40.3018],[32.9973,40.2986],[32.997,40.2959],[32.9967,40.2947],[32.9951,40.2926],[32.9937,40.2953],[32.9875,40.2935],[32.9838,40.2927],[32.983,40.2941],[32.9813,40.2951],[32.979,40.2954],[32.9761,40.297],[32.9746,40.2981],[32.9737,40.2968],[32.9722,40.2938],[32.967,40.2882],[32.9641,40.2846],[32.9622,40.2816],[32.9575,40.2775],[32.9562,40.2781],[32.9515,40.2784],[32.9477,40.2767],[32.9471,40.2771],[32.9458,40.277],[32.9415,40.2784],[32.9401,40.2798],[32.9399,40.2801],[32.9387,40.2811],[32.9349,40.2833],[32.9328,40.2828],[32.9353,40.2911],[32.9346,40.2922],[32.9323,40.2949],[32.9326,40.2959],[32.9321,40.2972],[32.9347,40.2986],[32.9344,40.2991],[32.9341,40.2994],[32.9339,40.3014],[32.9333,40.3024],[32.9339,40.3042],[32.933,40.3061],[32.9327,40.3075],[32.9312,40.3088],[32.9331,40.3101],[32.9341,40.3116],[32.9366,40.3129],[32.9299,40.3145],[32.968,40.3226],[32.97,40.3232],[32.973,40.3229],[32.9791,40.3219],[32.985,40.3173]]]]}},{"type":"Feature","properties":{"id":"cubuk-yildirimaydogan"},"geometry":{"type":"MultiPolygon","coordinates":[[[[32.9349,40.5237],[32.939,40.5108],[32.9425,40.5061],[32.9441,40.5022],[32.9464,40.4986],[32.9421,40.4963],[32.9338,40.4956],[32.9252,40.4933],[32.9222,40.4879],[32.9182,40.4769],[32.914,40.4705],[32.9146,40.4644],[32.9138,40.4623],[32.9144,40.4612],[32.912,40.4587],[32.9107,40.4582],[32.9095,40.4585],[32.9087,40.4583],[32.9068,40.4587],[32.905,40.4579],[32.9026,40.4566],[32.9007,40.4563],[32.9009,40.4535],[32.8997,40.4518],[32.8979,40.4518],[32.8959,40.4524],[32.8951,40.4533],[32.8935,40.4539],[32.8922,40.4541],[32.891,40.4556],[32.8919,40.4576],[32.8936,40.4581],[32.8981,40.4628],[32.9013,40.4671],[32.8983,40.4701],[32.9027,40.4709],[32.904,40.4707],[32.9053,40.4728],[32.9069,40.4731],[32.9136,40.4758],[32.9168,40.4835],[32.9194,40.4857],[32.9199,40.4888],[32.9179,40.4933],[32.918,40.4963],[32.9206,40.5187],[32.9219,40.52],[32.9243,40.5235],[32.9253,40.5246],[32.9258,40.5248],[32.9264,40.5246],[32.9302,40.5225],[32.931,40.5229],[32.9326,40.5235],[32.9349,40.5237]]]]}},{"type":"Feature","properties":{"id":"cubuk-catokcular"},"geometry":{"type":"MultiPolygon","coordinates":[[[[32.9701,40.4295],[32.9722,40.4278],[32.9752,40.4281],[32.9772,40.4296],[32.9797,40.43],[32.9816,40.4294],[32.9823,40.4276],[32.9946,40.4184],[32.9966,40.418],[32.9962,40.4151],[32.9971,40.4143],[32.9986,40.4112],[33.0,40.4107],[33.001,40.4079],[32.9972,40.4032],[32.9959,40.4006],[32.9967,40.3962],[32.993,40.395],[32.9903,40.3936],[32.9881,40.3922],[32.9873,40.3884],[32.983,40.3853],[32.9799,40.3853],[32.9745,40.3907],[32.9613,40.3978],[32.9515,40.4051],[32.9471,40.4055],[32.9472,40.4069],[32.9461,40.4103],[32.9488,40.4135],[32.9512,40.4191],[32.9531,40.4192],[32.9569,40.42],[32.9594,40.4243],[32.9596,40.4265],[32.9628,40.4266],[32.9652,40.429],[32.9667,40.4293],[32.9667,40.4311],[32.9679,40.4309],[32.9692,40.4297],[32.9701,40.4295]]]]}},{"type":"Feature","properties":{"id":"cubuk-gokcedere"},"geometry":{"type":"MultiPolygon","coordinates":[[[[33.001,40.2666],[32.9989,40.2639],[33.0017,40.2628],[33.0015,40.2618],[33.0018,40.2614],[33.0026,40.2611],[33.0032,40.2614],[33.0051,40.2609],[33.007,40.2595],[33.0089,40.2586],[33.0111,40.2572],[33.0127,40.2557],[33.0132,40.2555],[33.0161,40.257],[33.0167,40.2566],[33.0179,40.2546],[33.0179,40.2543],[33.0166,40.2499],[33.015,40.2507],[33.0141,40.25],[33.009,40.2499],[33.0079,40.2498],[33.0033,40.2484],[33.0004,40.2469],[33.0032,40.2453],[33.0036,40.2453],[33.0036,40.2451],[33.0057,40.2439],[33.0057,40.2381],[33.0059,40.237],[33.0056,40.2366],[33.0058,40.2359],[33.0043,40.2338],[33.001,40.2334],[33.0014,40.2322],[33.0019,40.232],[33.0022,40.2316],[33.0033,40.2315],[33.0033,40.2309],[33.0039,40.2302],[33.0037,40.2302],[33.0038,40.229],[33.0053,40.2283],[33.0052,40.2277],[33.0058,40.2276],[33.006,40.2269],[33.0068,40.2264],[33.0065,40.2261],[33.0067,40.2254],[33.0067,40.2245],[33.0039,40.2246],[33.0014,40.2262],[33.001,40.2267],[32.9979,40.2266],[32.9975,40.2272],[32.9953,40.2272],[32.9947,40.2283],[32.9913,40.2276],[32.9906,40.2289],[32.9902,40.2306],[32.9875,40.2306],[32.9868,40.2308],[32.9871,40.2312],[32.9888,40.2328],[32.987,40.2333],[32.9862,40.2333],[32.9849,40.2327],[32.9792,40.2338],[32.98,40.2356],[32.9801,40.2377],[32.9811,40.2384],[32.9819,40.2418],[32.9833,40.2497],[32.9869,40.2555],[32.9871,40.2615],[32.9879,40.2681],[32.992,40.2678],[32.9936,40.2673],[32.9936,40.2664],[32.9952,40.2671],[32.9973,40.2668],[32.9971,40.2661],[32.9973,40.2655],[32.9984,40.2687],[32.9995,40.2685],[33.001,40.2666]]]]}},{"type":"Feature","properties":{"id":"cubuk-saraycik"},"geometry":{"type":"MultiPolygon","coordinates":[[[[32.991,40.3456],[32.9935,40.3446],[32.9957,40.3452],[32.996,40.3443],[32.995,40.3443],[32.9937,40.343],[32.9933,40.34],[32.9941,40.3372],[32.9945,40.3361],[32.996,40.3346],[32.9982,40.333],[33.0021,40.3317],[33.0017,40.3309],[33.001,40.3287],[33.0004,40.3253],[33.001,40.3255],[33.0014,40.3254],[32.9985,40.322],[32.9935,40.3166],[32.9937,40.3161],[32.9936,40.3152],[32.9933,40.3149],[32.9933,40.3154],[32.9926,40.3149],[32.9902,40.3149],[32.9897,40.3152],[32.9891,40.3152],[32.987,40.3135],[32.985,40.3173],[32.9791,40.3219],[32.973,40.3229],[32.9696,40.3231],[32.9697,40.3235],[32.9624,40.3336],[32.9624,40.334],[32.962,40.3342],[32.9614,40.3349],[32.9603,40.335],[32.9586,40.337],[32.9579,40.3372],[32.9572,40.3378],[32.9571,40.3394],[32.9578,40.3408],[32.9657,40.3439],[32.9664,40.3438],[32.967,40.344],[32.9682,40.345],[32.9686,40.345],[32.9695,40.3453],[32.9727,40.3461],[32.9783,40.3479],[32.9789,40.3476],[32.9798,40.3467],[32.9849,40.3451],[32.9871,40.3466],[32.9885,40.3484],[32.9896,40.3478],[32.991,40.3456]]]]}},{"type":"Feature","properties":{"id":"cubuk-asagiemirler"},"geometry":{"type":"MultiPolygon","coordinates":[[[[33.2526,40.286],[33.2584,40.2849],[33.2645,40.2853],[33.2673,40.2843],[33.2699,40.2824],[33.2686,40.2793],[33.268,40.277],[33.2668,40.2754],[33.2664,40.2745],[33.2664,40.2731],[33.2661,40.2723],[33.2649,40.2721],[33.263,40.271],[33.2618,40.2696],[33.2602,40.2688],[33.2589,40.2668],[33.257,40.2655],[33.2563,40.2647],[33.257,40.2637],[33.2573,40.2618],[33.252,40.2515],[33.2516,40.25],[33.2518,40.2487],[33.2513,40.2474],[33.2515,40.2466],[33.2553,40.2428],[33.2565,40.242],[33.2557,40.2416],[33.2532,40.2424],[33.2501,40.2422],[33.2491,40.2413],[33.2473,40.2411],[33.2458,40.2426],[33.2442,40.243],[33.2426,40.2443],[33.241,40.2446],[33.2379,40.2491],[33.2325,40.2534],[33.2259,40.2563],[33.2199,40.2592],[33.2205,40.261],[33.2178,40.2649],[33.2153,40.266],[33.2148,40.2673],[33.2137,40.2696],[33.2145,40.2708],[33.2142,40.2718],[33.2145,40.2735],[33.2142,40.2768],[33.2143,40.2787],[33.2146,40.2793],[33.2153,40.2799],[33.2176,40.2813],[33.2179,40.2825],[33.2186,40.2836],[33.2205,40.2846],[33.221,40.2857],[33.2223,40.2866],[33.2244,40.287],[33.2253,40.2876],[33.2257,40.2883],[33.2265,40.2935],[33.2269,40.2945],[33.2282,40.2976],[33.2298,40.2994],[33.2359,40.2995],[33.2367,40.2992],[33.2412,40.2927],[33.2493,40.2874],[33.2526,40.286]]]]}},{"type":"Feature","properties":{"id":"cubuk-dagkalafat"},"geometry":{"type":"MultiPolygon","coordinates":[[[[33.0982,40.374],[33.0976,40.3778],[33.1059,40.3795],[33.1059,40.3826],[33.1086,40.3857],[33.1093,40.3963],[33.1096,40.3986],[33.1113,40.4016],[33.1141,40.4039],[33.1139,40.404],[33.12,40.4088],[33.1262,40.4201],[33.1346,40.4178],[33.1388,40.4156],[33.1449,40.4114],[33.1465,40.4105],[33.1478,40.4101],[33.1518,40.4074],[33.1552,40.4029],[33.1541,40.4003],[33.1546,40.3964],[33.1517,40.3951],[33.1512,40.3944],[33.1497,40.3934],[33.1479,40.392],[33.1469,40.3915],[33.1467,40.389],[33.1457,40.3869],[33.144,40.3858],[33.1432,40.3845],[33.1412,40.3823],[33.1392,40.3806],[33.1374,40.377],[33.1362,40.3751],[33.1324,40.3736],[33.1316,40.3706],[33.1317,40.3672],[33.1261,40.3698],[33.1208,40.3715],[33.1218,40.3678],[33.1153,40.3688],[33.1126,40.3687],[33.1096,40.3678],[33.1093,40.3691],[33.1081,40.3713],[33.1074,40.3732],[33.0983,40.3733],[33.0982,40.374]]]]}},{"type":"Feature","properties":{"id":"cubuk-dalyasan"},"geometry":{"type":"MultiPolygon","coordinates":[[[[33.1622,40.3965],[33.1645,40.3956],[33.1655,40.3947],[33.1682,40.3904],[33.1726,40.3911],[33.1788,40.3899],[33.1791,40.3892],[33.1778,40.3884],[33.1763,40.3872],[33.1777,40.3864],[33.1795,40.3858],[33.1819,40.3853],[33.1843,40.3845],[33.1872,40.3818],[33.1895,40.3793],[33.1908,40.3773],[33.1911,40.3765],[33.191,40.3753],[33.1902,40.3742],[33.19,40.3728],[33.1896,40.3719],[33.1892,40.3712],[33.1883,40.3703],[33.1878,40.3693],[33.188,40.3682],[33.1877,40.3675],[33.1846,40.3681],[33.1788,40.3684],[33.1739,40.3696],[33.1719,40.37],[33.1695,40.3696],[33.1678,40.3696],[33.167,40.3692],[33.1653,40.369],[33.1632,40.3689],[33.16,40.3673],[33.1579,40.3672],[33.1566,40.3674],[33.1561,40.3665],[33.1569,40.3643],[33.1562,40.3633],[33.1556,40.3629],[33.1467,40.3562],[33.1417,40.3602],[33.1345,40.362],[33.1328,40.3634],[33.1318,40.3636],[33.1316,40.3706],[33.1324,40.3736],[33.1362,40.3751],[33.1374,40.377],[33.1392,40.3806],[33.1412,40.3823],[33.1432,40.3845],[33.144,40.3858],[33.1457,40.3869],[33.1467,40.389],[33.1469,40.3915],[33.1479,40.392],[33.1497,40.3934],[33.1512,40.3944],[33.1517,40.3951],[33.1546,40.3964],[33.1554,40.3962],[33.1581,40.3963],[33.161,40.397],[33.1622,40.3965]]]]}},{"type":"Feature","properties":{"id":"cubuk-yakuphasan"},"geometry":{"type":"MultiPolygon","coordinates":[[[[32.8508,40.2436],[32.8498,40.2383],[32.8501,40.2372],[32.8552,40.2334],[32.8584,40.2314],[32.8605,40.2303],[32.8643,40.2289],[32.8676,40.2271],[32.8684,40.2263],[32.8643,40.2278],[32.8649,40.2239],[32.8616,40.2229],[32.8671,40.2176],[32.8671,40.2168],[32.8567,40.2129],[32.8527,40.2097],[32.8524,40.2092],[32.848,40.2064],[32.8442,40.2002],[32.8395,40.1973],[32.8394,40.1979],[32.8384,40.199],[32.8379,40.2002],[32.8374,40.2009],[32.8346,40.2035],[32.8336,40.2048],[32.8252,40.2099],[32.8216,40.2119],[32.8206,40.2129],[32.8197,40.2147],[32.8181,40.2167],[32.8168,40.2193],[32.8141,40.2228],[32.8111,40.224],[32.8078,40.2268],[32.8081,40.2287],[32.8079,40.2297],[32.8054,40.2327],[32.8076,40.2332],[32.8089,40.2351],[32.8079,40.2362],[32.8054,40.2358],[32.8027,40.2339],[32.7998,40.2334],[32.7983,40.2344],[32.7999,40.2353],[32.803,40.2354],[32.805,40.2371],[32.8108,40.2395],[32.8159,40.2403],[32.8184,40.2413],[32.8232,40.2429],[32.8293,40.2436],[32.8364,40.2452],[32.8421,40.2444],[32.8456,40.2447],[32.848,40.2455],[32.8508,40.2436]]]]}},{"type":"Feature","properties":{"id":"cubuk-kurucay"},"geometry":{"type":"MultiPolygon","coordinates":[[[[32.9783,40.3479],[32.9727,40.3461],[32.9695,40.3453],[32.9686,40.345],[32.9682,40.345],[32.967,40.344],[32.9664,40.3438],[32.9657,40.3439],[32.9578,40.3408],[32.9573,40.3398],[32.9505,40.3523],[32.9411,40.3658],[32.9315,40.3658],[32.939,40.3738],[32.9417,40.3731],[32.9444,40.3766],[32.9501,40.3754],[32.9631,40.3804],[32.9706,40.3824],[32.9799,40.3852],[32.9775,40.3711],[32.9851,40.3671],[32.9818,40.3636],[32.9822,40.3633],[32.9822,40.3629],[32.9821,40.3628],[32.983,40.3613],[32.983,40.3608],[32.9846,40.3578],[32.979,40.3563],[32.9804,40.352],[32.9783,40.3479]]]]}},{"type":"Feature","properties":{"id":"cubuk-yildirimeloren"},"geometry":{"type":"MultiPolygon","coordinates":[[[[32.8959,40.4524],[32.8956,40.4503],[32.895,40.4485],[32.8935,40.4478],[32.8929,40.4481],[32.8914,40.4495],[32.8907,40.4512],[32.8899,40.4519],[32.8881,40.453],[32.8864,40.4534],[32.8853,40.454],[32.8851,40.4557],[32.8844,40.4556],[32.8826,40.4562],[32.8824,40.4569],[32.8827,40.4576],[32.8808,40.4583],[32.8799,40.459],[32.877,40.4593],[32.8756,40.4602],[32.8759,40.4617],[32.8756,40.462],[32.8752,40.4635],[32.8759,40.4635],[32.8761,40.4637],[32.8785,40.4636],[32.8771,40.4661],[32.8759,40.4675],[32.8761,40.469],[32.8776,40.4731],[32.8775,40.4754],[32.8778,40.4777],[32.8775,40.4794],[32.8778,40.48],[32.8797,40.4806],[32.882,40.4819],[32.8851,40.4905],[32.8895,40.506],[32.8922,40.5095],[32.8932,40.5133],[32.8931,40.5134],[32.8943,40.5163],[32.8961,40.5148],[32.8982,40.5155],[32.9042,40.517],[32.9053,40.5176],[32.9068,40.5174],[32.9078,40.517],[32.909,40.516],[32.9108,40.516],[32.9144,40.5169],[32.9164,40.518],[32.9188,40.5186],[32.9206,40.5187],[32.918,40.4963],[32.9179,40.4933],[32.9199,40.4888],[32.9194,40.4857],[32.9168,40.4835],[32.9136,40.4758],[32.9069,40.4731],[32.9053,40.4728],[32.904,40.4707],[32.9027,40.4709],[32.8983,40.4701],[32.9013,40.4671],[32.8981,40.4628],[32.8936,40.4581],[32.8919,40.4576],[32.891,40.4556],[32.8922,40.4541],[32.8935,40.4539],[32.8951,40.4533],[32.8959,40.4524]]]]}},{"type":"Feature","properties":{"id":"cubuk-kislacik"},"geometry":{"type":"MultiPolygon","coordinates":[[[[32.9471,40.4055],[32.9515,40.4051],[32.9613,40.3978],[32.9745,40.3907],[32.9799,40.3852],[32.9706,40.3824],[32.9631,40.3804],[32.9501,40.3754],[32.9444,40.3766],[32.9417,40.3731],[32.939,40.3738],[32.9417,40.3788],[32.9404,40.3798],[32.9401,40.3812],[32.9404,40.3817],[32.9398,40.382],[32.9383,40.3822],[32.9374,40.3828],[32.9368,40.3833],[32.9377,40.3836],[32.9395,40.3838],[32.9398,40.3847],[32.9393,40.386],[32.9385,40.3868],[32.9379,40.3881],[32.9371,40.3906],[32.9367,40.3907],[32.937,40.3912],[32.9367,40.3918],[32.9362,40.3913],[32.9357,40.3913],[32.9356,40.3919],[32.936,40.3923],[32.9367,40.3925],[32.9369,40.3936],[32.9367,40.3942],[32.9361,40.3946],[32.9353,40.3945],[32.9348,40.3948],[32.9329,40.3947],[32.9324,40.3949],[32.9323,40.3955],[32.9318,40.3961],[32.9325,40.3969],[32.9322,40.3972],[32.931,40.3977],[32.9309,40.3982],[32.9316,40.3983],[32.9308,40.3986],[32.9311,40.399],[32.9298,40.3995],[32.9301,40.4],[32.9295,40.4002],[32.9293,40.4006],[32.9291,40.4007],[32.9286,40.4018],[32.9286,40.4019],[32.928,40.4025],[32.9272,40.4026],[32.9267,40.402],[32.9257,40.4019],[32.9251,40.403],[32.9268,40.4055],[32.9286,40.4043],[32.9295,40.4048],[32.9304,40.4074],[32.9327,40.4048],[32.9364,40.4063],[32.939,40.405],[32.9447,40.4057],[32.9471,40.4055]]]]}},{"type":"Feature","properties":{"id":"cubuk-kiziloren"},"geometry":{"type":"MultiPolygon","coordinates":[[[[32.9868,40.4651],[32.9794,40.4623],[32.9763,40.4605],[32.9733,40.4614],[32.9714,40.4522],[32.9627,40.4372],[32.9629,40.4401],[32.9586,40.4437],[32.956,40.4452],[32.9537,40.4491],[32.9552,40.4507],[32.9541,40.4526],[32.9536,40.4567],[32.9412,40.4601],[32.9511,40.4684],[32.9781,40.4847],[32.9803,40.4814],[32.9828,40.4784],[32.9841,40.4755],[32.9836,40.4702],[32.9868,40.4651]]]]}},{"type":"Feature","properties":{"id":"cubuk-uluagac"},"geometry":{"type":"MultiPolygon","coordinates":[[[[32.967,40.5419],[32.9679,40.541],[32.9671,40.5402],[32.9678,40.5392],[32.9685,40.5378],[32.9702,40.5378],[32.9706,40.5376],[32.9701,40.5376],[32.9704,40.5367],[32.9712,40.5258],[32.9779,40.5187],[32.9837,40.5149],[32.9883,40.5121],[32.9917,40.5098],[32.9923,40.5075],[32.9926,40.5051],[32.9868,40.5056],[32.9855,40.504],[32.9817,40.5018],[32.975,40.4977],[32.9788,40.4931],[32.9815,40.4868],[32.9808,40.4859],[32.9791,40.4854],[32.9511,40.4684],[32.9412,40.4601],[32.9386,40.4607],[32.9301,40.4592],[32.9224,40.4621],[32.9226,40.4632],[32.9204,40.4632],[32.9179,40.4621],[32.9138,40.4623],[32.9146,40.4644],[32.914,40.4705],[32.9182,40.4769],[32.9222,40.4879],[32.9252,40.4933],[32.9338,40.4956],[32.9421,40.4963],[32.9464,40.4986],[32.9441,40.5022],[32.9425,40.5061],[32.939,40.5108],[32.9349,40.5237],[32.9369,40.5234],[32.938,40.5238],[32.9405,40.5258],[32.9417,40.5264],[32.9448,40.5273],[32.9455,40.5283],[32.9456,40.5294],[32.9455,40.5302],[32.9446,40.5323],[32.9442,40.5349],[32.9459,40.5353],[32.9472,40.5358],[32.9483,40.5368],[32.9492,40.5385],[32.9495,40.5397],[32.9496,40.5416],[32.9505,40.5421],[32.9503,40.5416],[32.9521,40.5399],[32.9532,40.5399],[32.954,40.5403],[32.9556,40.5406],[32.9565,40.5417],[32.957,40.5415],[32.9579,40.5417],[32.9577,40.5426],[32.9582,40.5426],[32.9596,40.5423],[32.9602,40.5427],[32.9603,40.5433],[32.9611,40.5428],[32.9613,40.5418],[32.9619,40.5416],[32.9631,40.5429],[32.9647,40.5441],[32.9648,40.5451],[32.9655,40.5458],[32.967,40.5467],[32.9685,40.5465],[32.9693,40.5459],[32.9691,40.5443],[32.9666,40.5429],[32.967,40.5419]]]]}},{"type":"Feature","properties":{"id":"cubuk-cumhuriyet"},"geometry":{"type":"MultiPolygon","coordinates":[[[[33.0286,40.2389],[33.0319,40.2389],[33.0328,40.2387],[33.033,40.2357],[33.0351,40.2192],[33.0346,40.216],[33.0336,40.2113],[33.0304,40.212],[33.0318,40.2143],[33.0321,40.2153],[33.0319,40.2154],[33.0318,40.2163],[33.0314,40.2173],[33.0306,40.218],[33.0276,40.219],[33.0252,40.2201],[33.0243,40.2219],[33.0246,40.2228],[33.0253,40.2241],[33.0256,40.2257],[33.0261,40.2302],[33.025,40.2321],[33.025,40.2327],[33.0251,40.2332],[33.027,40.2356],[33.0273,40.2371],[33.0273,40.239],[33.0286,40.2389]]]]}},{"type":"Feature","properties":{"id":"cubuk-muhsin-yazicioglu"},"geometry":{"type":"MultiPolygon","coordinates":[[[[33.035,40.191],[33.034,40.1898],[33.0336,40.1901],[33.0317,40.1906],[33.0312,40.1892],[33.0283,40.1877],[33.0238,40.187],[33.0309,40.2006],[33.0326,40.2064],[33.0334,40.2068],[33.0358,40.2087],[33.0398,40.2107],[33.0409,40.2116],[33.0423,40.2132],[33.0486,40.2239],[33.0502,40.226],[33.0521,40.2272],[33.057,40.2291],[33.0588,40.2302],[33.061,40.2325],[33.0614,40.2332],[33.0621,40.2349],[33.0627,40.2358],[33.0639,40.2372],[33.0658,40.2386],[33.067,40.2357],[33.0681,40.2337],[33.0706,40.2309],[33.0724,40.228],[33.0727,40.2241],[33.073,40.2223],[33.0725,40.2203],[33.072,40.2195],[33.0712,40.2189],[33.0714,40.2176],[33.0711,40.2175],[33.0555,40.2031],[33.0538,40.2023],[33.0528,40.2009],[33.0505,40.1994],[33.0414,40.1955],[33.0413,40.1945],[33.041,40.1942],[33.0361,40.1932],[33.0355,40.1916],[33.035,40.191]]]]}},{"type":"Feature","properties":{"id":"cubuk-kargin"},"geometry":{"type":"MultiPolygon","coordinates":[[[[33.0762,40.274],[33.0782,40.2734],[33.0827,40.2734],[33.0849,40.2739],[33.0873,40.2741],[33.0881,40.2712],[33.0888,40.2697],[33.0864,40.2683],[33.0853,40.2673],[33.0881,40.2677],[33.09,40.2665],[33.0922,40.2645],[33.0931,40.2605],[33.0922,40.2584],[33.0929,40.2573],[33.0924,40.2573],[33.0921,40.257],[33.0923,40.2559],[33.0915,40.2552],[33.0906,40.2525],[33.0913,40.2516],[33.0909,40.251],[33.0942,40.2503],[33.0949,40.2493],[33.0954,40.2493],[33.0951,40.2487],[33.0956,40.2483],[33.0972,40.2489],[33.0966,40.2473],[33.0969,40.2463],[33.0978,40.2451],[33.0978,40.2448],[33.0967,40.2445],[33.095,40.2433],[33.0937,40.243],[33.0925,40.242],[33.0921,40.2409],[33.0908,40.2401],[33.0901,40.2409],[33.0891,40.2391],[33.0881,40.2383],[33.0878,40.2377],[33.0861,40.2358],[33.0859,40.2352],[33.0852,40.2345],[33.0851,40.2338],[33.0859,40.2334],[33.0849,40.2316],[33.0814,40.2284],[33.0809,40.2287],[33.0791,40.229],[33.0796,40.2287],[33.0791,40.2274],[33.0756,40.2246],[33.075,40.224],[33.0739,40.2236],[33.073,40.2223],[33.0727,40.2241],[33.0724,40.228],[33.0706,40.2309],[33.0681,40.2337],[33.067,40.2357],[33.0658,40.2386],[33.0683,40.2398],[33.0706,40.2404],[33.0703,40.2406],[33.059,40.2383],[33.0593,40.2428],[33.0582,40.2429],[33.0574,40.2446],[33.0573,40.2456],[33.0575,40.246],[33.0556,40.249],[33.0549,40.2493],[33.0566,40.2503],[33.0568,40.2507],[33.0562,40.2508],[33.0554,40.2513],[33.0557,40.2516],[33.0553,40.2533],[33.0555,40.2534],[33.0555,40.2542],[33.0547,40.2553],[33.0563,40.2553],[33.0564,40.2558],[33.0561,40.2564],[33.0554,40.2563],[33.0546,40.2568],[33.0572,40.2586],[33.057,40.2589],[33.0575,40.2608],[33.0586,40.2612],[33.0586,40.2615],[33.0573,40.2616],[33.0567,40.262],[33.0576,40.2628],[33.0579,40.2634],[33.0602,40.2648],[33.0606,40.2654],[33.0616,40.2655],[33.0633,40.2649],[33.0638,40.265],[33.0644,40.2654],[33.0648,40.266],[33.0719,40.2696],[33.072,40.2707],[33.0726,40.2713],[33.0741,40.2744],[33.0762,40.274]]]]}},{"type":"Feature","properties":{"id":"cubuk-mutlu"},"geometry":{"type":"MultiPolygon","coordinates":[[[[33.1099,40.2823],[33.1125,40.2817],[33.1157,40.2771],[33.1177,40.2773],[33.1207,40.2781],[33.1233,40.2777],[33.1373,40.2726],[33.1363,40.2713],[33.1403,40.2665],[33.1388,40.2601],[33.1419,40.2525],[33.1432,40.252],[33.1459,40.2504],[33.1454,40.2491],[33.1429,40.2492],[33.1416,40.2476],[33.1386,40.2448],[33.1344,40.2371],[33.1329,40.231],[33.1273,40.2301],[33.1192,40.2293],[33.1202,40.2333],[33.1134,40.2381],[33.1189,40.2392],[33.1215,40.2402],[33.1238,40.2417],[33.1293,40.246],[33.1284,40.2468],[33.1286,40.2473],[33.1289,40.2474],[33.1283,40.249],[33.1273,40.2483],[33.1266,40.2481],[33.1261,40.2486],[33.1277,40.2494],[33.1273,40.2499],[33.1266,40.2502],[33.1264,40.2505],[33.1238,40.2519],[33.1232,40.2513],[33.1196,40.2516],[33.1182,40.2521],[33.1157,40.2525],[33.1066,40.2522],[33.1042,40.251],[33.1003,40.2504],[33.1001,40.25],[33.1013,40.2487],[33.1048,40.244],[33.1066,40.2411],[33.1052,40.2413],[33.1034,40.2411],[33.101,40.2462],[33.0978,40.2448],[33.0978,40.2451],[33.0969,40.2463],[33.0966,40.2473],[33.0972,40.2489],[33.0956,40.2483],[33.0951,40.2487],[33.0954,40.2493],[33.0949,40.2493],[33.0942,40.2503],[33.0909,40.251],[33.0913,40.2516],[33.0906,40.2525],[33.0915,40.2552],[33.0923,40.2559],[33.0921,40.257],[33.0924,40.2573],[33.0929,40.2573],[33.0922,40.2584],[33.0931,40.2605],[33.0922,40.2646],[33.0933,40.2688],[33.0939,40.2728],[33.1026,40.2824],[33.1099,40.2823]]]]}},{"type":"Feature","properties":{"id":"cubuk-susuz"},"geometry":{"type":"MultiPolygon","coordinates":[[[[33.1093,40.3691],[33.1096,40.3678],[33.1126,40.3687],[33.1153,40.3688],[33.1218,40.3678],[33.1208,40.3715],[33.1261,40.3698],[33.1317,40.3672],[33.1318,40.3636],[33.1328,40.3634],[33.1345,40.362],[33.1416,40.3603],[33.1408,40.3583],[33.1412,40.3577],[33.1386,40.3532],[33.1348,40.346],[33.1335,40.3424],[33.1329,40.3398],[33.1333,40.338],[33.1331,40.3367],[33.1342,40.3346],[33.1362,40.3327],[33.1349,40.3324],[33.1354,40.3316],[33.1336,40.3312],[33.1265,40.327],[33.1164,40.325],[33.1153,40.3238],[33.1136,40.3223],[33.1124,40.3215],[33.1112,40.3209],[33.1105,40.3195],[33.1097,40.3195],[33.1074,40.3187],[33.1036,40.3182],[33.099,40.3175],[33.0971,40.316],[33.0968,40.3194],[33.0962,40.3225],[33.0943,40.3223],[33.0919,40.3217],[33.0894,40.32],[33.0871,40.3208],[33.0854,40.3222],[33.0843,40.3243],[33.0837,40.326],[33.0839,40.3281],[33.0862,40.3326],[33.0878,40.3365],[33.0878,40.3407],[33.0862,40.3428],[33.0843,40.3437],[33.0876,40.3456],[33.0872,40.3485],[33.0877,40.3536],[33.0901,40.3543],[33.0922,40.3559],[33.0936,40.3584],[33.0935,40.3598],[33.0954,40.3615],[33.0966,40.3629],[33.0964,40.3694],[33.0985,40.372],[33.0983,40.3733],[33.1074,40.3732],[33.1081,40.3713],[33.1093,40.3691]]]]}},{"type":"Feature","properties":{"id":"cubuk-nusratlar"},"geometry":{"type":"MultiPolygon","coordinates":[[[[33.0102,40.4495],[33.0051,40.4438],[32.9995,40.4383],[32.9951,40.4357],[32.9845,40.4259],[32.9823,40.4276],[32.9816,40.4294],[32.9797,40.43],[32.9772,40.4296],[32.9752,40.4281],[32.9722,40.4278],[32.9701,40.4295],[32.9692,40.4297],[32.9679,40.4309],[32.9667,40.4311],[32.9667,40.4293],[32.9652,40.429],[32.9628,40.4266],[32.9596,40.4265],[32.9597,40.428],[32.9569,40.4297],[32.9604,40.4309],[32.9615,40.4327],[32.9619,40.4358],[32.9714,40.4522],[32.9733,40.4614],[32.9763,40.4605],[32.9794,40.4623],[32.9868,40.4651],[32.9901,40.4632],[32.9971,40.4617],[32.9993,40.4616],[33.0186,40.466],[33.0239,40.4683],[33.0155,40.4591],[33.0147,40.4538],[33.0102,40.4495]]]]}},{"type":"Feature","properties":{"id":"cubuk-karadana"},"geometry":{"type":"MultiPolygon","coordinates":[[[[33.1802,40.2863],[33.1802,40.2848],[33.1779,40.2822],[33.1768,40.2798],[33.1742,40.2771],[33.1771,40.2752],[33.1778,40.272],[33.1768,40.2678],[33.176,40.2653],[33.1748,40.2635],[33.1753,40.262],[33.1768,40.2606],[33.1773,40.2596],[33.1763,40.2589],[33.1771,40.2571],[33.177,40.2553],[33.176,40.2536],[33.1787,40.2523],[33.1786,40.2521],[33.1761,40.2512],[33.1738,40.2508],[33.1692,40.249],[33.1645,40.2477],[33.1656,40.2473],[33.1669,40.2464],[33.1677,40.2449],[33.1681,40.2433],[33.1683,40.2388],[33.1675,40.2374],[33.1645,40.2362],[33.1624,40.2361],[33.161,40.2363],[33.1593,40.2391],[33.1551,40.2386],[33.1535,40.2351],[33.1529,40.2343],[33.1504,40.2324],[33.1459,40.2307],[33.1409,40.228],[33.1372,40.2287],[33.1329,40.231],[33.1344,40.2371],[33.1386,40.2448],[33.1416,40.2476],[33.1429,40.2492],[33.1454,40.2491],[33.1459,40.2504],[33.1432,40.252],[33.1419,40.2525],[33.1388,40.2601],[33.1403,40.2665],[33.1363,40.2713],[33.1373,40.2726],[33.1389,40.2758],[33.1457,40.2772],[33.1491,40.2794],[33.1523,40.2807],[33.1549,40.2799],[33.1556,40.2779],[33.1585,40.2753],[33.1637,40.276],[33.1656,40.2769],[33.1671,40.2783],[33.17,40.2791],[33.1752,40.28],[33.1762,40.2814],[33.1758,40.2839],[33.176,40.2849],[33.1762,40.2852],[33.1767,40.2855],[33.1787,40.2855],[33.1802,40.2863]]]]}},{"type":"Feature","properties":{"id":"cubuk-kucukali"},"geometry":{"type":"MultiPolygon","coordinates":[[[[33.1979,40.1734],[33.2026,40.1757],[33.2076,40.1769],[33.208,40.1776],[33.2084,40.1786],[33.2086,40.1788],[33.2087,40.1795],[33.2076,40.1837],[33.2069,40.1855],[33.2065,40.1857],[33.2062,40.187],[33.2055,40.1878],[33.2041,40.1883],[33.2038,40.1894],[33.2039,40.192],[33.2045,40.1924],[33.2057,40.1926],[33.2061,40.1946],[33.2059,40.1966],[33.2069,40.1966],[33.2073,40.1973],[33.2076,40.1975],[33.2103,40.1976],[33.2122,40.1984],[33.2123,40.1988],[33.212,40.2005],[33.2121,40.2009],[33.2129,40.2018],[33.2141,40.2026],[33.2148,40.2033],[33.2157,40.2032],[33.2174,40.2043],[33.2176,40.2054],[33.2172,40.206],[33.2207,40.2068],[33.2229,40.2063],[33.2235,40.2055],[33.2251,40.204],[33.2282,40.2023],[33.2301,40.2027],[33.2304,40.1988],[33.2303,40.1964],[33.2299,40.1939],[33.2315,40.1899],[33.2325,40.1898],[33.2331,40.1895],[33.2353,40.1914],[33.2366,40.1916],[33.2408,40.1903],[33.2428,40.1894],[33.2477,40.1864],[33.2437,40.1823],[33.2395,40.1801],[33.2391,40.1781],[33.2365,40.1748],[33.233,40.1735],[33.2288,40.1757],[33.2245,40.1765],[33.2214,40.1778],[33.2198,40.1769],[33.2184,40.1775],[33.2129,40.1773],[33.2095,40.1755],[33.2067,40.1745],[33.2048,40.1722],[33.1999,40.171],[33.2,40.1716],[33.1992,40.1718],[33.1979,40.1734]]]]}},{"type":"Feature","properties":{"id":"cubuk-yukariemirler"},"geometry":{"type":"MultiPolygon","coordinates":[[[[33.1272,40.2813],[33.1233,40.2777],[33.1207,40.2781],[33.1177,40.2773],[33.1157,40.2771],[33.1125,40.2817],[33.1099,40.2823],[33.1071,40.2851],[33.1061,40.2869],[33.1032,40.2876],[33.1033,40.2919],[33.1053,40.2944],[33.1086,40.2957],[33.1083,40.2976],[33.1054,40.3034],[33.107,40.3074],[33.1143,40.3129],[33.1162,40.3166],[33.1133,40.3171],[33.1123,40.3184],[33.1097,40.3195],[33.1105,40.3195],[33.1112,40.3209],[33.1124,40.3215],[33.1136,40.3223],[33.1153,40.3238],[33.1164,40.325],[33.1265,40.327],[33.1336,40.3312],[33.1354,40.3316],[33.1377,40.331],[33.1392,40.3293],[33.1435,40.3264],[33.146,40.3228],[33.1475,40.3202],[33.1505,40.3158],[33.1536,40.3125],[33.1547,40.3118],[33.1544,40.3109],[33.1535,40.3095],[33.1544,40.3093],[33.1578,40.3073],[33.1582,40.3064],[33.1588,40.306],[33.1563,40.3038],[33.1559,40.301],[33.1552,40.2998],[33.1498,40.2975],[33.1457,40.2946],[33.1386,40.2919],[33.1332,40.2877],[33.1272,40.2813]]]]}},{"type":"Feature","properties":{"id":"cubuk-kutuoren"},"geometry":{"type":"MultiPolygon","coordinates":[[[[32.9202,40.2214],[32.9195,40.2185],[32.9188,40.217],[32.9197,40.2161],[32.9192,40.2151],[32.9229,40.2146],[32.9243,40.2126],[32.9273,40.2133],[32.9283,40.2124],[32.9283,40.2101],[32.9303,40.2105],[32.9322,40.2096],[32.9323,40.2079],[32.9384,40.2089],[32.9419,40.2081],[32.9431,40.2073],[32.9442,40.2079],[32.9466,40.2068],[32.9468,40.2062],[32.9504,40.2058],[32.9506,40.2044],[32.9499,40.2018],[32.9507,40.1986],[32.9484,40.1951],[32.9484,40.1944],[32.9474,40.1939],[32.948,40.193],[32.9511,40.191],[32.9528,40.191],[32.9544,40.1899],[32.9542,40.1887],[32.9539,40.1885],[32.9539,40.1876],[32.9516,40.1844],[32.9497,40.1834],[32.9479,40.1811],[32.9472,40.1785],[32.9466,40.1747],[32.9452,40.1746],[32.9452,40.1744],[32.9444,40.1742],[32.9422,40.1746],[32.9398,40.1742],[32.9379,40.1747],[32.9374,40.1751],[32.9357,40.1734],[32.9324,40.1716],[32.932,40.1718],[32.9292,40.1709],[32.9282,40.171],[32.9268,40.1707],[32.9254,40.1698],[32.9225,40.1713],[32.9159,40.172],[32.9143,40.1736],[32.9145,40.1747],[32.9129,40.176],[32.911,40.1795],[32.9119,40.1816],[32.9115,40.1825],[32.9105,40.1838],[32.9087,40.1856],[32.9063,40.1863],[32.9056,40.1866],[32.9072,40.1969],[32.9044,40.1985],[32.9059,40.207],[32.9076,40.2119],[32.9148,40.2178],[32.9151,40.2195],[32.9166,40.22],[32.9177,40.2194],[32.9202,40.2214]]]]}},{"type":"Feature","properties":{"id":"cubuk-meseli"},"geometry":{"type":"MultiPolygon","coordinates":[[[[33.2062,40.3797],[33.2062,40.3792],[33.2067,40.3786],[33.2066,40.3783],[33.207,40.378],[33.2079,40.3781],[33.2085,40.377],[33.2092,40.3771],[33.209,40.3756],[33.2111,40.3757],[33.2124,40.3741],[33.2123,40.3737],[33.213,40.373],[33.2132,40.3731],[33.2135,40.3729],[33.2136,40.3723],[33.214,40.3719],[33.2138,40.3713],[33.2156,40.3699],[33.2159,40.3681],[33.2188,40.3662],[33.2194,40.3647],[33.2201,40.3644],[33.2201,40.3635],[33.2218,40.3633],[33.2223,40.3635],[33.2249,40.3622],[33.226,40.3608],[33.2272,40.3613],[33.2279,40.3609],[33.2288,40.3617],[33.2315,40.361],[33.2323,40.3607],[33.2329,40.3609],[33.2334,40.3607],[33.2334,40.3602],[33.2341,40.3597],[33.2353,40.3601],[33.2367,40.3597],[33.2381,40.3581],[33.2378,40.3577],[33.2376,40.3577],[33.2384,40.3569],[33.2381,40.3563],[33.2384,40.356],[33.2409,40.3549],[33.2402,40.3545],[33.2382,40.3552],[33.237,40.356],[33.2363,40.3558],[33.2363,40.3554],[33.2375,40.3533],[33.2382,40.3536],[33.2399,40.3526],[33.2412,40.3516],[33.242,40.3517],[33.2421,40.3513],[33.2413,40.3511],[33.2411,40.3512],[33.2397,40.3509],[33.2393,40.3506],[33.2396,40.3496],[33.239,40.3491],[33.2381,40.349],[33.2379,40.3485],[33.2367,40.3486],[33.2367,40.349],[33.2377,40.3501],[33.2378,40.3513],[33.237,40.3513],[33.237,40.3509],[33.2364,40.3501],[33.2358,40.3499],[33.2353,40.3491],[33.2347,40.3495],[33.2342,40.3486],[33.2371,40.3467],[33.2439,40.3446],[33.2448,40.3419],[33.2432,40.3421],[33.2417,40.3424],[33.2415,40.3423],[33.2408,40.3426],[33.2375,40.3445],[33.2355,40.3452],[33.2346,40.3459],[33.233,40.3465],[33.2322,40.3473],[33.2313,40.348],[33.2308,40.3482],[33.2288,40.3488],[33.2273,40.3491],[33.2247,40.3489],[33.2244,40.3493],[33.2212,40.3489],[33.221,40.3498],[33.2207,40.3502],[33.2175,40.3489],[33.2159,40.348],[33.2055,40.345],[33.2029,40.3441],[33.2018,40.3439],[33.2,40.3438],[33.193,40.3441],[33.1924,40.3437],[33.1912,40.3436],[33.1891,40.3425],[33.1884,40.3424],[33.188,40.3416],[33.187,40.341],[33.1858,40.3396],[33.185,40.3393],[33.184,40.3393],[33.1835,40.339],[33.18,40.3382],[33.1765,40.3359],[33.169,40.3374],[33.1664,40.3395],[33.1631,40.3448],[33.1589,40.3502],[33.1528,40.3507],[33.1491,40.3543],[33.1467,40.3562],[33.1556,40.3629],[33.1562,40.3633],[33.1569,40.3643],[33.1561,40.3665],[33.1566,40.3674],[33.1579,40.3672],[33.16,40.3673],[33.1632,40.3689],[33.1653,40.369],[33.167,40.3692],[33.1678,40.3696],[33.1695,40.3696],[33.1719,40.37],[33.1739,40.3696],[33.1788,40.3684],[33.1846,40.3681],[33.1877,40.3675],[33.188,40.3682],[33.1878,40.3693],[33.1883,40.3703],[33.1892,40.3712],[33.1896,40.3719],[33.19,40.3728],[33.1902,40.3742],[33.191,40.3753],[33.1911,40.3765],[33.1908,40.3774],[33.1899,40.3788],[33.1905,40.3792],[33.1914,40.3793],[33.1938,40.3782],[33.1967,40.3786],[33.1987,40.3791],[33.2,40.3791],[33.2007,40.3793],[33.2011,40.3796],[33.2022,40.3795],[33.203,40.38],[33.2039,40.3795],[33.2042,40.3797],[33.2055,40.3819],[33.2063,40.3814],[33.2058,40.3812],[33.2058,40.3798],[33.2062,40.3797]]]]}},{"type":"Feature","properties":{"id":"cubuk-ikipinar"},"geometry":{"type":"MultiPolygon","coordinates":[[[[32.8885,40.1845],[32.8944,40.1828],[32.8948,40.1831],[32.8966,40.1835],[32.901,40.1833],[32.9056,40.1866],[32.9063,40.1863],[32.9087,40.1856],[32.9105,40.1838],[32.9115,40.1825],[32.9119,40.1816],[32.911,40.1795],[32.9129,40.176],[32.9145,40.1747],[32.9143,40.1736],[32.9159,40.172],[32.9225,40.1713],[32.9254,40.1698],[32.9253,40.1676],[32.9235,40.1668],[32.9231,40.166],[32.9232,40.1657],[32.9234,40.1655],[32.924,40.1654],[32.9248,40.1657],[32.9269,40.163],[32.9282,40.1625],[32.9295,40.1608],[32.9294,40.1594],[32.9307,40.1574],[32.9303,40.157],[32.9274,40.1561],[32.926,40.1559],[32.9244,40.1559],[32.9224,40.1562],[32.9199,40.156],[32.9173,40.1549],[32.912,40.1533],[32.91,40.1531],[32.9093,40.1528],[32.9071,40.1552],[32.9037,40.1571],[32.8955,40.1625],[32.8949,40.1633],[32.8915,40.1655],[32.891,40.1669],[32.888,40.1675],[32.885,40.1684],[32.8811,40.1704],[32.8798,40.1719],[32.8774,40.1728],[32.877,40.1739],[32.8755,40.1763],[32.8761,40.1822],[32.8779,40.1848],[32.8788,40.1848],[32.8814,40.1825],[32.8832,40.1823],[32.8839,40.1828],[32.8835,40.1832],[32.8836,40.1838],[32.8827,40.1853],[32.8862,40.1869],[32.8881,40.1857],[32.8885,40.1845]]]]}},{"type":"Feature","properties":{"id":"cubuk-yazir"},"geometry":{"type":"MultiPolygon","coordinates":[[[[32.9627,40.2077],[32.9639,40.2069],[32.9648,40.207],[32.9654,40.2067],[32.9661,40.2067],[32.9665,40.2073],[32.9667,40.207],[32.9676,40.2068],[32.9688,40.207],[32.9702,40.2063],[32.9719,40.2061],[32.9729,40.2064],[32.9731,40.2061],[32.9737,40.2063],[32.974,40.2062],[32.9739,40.206],[32.9754,40.2053],[32.976,40.2047],[32.9762,40.2036],[32.9761,40.2032],[32.9768,40.2024],[32.9773,40.2022],[32.9783,40.2009],[32.9792,40.2011],[32.9808,40.2015],[32.9844,40.2008],[32.9853,40.2001],[32.9867,40.1997],[32.9871,40.1991],[32.9891,40.1979],[32.9898,40.1977],[32.9905,40.1971],[32.9909,40.1961],[32.9932,40.1932],[32.995,40.194],[32.9961,40.1934],[32.9971,40.1924],[33.0005,40.1939],[33.0057,40.1951],[33.0082,40.1961],[33.013,40.1975],[33.0146,40.1981],[33.0161,40.1989],[33.0169,40.1975],[33.0171,40.1969],[33.0173,40.194],[33.0168,40.1916],[33.0162,40.1904],[33.0163,40.1882],[33.0157,40.1855],[33.0152,40.1836],[33.0142,40.1818],[33.0134,40.1794],[33.0136,40.1794],[33.014,40.1786],[33.0137,40.1784],[33.013,40.1785],[33.0118,40.1777],[33.0115,40.1779],[33.0101,40.1771],[33.0111,40.1757],[33.0083,40.1698],[33.0074,40.1683],[33.0037,40.1686],[33.0033,40.1681],[33.0023,40.168],[32.9985,40.1684],[32.9965,40.1647],[32.993,40.1671],[32.9908,40.1661],[32.9912,40.1657],[32.9906,40.1648],[32.9887,40.1656],[32.9879,40.1667],[32.9868,40.1658],[32.9854,40.1666],[32.9843,40.1656],[32.9828,40.1661],[32.9804,40.1651],[32.979,40.165],[32.9781,40.1659],[32.9781,40.1674],[32.9771,40.1671],[32.9755,40.1688],[32.9749,40.1711],[32.9739,40.1724],[32.9716,40.1738],[32.9703,40.1751],[32.9698,40.1769],[32.9669,40.1753],[32.9661,40.1769],[32.9664,40.1801],[32.9655,40.1797],[32.964,40.1816],[32.9646,40.1823],[32.9645,40.1833],[32.9622,40.1838],[32.9607,40.1847],[32.9596,40.1848],[32.9593,40.186],[32.9577,40.1857],[32.9558,40.1856],[32.9543,40.1853],[32.9508,40.1839],[32.9516,40.1844],[32.9539,40.1876],[32.9539,40.1885],[32.9542,40.1887],[32.9544,40.1899],[32.9528,40.191],[32.9511,40.191],[32.948,40.193],[32.9474,40.1939],[32.9484,40.1944],[32.9484,40.1951],[32.9507,40.1986],[32.9499,40.2018],[32.9506,40.2044],[32.9504,40.2058],[32.951,40.2063],[32.9521,40.2051],[32.9523,40.2042],[32.9541,40.2049],[32.9553,40.2044],[32.9569,40.2046],[32.957,40.205],[32.9579,40.2054],[32.9579,40.2057],[32.9587,40.2061],[32.9601,40.2073],[32.9602,40.2077],[32.9607,40.207],[32.9627,40.2077]]]]}},{"type":"Feature","properties":{"id":"cubuk-karatas"},"geometry":{"type":"MultiPolygon","coordinates":[[[[32.8383,40.2961],[32.8551,40.2947],[32.855,40.2949],[32.8552,40.2949],[32.8598,40.279],[32.8594,40.2757],[32.8588,40.2727],[32.8576,40.2692],[32.8569,40.2678],[32.8483,40.2621],[32.8485,40.2617],[32.8486,40.2607],[32.8483,40.2601],[32.8485,40.2595],[32.8487,40.2593],[32.8516,40.2583],[32.8519,40.2586],[32.8532,40.2584],[32.8529,40.2579],[32.8536,40.2577],[32.8549,40.2576],[32.8547,40.2557],[32.8539,40.2549],[32.8531,40.2439],[32.8508,40.2436],[32.848,40.2455],[32.8456,40.2447],[32.8421,40.2444],[32.8402,40.2446],[32.8425,40.2531],[32.8382,40.2542],[32.8374,40.2577],[32.8385,40.2595],[32.8349,40.2619],[32.836,40.2634],[32.8301,40.2651],[32.8292,40.2667],[32.8274,40.2668],[32.8249,40.2704],[32.8261,40.271],[32.8265,40.2721],[32.8233,40.2743],[32.8245,40.2745],[32.8231,40.2789],[32.8207,40.2812],[32.8211,40.2821],[32.8197,40.2818],[32.8182,40.2833],[32.8173,40.2852],[32.8189,40.2866],[32.8186,40.287],[32.8235,40.2939],[32.8383,40.2961]]]]}},{"type":"Feature","properties":{"id":"cubuk-yildirimevci"},"geometry":{"type":"MultiPolygon","coordinates":[[[[32.8687,40.4595],[32.8694,40.4597],[32.8701,40.458],[32.8704,40.4579],[32.8707,40.458],[32.871,40.4577],[32.8714,40.4584],[32.8713,40.4584],[32.8712,40.4586],[32.872,40.4589],[32.8717,40.4593],[32.8727,40.4598],[32.8732,40.4595],[32.8756,40.4602],[32.877,40.4593],[32.8799,40.459],[32.8808,40.4583],[32.8827,40.4576],[32.8824,40.4569],[32.8826,40.4562],[32.8844,40.4556],[32.8851,40.4557],[32.8853,40.454],[32.8864,40.4534],[32.8881,40.453],[32.8899,40.4519],[32.8907,40.4512],[32.8914,40.4495],[32.8929,40.4481],[32.8935,40.4478],[32.895,40.4485],[32.8956,40.4503],[32.8959,40.4524],[32.8979,40.4518],[32.8997,40.4518],[32.9003,40.452],[32.9011,40.4506],[32.9004,40.4499],[32.9005,40.4492],[32.9001,40.448],[32.899,40.4472],[32.8983,40.4462],[32.8974,40.4453],[32.8964,40.4451],[32.8957,40.4438],[32.8958,40.4425],[32.8989,40.4414],[32.8998,40.4395],[32.8997,40.4381],[32.8985,40.4344],[32.8985,40.4323],[32.902,40.4301],[32.9044,40.4277],[32.905,40.4251],[32.9051,40.4229],[32.9019,40.4207],[32.9012,40.4145],[32.9026,40.4062],[32.902,40.4033],[32.8817,40.4061],[32.8787,40.4012],[32.8787,40.3997],[32.8784,40.3989],[32.8794,40.3985],[32.8779,40.3972],[32.8762,40.398],[32.8741,40.3986],[32.8719,40.3967],[32.869,40.3962],[32.8673,40.3964],[32.8663,40.3963],[32.866,40.3961],[32.8661,40.3959],[32.8636,40.3978],[32.8634,40.402],[32.8609,40.4064],[32.8579,40.4104],[32.858,40.4134],[32.8573,40.4199],[32.8561,40.4207],[32.855,40.4225],[32.8545,40.4242],[32.8536,40.426],[32.8536,40.4309],[32.853,40.4318],[32.8565,40.4306],[32.8584,40.4312],[32.8582,40.433],[32.8573,40.4372],[32.8602,40.4404],[32.8601,40.4449],[32.8615,40.4459],[32.8648,40.4469],[32.8652,40.4494],[32.8637,40.4508],[32.8619,40.4519],[32.8611,40.4548],[32.8606,40.4582],[32.8637,40.4585],[32.867,40.4597],[32.8675,40.4597],[32.8684,40.4604],[32.8687,40.4595]]]]}},{"type":"Feature","properties":{"id":"cubuk-karacam"},"geometry":{"type":"MultiPolygon","coordinates":[[[[32.9226,40.4632],[32.9224,40.4621],[32.9301,40.4592],[32.9386,40.4607],[32.9412,40.4601],[32.9128,40.4369],[32.9121,40.4355],[32.9035,40.4331],[32.9046,40.4361],[32.9025,40.4373],[32.8997,40.4381],[32.8998,40.4395],[32.8989,40.4414],[32.8958,40.4425],[32.8957,40.4438],[32.8964,40.4451],[32.8974,40.4453],[32.8983,40.4462],[32.899,40.4472],[32.9001,40.448],[32.9005,40.4492],[32.9004,40.4499],[32.9011,40.4506],[32.9003,40.452],[32.8997,40.4518],[32.9009,40.4535],[32.9007,40.4563],[32.9026,40.4566],[32.905,40.4579],[32.9068,40.4587],[32.9087,40.4583],[32.9095,40.4585],[32.9107,40.4582],[32.912,40.4587],[32.9144,40.4612],[32.9138,40.4623],[32.9179,40.4621],[32.9204,40.4632],[32.9226,40.4632]]]]}},{"type":"Feature","properties":{"id":"cubuk-yaylak"},"geometry":{"type":"MultiPolygon","coordinates":[[[[32.9116,40.4021],[32.9157,40.4015],[32.9251,40.403],[32.9257,40.4019],[32.9267,40.402],[32.9272,40.4026],[32.928,40.4025],[32.9286,40.4019],[32.9286,40.4018],[32.9291,40.4007],[32.9293,40.4006],[32.9295,40.4002],[32.9301,40.4],[32.9298,40.3995],[32.9311,40.399],[32.9308,40.3986],[32.9316,40.3983],[32.9309,40.3982],[32.931,40.3977],[32.9322,40.3972],[32.9325,40.3969],[32.9318,40.3961],[32.9323,40.3955],[32.9324,40.3949],[32.9329,40.3947],[32.9348,40.3948],[32.9353,40.3945],[32.9361,40.3946],[32.9367,40.3942],[32.9369,40.3936],[32.9367,40.3925],[32.936,40.3923],[32.9356,40.3919],[32.9357,40.3913],[32.9362,40.3913],[32.9367,40.3918],[32.937,40.3912],[32.9367,40.3907],[32.9371,40.3906],[32.9379,40.3881],[32.9385,40.3868],[32.9393,40.386],[32.9398,40.3847],[32.9395,40.3838],[32.9377,40.3836],[32.9368,40.3833],[32.9374,40.3828],[32.9383,40.3822],[32.9398,40.382],[32.9404,40.3817],[32.9401,40.3812],[32.9404,40.3798],[32.9417,40.3788],[32.939,40.3738],[32.9315,40.3658],[32.9104,40.3473],[32.9078,40.3514],[32.8968,40.358],[32.8911,40.3608],[32.8889,40.3645],[32.8892,40.3709],[32.8872,40.3736],[32.884,40.376],[32.8825,40.3788],[32.8825,40.3828],[32.8782,40.3845],[32.8727,40.3893],[32.87,40.3928],[32.8661,40.3959],[32.866,40.3961],[32.8673,40.3964],[32.869,40.3962],[32.8719,40.3967],[32.8741,40.3986],[32.8762,40.398],[32.8779,40.3972],[32.8794,40.3985],[32.8784,40.3989],[32.8787,40.3997],[32.8787,40.4012],[32.8817,40.4061],[32.9116,40.4021]]]]}},{"type":"Feature","properties":{"id":"cubuk-yildirim-beyazit"},"geometry":{"type":"MultiPolygon","coordinates":[[[[33.0658,40.2386],[33.0639,40.2372],[33.0627,40.2358],[33.0621,40.2349],[33.0614,40.2332],[33.061,40.2325],[33.0588,40.2302],[33.057,40.2291],[33.0521,40.2272],[33.0502,40.226],[33.0486,40.2239],[33.0423,40.2132],[33.0409,40.2116],[33.0398,40.2107],[33.0358,40.2087],[33.0334,40.2068],[33.0326,40.2064],[33.0326,40.2072],[33.0339,40.2124],[33.0351,40.2188],[33.0347,40.2227],[33.033,40.2357],[33.0328,40.2387],[33.037,40.2389],[33.04,40.2394],[33.047,40.2396],[33.0484,40.2395],[33.0592,40.2383],[33.0703,40.2406],[33.0706,40.2404],[33.0683,40.2398],[33.0658,40.2386]]]]}},{"type":"Feature","properties":{"id":"cubuk-ataturk"},"geometry":{"type":"MultiPolygon","coordinates":[[[[33.0225,40.2404],[33.0273,40.239],[33.0273,40.2371],[33.027,40.2356],[33.0251,40.2332],[33.0249,40.2323],[33.0261,40.2302],[33.0256,40.2257],[33.0253,40.2241],[33.0246,40.2228],[33.0243,40.2219],[33.0252,40.2201],[33.0276,40.219],[33.0306,40.218],[33.0311,40.2177],[33.0314,40.2173],[33.0318,40.2163],[33.0319,40.2154],[33.0321,40.2153],[33.0318,40.2143],[33.03,40.2115],[33.0297,40.2112],[33.0296,40.2114],[33.0291,40.2113],[33.0272,40.2112],[33.0268,40.2109],[33.0267,40.2103],[33.0271,40.2094],[33.0256,40.2062],[33.0255,40.2047],[33.0262,40.2026],[33.0273,40.2017],[33.0273,40.2008],[33.0269,40.2003],[33.0251,40.1999],[33.0242,40.1996],[33.0236,40.1992],[33.023,40.1985],[33.0228,40.1978],[33.0229,40.197],[33.0214,40.1958],[33.0214,40.1952],[33.0211,40.1946],[33.0192,40.1937],[33.0194,40.1934],[33.0171,40.193],[33.0173,40.1943],[33.0169,40.1975],[33.0153,40.2002],[33.0144,40.2026],[33.0128,40.2052],[33.0119,40.208],[33.0093,40.2126],[33.0089,40.2155],[33.0085,40.2168],[33.009,40.2195],[33.0083,40.2205],[33.0073,40.2214],[33.009,40.2216],[33.0093,40.2225],[33.009,40.2241],[33.0067,40.2245],[33.0067,40.2254],[33.0065,40.2261],[33.0068,40.2264],[33.006,40.2269],[33.0058,40.2276],[33.0052,40.2277],[33.0053,40.2283],[33.0038,40.229],[33.0037,40.2302],[33.0039,40.2302],[33.0033,40.2309],[33.0033,40.2315],[33.0022,40.2316],[33.0019,40.232],[33.0014,40.2322],[33.001,40.2334],[33.0043,40.2338],[33.0058,40.2359],[33.0056,40.2366],[33.0059,40.237],[33.0057,40.2381],[33.0103,40.2387],[33.0155,40.2406],[33.0166,40.2403],[33.0191,40.2404],[33.0205,40.2405],[33.0208,40.2407],[33.0225,40.2404]]]]}},{"type":"Feature","properties":{"id":"cubuk-omercik"},"geometry":{"type":"MultiPolygon","coordinates":[[[[33.1052,40.2413],[33.1066,40.2411],[33.1134,40.2381],[33.1202,40.2333],[33.1192,40.2293],[33.1181,40.2271],[33.1173,40.2261],[33.1154,40.2246],[33.1155,40.2237],[33.1142,40.2223],[33.1136,40.2211],[33.1126,40.2201],[33.1115,40.2194],[33.1109,40.2186],[33.11,40.2181],[33.1084,40.2178],[33.1077,40.218],[33.1073,40.2175],[33.1073,40.217],[33.1073,40.2167],[33.1076,40.2165],[33.1064,40.216],[33.1061,40.2161],[33.1058,40.216],[33.1055,40.2158],[33.1054,40.2155],[33.1049,40.2156],[33.1049,40.2148],[33.1046,40.2143],[33.1003,40.2148],[33.0967,40.2147],[33.0926,40.2154],[33.0883,40.2156],[33.0862,40.2159],[33.0789,40.2162],[33.0711,40.2175],[33.0714,40.2176],[33.0712,40.2189],[33.072,40.2195],[33.0725,40.2203],[33.073,40.2223],[33.0739,40.2236],[33.075,40.224],[33.0756,40.2246],[33.0791,40.2274],[33.0796,40.2287],[33.0791,40.229],[33.0809,40.2287],[33.0814,40.2284],[33.0849,40.2316],[33.0859,40.2334],[33.0851,40.2338],[33.0852,40.2345],[33.0859,40.2352],[33.0861,40.2358],[33.0878,40.2377],[33.0881,40.2383],[33.0891,40.2391],[33.0901,40.2409],[33.0908,40.2401],[33.0921,40.2409],[33.0925,40.242],[33.0937,40.243],[33.095,40.2433],[33.0967,40.2445],[33.0978,40.2448],[33.101,40.2462],[33.1034,40.2411],[33.1052,40.2413]]]]}},{"type":"Feature","properties":{"id":"cubuk-kosrelik"},"geometry":{"type":"MultiPolygon","coordinates":[[[[33.18,40.4287],[33.1614,40.4211],[33.1588,40.4234],[33.1514,40.4245],[33.1496,40.4238],[33.1486,40.4231],[33.143,40.4204],[33.1352,40.4205],[33.1262,40.4202],[33.12,40.4088],[33.1139,40.404],[33.1118,40.4056],[33.1082,40.4067],[33.1043,40.4087],[33.0952,40.4097],[33.0874,40.4123],[33.0852,40.4126],[33.082,40.4145],[33.0812,40.4143],[33.0819,40.4153],[33.0841,40.4175],[33.0862,40.4204],[33.0867,40.4232],[33.0866,40.4238],[33.0874,40.4246],[33.089,40.4253],[33.0913,40.427],[33.093,40.4291],[33.093,40.4315],[33.0939,40.4358],[33.0964,40.4398],[33.0982,40.4439],[33.0984,40.4478],[33.0977,40.4513],[33.0954,40.458],[33.0868,40.4575],[33.0813,40.4592],[33.074,40.461],[33.0781,40.4634],[33.1035,40.4648],[33.1076,40.4699],[33.1153,40.4716],[33.1189,40.4706],[33.1245,40.4742],[33.1305,40.4758],[33.1304,40.4806],[33.1416,40.4725],[33.1417,40.472],[33.1367,40.4681],[33.1345,40.4677],[33.1333,40.466],[33.1353,40.4656],[33.1355,40.4642],[33.1378,40.4641],[33.1402,40.4678],[33.145,40.4658],[33.1454,40.4667],[33.1444,40.4684],[33.1468,40.4696],[33.1482,40.4696],[33.1515,40.4671],[33.1538,40.4665],[33.1559,40.4638],[33.1541,40.4618],[33.1554,40.4582],[33.1562,40.4568],[33.1573,40.4559],[33.1607,40.4538],[33.1616,40.4528],[33.162,40.4517],[33.1651,40.4507],[33.1665,40.4487],[33.1675,40.4451],[33.1673,40.4446],[33.1702,40.4422],[33.1718,40.4412],[33.1716,40.4385],[33.1726,40.4374],[33.1741,40.4367],[33.1762,40.435],[33.1778,40.4346],[33.1791,40.4336],[33.1807,40.4318],[33.18,40.4287]]]]}},{"type":"Feature","properties":{"id":"cubuk-akbayir"},"geometry":{"type":"MultiPolygon","coordinates":[[[[33.1888,40.254],[33.1898,40.254],[33.1903,40.2543],[33.1898,40.2527],[33.1884,40.2508],[33.1903,40.2492],[33.1931,40.2487],[33.1937,40.2487],[33.1939,40.2485],[33.1968,40.2483],[33.1996,40.2479],[33.202,40.2473],[33.2047,40.2464],[33.2043,40.2441],[33.2055,40.2407],[33.2048,40.2404],[33.205,40.2396],[33.2049,40.238],[33.2081,40.2353],[33.2112,40.2346],[33.2095,40.2336],[33.2081,40.2322],[33.2051,40.2323],[33.2004,40.2326],[33.1994,40.2316],[33.1965,40.2313],[33.1912,40.2272],[33.1864,40.2256],[33.1842,40.2264],[33.1828,40.2278],[33.1808,40.2307],[33.1792,40.2347],[33.1791,40.2353],[33.1771,40.2355],[33.1744,40.2378],[33.1723,40.2383],[33.1716,40.2394],[33.1702,40.24],[33.1698,40.2405],[33.1699,40.2407],[33.1682,40.2415],[33.1681,40.2433],[33.1677,40.2449],[33.1669,40.2464],[33.1656,40.2473],[33.1645,40.2477],[33.1692,40.249],[33.1738,40.2508],[33.1761,40.2512],[33.1801,40.2525],[33.1823,40.253],[33.1846,40.2542],[33.1869,40.2544],[33.1888,40.254]]]]}},{"type":"Feature","properties":{"id":"cubuk-sarisu"},"geometry":{"type":"MultiPolygon","coordinates":[[[[33.1934,40.4212],[33.1954,40.4201],[33.1958,40.4189],[33.1986,40.4157],[33.2027,40.4145],[33.2081,40.4143],[33.2115,40.4148],[33.2112,40.4127],[33.2118,40.4113],[33.2135,40.4091],[33.2145,40.407],[33.2134,40.4035],[33.2138,40.4004],[33.2136,40.3998],[33.2124,40.3993],[33.2127,40.3984],[33.2131,40.3964],[33.2128,40.3962],[33.2126,40.394],[33.2137,40.3921],[33.2136,40.3906],[33.2141,40.3907],[33.2156,40.39],[33.2157,40.389],[33.2167,40.3879],[33.2147,40.3865],[33.2141,40.3852],[33.2137,40.3849],[33.2116,40.3849],[33.2095,40.3843],[33.2091,40.3844],[33.2058,40.3823],[33.2042,40.3797],[33.2039,40.3795],[33.203,40.38],[33.2022,40.3795],[33.2011,40.3796],[33.2007,40.3793],[33.2,40.3791],[33.1987,40.3791],[33.1967,40.3786],[33.1938,40.3782],[33.1914,40.3793],[33.1905,40.3792],[33.1899,40.3788],[33.1872,40.3818],[33.1843,40.3845],[33.1819,40.3853],[33.1795,40.3858],[33.1777,40.3864],[33.1763,40.3872],[33.1778,40.3884],[33.1791,40.3892],[33.1788,40.3899],[33.1726,40.3911],[33.1682,40.3904],[33.1655,40.3947],[33.1645,40.3956],[33.1634,40.3959],[33.161,40.397],[33.1581,40.3963],[33.1554,40.3962],[33.1546,40.3964],[33.1541,40.4003],[33.1552,40.4029],[33.1518,40.4074],[33.1478,40.4101],[33.1465,40.4105],[33.1449,40.4114],[33.1388,40.4156],[33.1346,40.4178],[33.1262,40.4201],[33.1262,40.4202],[33.1352,40.4205],[33.143,40.4204],[33.1486,40.4231],[33.1496,40.4238],[33.1514,40.4245],[33.1588,40.4234],[33.1614,40.4211],[33.18,40.4287],[33.1806,40.4285],[33.1807,40.4278],[33.1835,40.4267],[33.1874,40.4236],[33.1889,40.4226],[33.1934,40.4212]]]]}},{"type":"Feature","properties":{"id":"cubuk-gumusyayla"},"geometry":{"type":"MultiPolygon","coordinates":[[[[32.8924,40.225],[32.8956,40.2229],[32.8995,40.2239],[32.9006,40.2227],[32.9014,40.2234],[32.9056,40.2229],[32.9068,40.2219],[32.9074,40.2228],[32.9087,40.2242],[32.9095,40.224],[32.9095,40.223],[32.9119,40.2198],[32.9148,40.2178],[32.9076,40.2119],[32.9059,40.207],[32.9044,40.1985],[32.9072,40.1969],[32.9056,40.1866],[32.901,40.1833],[32.8966,40.1835],[32.8948,40.1831],[32.8944,40.1828],[32.8885,40.1845],[32.8881,40.1857],[32.8862,40.1869],[32.8827,40.1853],[32.8836,40.1838],[32.8835,40.1832],[32.8839,40.1828],[32.8832,40.1823],[32.8814,40.1825],[32.8788,40.1848],[32.8779,40.1848],[32.8712,40.1921],[32.8701,40.193],[32.8687,40.1948],[32.8674,40.1977],[32.8662,40.1968],[32.8599,40.1988],[32.8545,40.1985],[32.852,40.197],[32.8503,40.1966],[32.8495,40.1968],[32.8442,40.2002],[32.848,40.2064],[32.8524,40.2092],[32.8527,40.2097],[32.8567,40.2129],[32.8671,40.2168],[32.867,40.2176],[32.8688,40.2173],[32.8719,40.2184],[32.8783,40.2182],[32.8788,40.2187],[32.8852,40.2165],[32.881,40.2219],[32.8843,40.2237],[32.8885,40.2208],[32.8924,40.225]]]]}},{"type":"Feature","properties":{"id":"cubuk-tugla"},"geometry":{"type":"MultiPolygon","coordinates":[[[[32.9129,40.2346],[32.9152,40.2317],[32.9191,40.2345],[32.9196,40.2343],[32.9196,40.2326],[32.9232,40.2334],[32.9243,40.2326],[32.9242,40.2316],[32.9238,40.2302],[32.9227,40.2296],[32.9227,40.2272],[32.9233,40.2268],[32.923,40.2254],[32.9222,40.2241],[32.9202,40.2222],[32.9202,40.2214],[32.9177,40.2194],[32.9166,40.22],[32.9151,40.2195],[32.9148,40.2178],[32.9119,40.2198],[32.9095,40.223],[32.9095,40.224],[32.9087,40.2242],[32.9074,40.2228],[32.9068,40.2219],[32.9056,40.2229],[32.9014,40.2234],[32.9006,40.2227],[32.8995,40.2239],[32.8956,40.2229],[32.8924,40.225],[32.8959,40.2297],[32.8969,40.2318],[32.8991,40.2341],[32.9014,40.238],[32.9033,40.2389],[32.9065,40.2397],[32.9091,40.2391],[32.9116,40.2374],[32.9125,40.2366],[32.9129,40.2346]]]]}},{"type":"Feature","properties":{"id":"cubuk-ozluce"},"geometry":{"type":"MultiPolygon","coordinates":[[[[32.9299,40.3145],[32.9366,40.3129],[32.9341,40.3116],[32.9331,40.3101],[32.9312,40.3088],[32.9327,40.3075],[32.933,40.3061],[32.9339,40.3042],[32.9333,40.3024],[32.9339,40.3014],[32.9341,40.2994],[32.9344,40.2991],[32.9347,40.2986],[32.9321,40.2972],[32.9326,40.2959],[32.9323,40.2949],[32.9346,40.2922],[32.9353,40.2911],[32.9328,40.2828],[32.9315,40.281],[32.9301,40.2782],[32.9272,40.2786],[32.9257,40.2772],[32.9236,40.2757],[32.9218,40.2734],[32.9121,40.277],[32.9129,40.2783],[32.9053,40.2789],[32.8949,40.2846],[32.8958,40.2861],[32.8971,40.2915],[32.8946,40.293],[32.8916,40.2997],[32.883,40.3033],[32.8758,40.3068],[32.8718,40.3133],[32.8689,40.3135],[32.8647,40.3121],[32.8651,40.3142],[32.8646,40.317],[32.8597,40.3177],[32.8595,40.3189],[32.861,40.3204],[32.8672,40.3225],[32.8787,40.3229],[32.9013,40.3229],[32.9133,40.3231],[32.9245,40.3222],[32.9276,40.3164],[32.9299,40.3145]]]]}},{"type":"Feature","properties":{"id":"cubuk-sunlu"},"geometry":{"type":"MultiPolygon","coordinates":[[[[33.0912,40.2155],[33.0916,40.2052],[33.0889,40.2024],[33.089,40.2026],[33.0817,40.203],[33.0779,40.2043],[33.0753,40.2044],[33.0768,40.2008],[33.0757,40.2],[33.0716,40.1999],[33.0673,40.2],[33.0654,40.2003],[33.0648,40.1942],[33.064,40.1945],[33.0597,40.1923],[33.0599,40.192],[33.0577,40.191],[33.0585,40.19],[33.0569,40.189],[33.057,40.1886],[33.0545,40.1867],[33.0536,40.1856],[33.0544,40.1853],[33.0528,40.1833],[33.052,40.1836],[33.0505,40.1815],[33.0498,40.1807],[33.0494,40.18],[33.0496,40.1791],[33.0483,40.1788],[33.0489,40.1774],[33.0483,40.1772],[33.0482,40.1766],[33.0485,40.1759],[33.0468,40.1751],[33.0466,40.1754],[33.0422,40.1741],[33.0417,40.1737],[33.0382,40.1738],[33.037,40.1751],[33.0365,40.1755],[33.036,40.1756],[33.0355,40.1739],[33.0352,40.1739],[33.0353,40.1736],[33.0349,40.1729],[33.0347,40.1668],[33.0345,40.1648],[33.0335,40.1643],[33.0331,40.1649],[33.0312,40.1654],[33.0321,40.1661],[33.0316,40.1668],[33.03,40.1658],[33.0286,40.1666],[33.0246,40.1665],[33.0231,40.1648],[33.0169,40.1666],[33.0154,40.1668],[33.018,40.1741],[33.0207,40.1797],[33.0238,40.187],[33.0283,40.1877],[33.0312,40.1892],[33.0317,40.1906],[33.0336,40.1901],[33.034,40.1898],[33.0355,40.1916],[33.0361,40.1932],[33.041,40.1942],[33.0413,40.1945],[33.0414,40.1955],[33.0505,40.1994],[33.0528,40.2009],[33.0538,40.2023],[33.0555,40.2031],[33.0711,40.2175],[33.0733,40.2172],[33.0783,40.2162],[33.0862,40.2159],[33.0883,40.2156],[33.0912,40.2155]]]]}},{"type":"Feature","properties":{"id":"cubuk-karaman"},"geometry":{"type":"MultiPolygon","coordinates":[[[[33.0037,40.3279],[33.005,40.3267],[33.0077,40.3277],[33.0076,40.3242],[33.0074,40.3224],[33.0075,40.3211],[33.0078,40.3203],[33.0104,40.3168],[33.011,40.3149],[33.0115,40.3144],[33.012,40.3144],[33.0179,40.3121],[33.0147,40.3103],[33.0152,40.3094],[33.0149,40.3068],[33.0149,40.3052],[33.0168,40.3024],[33.0159,40.3004],[33.0171,40.2983],[33.0173,40.2959],[33.0184,40.2919],[33.0164,40.2929],[33.0158,40.2931],[33.015,40.2932],[33.0127,40.2931],[33.0115,40.2949],[33.0111,40.2944],[33.0106,40.2933],[33.0101,40.2931],[33.0095,40.2932],[33.0093,40.2936],[33.0089,40.2934],[33.0067,40.2942],[33.0058,40.2935],[33.0049,40.2934],[33.004,40.2943],[33.0022,40.2937],[33.0018,40.2946],[33.0015,40.2946],[32.999,40.2941],[32.9967,40.2945],[32.9972,40.299],[32.9963,40.3018],[32.9942,40.3059],[32.993,40.3086],[32.993,40.3096],[32.9928,40.3109],[32.9933,40.3135],[32.9933,40.3149],[32.9936,40.3152],[32.9937,40.3161],[32.9935,40.3166],[32.9985,40.322],[33.0014,40.3254],[33.001,40.3255],[33.0004,40.3253],[33.001,40.3287],[33.0017,40.3309],[33.0021,40.3317],[33.0037,40.3279]]]]}},{"type":"Feature","properties":{"id":"cubuk-imamhuseyin"},"geometry":{"type":"MultiPolygon","coordinates":[[[[33.1888,40.2004],[33.1893,40.2004],[33.1906,40.2008],[33.1908,40.2007],[33.1912,40.2],[33.1904,40.1989],[33.1901,40.1982],[33.1901,40.1978],[33.1928,40.1962],[33.1946,40.1956],[33.1959,40.1958],[33.197,40.1957],[33.1998,40.1969],[33.2015,40.1968],[33.2035,40.1972],[33.2059,40.1966],[33.2061,40.1946],[33.2057,40.1926],[33.2045,40.1924],[33.2039,40.192],[33.2038,40.1894],[33.2041,40.1883],[33.2055,40.1878],[33.2062,40.187],[33.2065,40.1857],[33.2069,40.1855],[33.2076,40.1837],[33.2087,40.1795],[33.2086,40.1789],[33.2084,40.1786],[33.208,40.1776],[33.2076,40.1769],[33.2026,40.1757],[33.1979,40.1734],[33.1992,40.1718],[33.2,40.1716],[33.1999,40.171],[33.1959,40.1713],[33.1929,40.1722],[33.1911,40.1716],[33.1891,40.1699],[33.1848,40.1682],[33.183,40.1708],[33.183,40.1742],[33.1782,40.1779],[33.1772,40.1805],[33.1773,40.1838],[33.1771,40.1838],[33.1818,40.1846],[33.184,40.1838],[33.186,40.184],[33.1903,40.1867],[33.1903,40.1881],[33.189,40.1937],[33.187,40.1966],[33.1867,40.2009],[33.1873,40.2011],[33.1888,40.2004]]]]}},{"type":"Feature","properties":{"id":"cubuk-dedeler"},"geometry":{"type":"MultiPolygon","coordinates":[[[[33.1579,40.2759],[33.1556,40.2779],[33.1549,40.2799],[33.1523,40.2807],[33.1491,40.2794],[33.1457,40.2772],[33.1389,40.2758],[33.1373,40.2726],[33.1233,40.2777],[33.1272,40.2813],[33.1332,40.2877],[33.1386,40.2919],[33.1457,40.2946],[33.1498,40.2975],[33.1552,40.2998],[33.1559,40.301],[33.1563,40.3038],[33.1588,40.306],[33.1582,40.3064],[33.1578,40.3073],[33.1544,40.3093],[33.1535,40.3095],[33.1544,40.3109],[33.155,40.3125],[33.1551,40.3143],[33.156,40.3152],[33.1576,40.3151],[33.1578,40.3158],[33.1588,40.3159],[33.1598,40.3144],[33.1613,40.3135],[33.1646,40.3148],[33.166,40.3156],[33.1667,40.3165],[33.165,40.318],[33.164,40.3193],[33.1645,40.3196],[33.1686,40.3164],[33.1703,40.3154],[33.1704,40.3136],[33.171,40.3115],[33.1721,40.3089],[33.1737,40.3062],[33.1753,40.3019],[33.1726,40.3],[33.172,40.2985],[33.1712,40.2972],[33.1713,40.2964],[33.1723,40.2959],[33.1766,40.2928],[33.1773,40.2896],[33.1802,40.2874],[33.1802,40.2863],[33.1787,40.2855],[33.1767,40.2855],[33.1762,40.2852],[33.176,40.2849],[33.1758,40.2839],[33.1762,40.2814],[33.1752,40.28],[33.17,40.2791],[33.1671,40.2783],[33.1656,40.2769],[33.1637,40.276],[33.1585,40.2753],[33.1579,40.2759]]]]}},{"type":"Feature","properties":{"id":"cubuk-camili"},"geometry":{"type":"MultiPolygon","coordinates":[[[[33.187,40.3216],[33.1869,40.3185],[33.1898,40.3148],[33.1946,40.3123],[33.1987,40.3122],[33.2017,40.3115],[33.2075,40.312],[33.2119,40.3107],[33.2161,40.3107],[33.2169,40.3088],[33.2192,40.3066],[33.2221,40.3069],[33.2249,40.3043],[33.2287,40.3014],[33.2294,40.2994],[33.2298,40.2994],[33.2282,40.2976],[33.2269,40.2945],[33.2265,40.2935],[33.2257,40.2883],[33.2253,40.2876],[33.2244,40.287],[33.2223,40.2866],[33.221,40.2857],[33.2205,40.2846],[33.2186,40.2836],[33.2179,40.2825],[33.2176,40.2813],[33.2153,40.2799],[33.2144,40.279],[33.2142,40.2768],[33.2145,40.2735],[33.2142,40.2718],[33.2145,40.2708],[33.2137,40.2696],[33.2148,40.2673],[33.2131,40.2663],[33.2081,40.2606],[33.206,40.2523],[33.2058,40.2481],[33.2047,40.2464],[33.202,40.2473],[33.1996,40.2479],[33.1968,40.2483],[33.1939,40.2485],[33.1937,40.2487],[33.1931,40.2487],[33.1903,40.2492],[33.1884,40.2508],[33.1898,40.2527],[33.1903,40.2543],[33.1893,40.2539],[33.1869,40.2544],[33.1853,40.2544],[33.184,40.254],[33.1823,40.253],[33.1801,40.2525],[33.1786,40.2521],[33.1787,40.2523],[33.176,40.2536],[33.177,40.2553],[33.1771,40.2571],[33.1763,40.2589],[33.1773,40.2596],[33.1768,40.2606],[33.1753,40.262],[33.1748,40.2635],[33.176,40.2653],[33.1768,40.2678],[33.1778,40.272],[33.1771,40.2752],[33.1742,40.2771],[33.1768,40.2798],[33.1779,40.2822],[33.1802,40.2848],[33.1802,40.2874],[33.1773,40.2896],[33.1766,40.2928],[33.1723,40.2959],[33.1713,40.2964],[33.1712,40.2972],[33.172,40.2985],[33.1726,40.3],[33.1753,40.3019],[33.1737,40.3062],[33.1721,40.3089],[33.171,40.3115],[33.1704,40.3136],[33.1703,40.3154],[33.1686,40.3164],[33.1645,40.3196],[33.1668,40.3208],[33.169,40.3199],[33.1684,40.3243],[33.1678,40.3267],[33.1668,40.3288],[33.167,40.3306],[33.1683,40.332],[33.1668,40.3344],[33.169,40.3374],[33.1764,40.3359],[33.1828,40.3336],[33.1836,40.3298],[33.1845,40.3271],[33.187,40.3216]]]]}},{"type":"Feature","properties":{"id":"cubuk-demirci"},"geometry":{"type":"MultiPolygon","coordinates":[[[[33.221,40.3498],[33.2212,40.3489],[33.2244,40.3493],[33.2247,40.3489],[33.2273,40.3491],[33.2288,40.3488],[33.2308,40.3482],[33.2313,40.348],[33.2334,40.3463],[33.2346,40.3459],[33.2355,40.3452],[33.2375,40.3445],[33.2415,40.3423],[33.2404,40.3416],[33.2408,40.3411],[33.2412,40.3409],[33.242,40.3396],[33.2428,40.3398],[33.243,40.3394],[33.2436,40.3389],[33.2438,40.3386],[33.2456,40.3377],[33.2455,40.3374],[33.2458,40.3369],[33.2465,40.3366],[33.2469,40.3365],[33.2478,40.336],[33.2474,40.3354],[33.2482,40.3352],[33.2498,40.3341],[33.2502,40.3343],[33.2512,40.3338],[33.2521,40.3329],[33.2529,40.3325],[33.2528,40.3321],[33.2548,40.3309],[33.2565,40.3306],[33.2565,40.3303],[33.2569,40.33],[33.2588,40.3294],[33.2592,40.3291],[33.2607,40.326],[33.2597,40.3252],[33.2602,40.3248],[33.2601,40.3246],[33.2596,40.3243],[33.2584,40.3241],[33.2572,40.3229],[33.2565,40.3234],[33.2557,40.3238],[33.254,40.3253],[33.2533,40.3254],[33.2524,40.3247],[33.249,40.3269],[33.2458,40.3255],[33.2438,40.325],[33.2431,40.3252],[33.2415,40.3273],[33.2405,40.3271],[33.2382,40.3274],[33.2377,40.3261],[33.2366,40.3257],[33.2355,40.326],[33.2322,40.3276],[33.232,40.3286],[33.2278,40.3276],[33.2278,40.3294],[33.2262,40.3289],[33.2233,40.3287],[33.2231,40.3272],[33.2218,40.3271],[33.2072,40.3224],[33.2038,40.3235],[33.2009,40.3237],[33.1951,40.3211],[33.1937,40.3198],[33.1869,40.3185],[33.187,40.3216],[33.1845,40.3271],[33.1836,40.3298],[33.1828,40.3336],[33.1765,40.3359],[33.18,40.3382],[33.1835,40.339],[33.184,40.3393],[33.185,40.3393],[33.1858,40.3396],[33.187,40.341],[33.188,40.3416],[33.1884,40.3424],[33.1891,40.3425],[33.1912,40.3436],[33.1924,40.3437],[33.193,40.3441],[33.2,40.3438],[33.2018,40.3439],[33.2159,40.348],[33.2175,40.3489],[33.2207,40.3502],[33.221,40.3498]]]]}},{"type":"Feature","properties":{"id":"cubuk-dumlupinar"},"geometry":{"type":"MultiPolygon","coordinates":[[[[32.9434,40.1362],[32.9467,40.1356],[32.9483,40.1366],[32.9486,40.1366],[32.9557,40.1349],[32.9567,40.1304],[32.9548,40.1288],[32.9546,40.1279],[32.9528,40.1269],[32.952,40.1267],[32.9524,40.1241],[32.9536,40.1239],[32.9537,40.1226],[32.954,40.1217],[32.9533,40.1216],[32.9537,40.121],[32.952,40.1207],[32.952,40.12],[32.953,40.1201],[32.9531,40.12],[32.9533,40.12],[32.9549,40.1202],[32.9553,40.1195],[32.9537,40.1189],[32.9532,40.1189],[32.9526,40.1184],[32.9521,40.1181],[32.9513,40.1181],[32.9507,40.1161],[32.9526,40.1145],[32.9549,40.1137],[32.9541,40.1123],[32.9519,40.111],[32.953,40.1102],[32.9558,40.1088],[32.9568,40.1078],[32.9573,40.107],[32.96,40.1051],[32.9578,40.1043],[32.9576,40.1048],[32.9571,40.105],[32.9553,40.1044],[32.9551,40.104],[32.9556,40.1032],[32.9566,40.1032],[32.957,40.1028],[32.957,40.1024],[32.9566,40.1022],[32.9565,40.1017],[32.9579,40.1004],[32.9582,40.1003],[32.959,40.101],[32.959,40.1004],[32.96,40.1002],[32.9595,40.0995],[32.9585,40.0996],[32.958,40.0984],[32.9584,40.0982],[32.9581,40.097],[32.9546,40.0988],[32.954,40.0998],[32.9515,40.1021],[32.9494,40.1013],[32.9467,40.1028],[32.9448,40.103],[32.9453,40.1036],[32.941,40.1046],[32.9392,40.1055],[32.9394,40.1064],[32.9378,40.1065],[32.9377,40.1074],[32.937,40.1075],[32.9369,40.1072],[32.934,40.1079],[32.9288,40.1082],[32.9285,40.1085],[32.9272,40.1088],[32.9266,40.1078],[32.9248,40.1088],[32.9232,40.1086],[32.9216,40.112],[32.9239,40.1131],[32.9273,40.113],[32.928,40.1127],[32.9288,40.1129],[32.9304,40.1148],[32.9304,40.1204],[32.93,40.1215],[32.9281,40.1208],[32.9271,40.1207],[32.9261,40.1195],[32.9254,40.1223],[32.9226,40.1215],[32.922,40.1215],[32.9202,40.1236],[32.9205,40.1249],[32.9196,40.1267],[32.9214,40.1264],[32.9227,40.1291],[32.9251,40.1282],[32.925,40.128],[32.9271,40.1278],[32.9277,40.1287],[32.9289,40.1301],[32.9303,40.1292],[32.9311,40.1297],[32.9332,40.1281],[32.9338,40.1294],[32.9343,40.1308],[32.9345,40.1308],[32.9352,40.1301],[32.9361,40.1296],[32.9365,40.1296],[32.9366,40.1299],[32.9373,40.13],[32.9386,40.1301],[32.9393,40.13],[32.9398,40.1301],[32.9405,40.1311],[32.9391,40.1325],[32.9387,40.1341],[32.9416,40.1366],[32.9434,40.1362]]]]}},{"type":"Feature","properties":{"id":"cubuk-sigirlihaci"},"geometry":{"type":"MultiPolygon","coordinates":[[[[32.9218,40.254],[32.9228,40.254],[32.9233,40.2537],[32.9234,40.2534],[32.9232,40.2522],[32.9237,40.2515],[32.9243,40.2487],[32.9244,40.2467],[32.9243,40.2451],[32.9245,40.2444],[32.9265,40.2445],[32.928,40.2437],[32.9301,40.2435],[32.9328,40.2417],[32.9481,40.2473],[32.9561,40.2459],[32.959,40.2444],[32.9594,40.2443],[32.9599,40.2445],[32.9601,40.2438],[32.9618,40.244],[32.9619,40.2428],[32.9624,40.2417],[32.9624,40.2408],[32.9615,40.2402],[32.9616,40.2394],[32.9625,40.2375],[32.9638,40.2375],[32.9634,40.2362],[32.9652,40.2358],[32.9648,40.2352],[32.9653,40.2349],[32.9666,40.2333],[32.9676,40.2326],[32.9671,40.2311],[32.9678,40.2301],[32.9673,40.23],[32.9676,40.2292],[32.9679,40.2292],[32.9678,40.2288],[32.9666,40.2286],[32.9665,40.228],[32.9672,40.2275],[32.9678,40.2267],[32.9667,40.2262],[32.9668,40.2247],[32.965,40.2233],[32.9641,40.2231],[32.9638,40.2226],[32.9635,40.2206],[32.9633,40.2167],[32.9624,40.2162],[32.9613,40.2161],[32.9591,40.2168],[32.9588,40.2166],[32.9582,40.2166],[32.9579,40.2169],[32.9572,40.2171],[32.9569,40.2167],[32.957,40.2163],[32.9566,40.2157],[32.955,40.2139],[32.9547,40.2132],[32.954,40.2123],[32.9536,40.2134],[32.9532,40.2131],[32.953,40.212],[32.9528,40.212],[32.9523,40.2113],[32.952,40.2114],[32.9511,40.211],[32.9512,40.2106],[32.9511,40.2103],[32.9501,40.2094],[32.9498,40.2088],[32.9499,40.2082],[32.9505,40.2078],[32.9497,40.2072],[32.9497,40.2064],[32.9504,40.2058],[32.9468,40.2062],[32.9466,40.2068],[32.9442,40.2079],[32.9431,40.2073],[32.9419,40.2081],[32.9384,40.2089],[32.9323,40.2079],[32.9322,40.2096],[32.9303,40.2105],[32.9283,40.2101],[32.9283,40.2124],[32.9273,40.2133],[32.9243,40.2126],[32.9229,40.2146],[32.9192,40.2151],[32.9197,40.2161],[32.9188,40.217],[32.9195,40.2185],[32.9202,40.2214],[32.9202,40.2222],[32.9222,40.2241],[32.923,40.2254],[32.9233,40.2268],[32.9227,40.2272],[32.9227,40.2296],[32.9238,40.2302],[32.9242,40.2316],[32.9243,40.2326],[32.9232,40.2334],[32.9196,40.2326],[32.9196,40.2343],[32.9191,40.2345],[32.9152,40.2317],[32.9129,40.2346],[32.9125,40.2366],[32.9116,40.2374],[32.9091,40.2391],[32.9065,40.2397],[32.9074,40.2447],[32.9091,40.2461],[32.918,40.2498],[32.9173,40.2581],[32.9183,40.2584],[32.9194,40.2561],[32.92,40.2557],[32.9208,40.2554],[32.921,40.2547],[32.9218,40.254]]]]}},{"type":"Feature","properties":{"id":"cubuk-durhasan"},"geometry":{"type":"MultiPolygon","coordinates":[[[[32.9505,40.3523],[32.9573,40.3398],[32.9571,40.3394],[32.9572,40.3378],[32.9579,40.3372],[32.9586,40.337],[32.9603,40.335],[32.9614,40.3349],[32.962,40.3342],[32.9624,40.334],[32.9624,40.3336],[32.9697,40.3235],[32.9696,40.3231],[32.968,40.3226],[32.9299,40.3145],[32.9276,40.3164],[32.9245,40.3222],[32.9133,40.3231],[32.9013,40.3229],[32.9002,40.3273],[32.898,40.3298],[32.898,40.3348],[32.8871,40.3394],[32.8842,40.3435],[32.8813,40.3448],[32.8772,40.3452],[32.8751,40.3474],[32.8889,40.3645],[32.8911,40.3608],[32.8968,40.358],[32.9078,40.3514],[32.9104,40.3473],[32.9315,40.3658],[32.9411,40.3658],[32.9505,40.3523]]]]}},{"type":"Feature","properties":{"id":"cubuk-yazlica"},"geometry":{"type":"MultiPolygon","coordinates":[[[[33.0218,40.3346],[33.0224,40.3341],[33.0244,40.3336],[33.0257,40.3327],[33.0279,40.333],[33.0291,40.3315],[33.0306,40.3281],[33.0305,40.326],[33.0315,40.3243],[33.032,40.3244],[33.0319,40.3233],[33.0293,40.3228],[33.0285,40.3216],[33.0269,40.322],[33.0259,40.3216],[33.0254,40.3209],[33.0256,40.3198],[33.0239,40.3179],[33.023,40.3165],[33.0221,40.3158],[33.0219,40.315],[33.0186,40.3134],[33.0179,40.3121],[33.0176,40.3122],[33.012,40.3144],[33.0115,40.3144],[33.011,40.3149],[33.0104,40.3168],[33.0078,40.3203],[33.0075,40.3211],[33.0074,40.3224],[33.0076,40.3242],[33.0077,40.3277],[33.0087,40.3296],[33.0106,40.3315],[33.0122,40.3326],[33.0124,40.3325],[33.0134,40.3328],[33.0141,40.333],[33.0155,40.3341],[33.016,40.3344],[33.0167,40.3344],[33.0182,40.3354],[33.0182,40.3356],[33.0186,40.336],[33.0218,40.3346]]]]}},{"type":"Feature","properties":{"id":"cubuk-eskicote"},"geometry":{"type":"MultiPolygon","coordinates":[[[[33.2177,40.2403],[33.2158,40.2386],[33.2181,40.2377],[33.22,40.2375],[33.2184,40.2352],[33.2197,40.2345],[33.2196,40.2336],[33.221,40.2336],[33.2217,40.232],[33.2206,40.2303],[33.2218,40.2285],[33.2246,40.2264],[33.2251,40.2252],[33.227,40.2244],[33.2282,40.2228],[33.2324,40.2207],[33.2337,40.2208],[33.2346,40.2185],[33.237,40.218],[33.2375,40.2159],[33.2382,40.2154],[33.2381,40.215],[33.237,40.2143],[33.2382,40.2131],[33.2394,40.2107],[33.2408,40.2098],[33.2422,40.2101],[33.2449,40.2068],[33.2459,40.2068],[33.2478,40.2077],[33.2567,40.2046],[33.2559,40.2023],[33.2557,40.1988],[33.2542,40.1965],[33.2526,40.1953],[33.2524,40.194],[33.2493,40.1909],[33.2477,40.1864],[33.2428,40.1894],[33.2408,40.1903],[33.2366,40.1916],[33.2353,40.1914],[33.2331,40.1895],[33.2325,40.1898],[33.2315,40.1899],[33.2299,40.1939],[33.2303,40.1964],[33.2304,40.1988],[33.2301,40.2027],[33.2282,40.2023],[33.2251,40.204],[33.2235,40.2055],[33.2229,40.2063],[33.2207,40.2068],[33.2172,40.206],[33.2176,40.2054],[33.2174,40.2043],[33.2157,40.2032],[33.2148,40.2033],[33.2141,40.2026],[33.2129,40.2018],[33.2121,40.2009],[33.212,40.2005],[33.2123,40.1988],[33.2122,40.1984],[33.2103,40.1976],[33.2074,40.1975],[33.207,40.1968],[33.2067,40.1966],[33.2038,40.1972],[33.203,40.1972],[33.2015,40.1968],[33.1997,40.1969],[33.1968,40.1956],[33.1959,40.1958],[33.1946,40.1956],[33.1928,40.1962],[33.1901,40.1978],[33.1901,40.1982],[33.1904,40.1989],[33.1912,40.2],[33.1907,40.2008],[33.1891,40.2004],[33.1885,40.2005],[33.1873,40.2011],[33.1896,40.202],[33.1904,40.2043],[33.189,40.2056],[33.188,40.2075],[33.188,40.2082],[33.1888,40.2104],[33.19,40.2113],[33.1923,40.2142],[33.1945,40.2157],[33.1951,40.2172],[33.1954,40.219],[33.197,40.2211],[33.1946,40.222],[33.1922,40.2232],[33.1886,40.2245],[33.1864,40.2256],[33.1912,40.2272],[33.1965,40.2313],[33.1994,40.2316],[33.2004,40.2326],[33.2051,40.2323],[33.2081,40.2322],[33.2095,40.2336],[33.2112,40.2346],[33.2081,40.2353],[33.2061,40.2369],[33.2049,40.238],[33.205,40.2396],[33.2048,40.2404],[33.2055,40.2407],[33.2096,40.2394],[33.2104,40.2399],[33.2098,40.2407],[33.2106,40.2433],[33.2124,40.2438],[33.2149,40.2433],[33.2167,40.2417],[33.2177,40.2403]]]]}},{"type":"Feature","properties":{"id":"cubuk-hacilar"},"geometry":{"type":"MultiPolygon","coordinates":[[[[33.0401,40.4272],[33.044,40.4222],[33.0553,40.4227],[33.0574,40.4208],[33.0554,40.4136],[33.0591,40.4046],[33.0626,40.3983],[33.0628,40.3969],[33.057,40.3957],[33.0532,40.3928],[33.0505,40.39],[33.0503,40.3878],[33.0493,40.3871],[33.0429,40.3889],[33.0422,40.3875],[33.0384,40.3884],[33.0344,40.3909],[33.0289,40.3949],[33.0283,40.3955],[33.027,40.3961],[33.0263,40.3987],[33.0243,40.4],[33.0231,40.4014],[33.0213,40.4022],[33.0199,40.4017],[33.0182,40.4018],[33.0174,40.4029],[33.017,40.4005],[33.0162,40.3997],[33.0155,40.3986],[33.0144,40.3967],[33.0132,40.3964],[33.0124,40.3967],[33.0113,40.3966],[33.0108,40.3958],[33.0097,40.3948],[33.0075,40.3948],[33.0057,40.3954],[33.0036,40.395],[33.0015,40.3952],[33.0,40.3948],[32.9987,40.395],[32.9967,40.3962],[32.9959,40.4006],[32.9972,40.4032],[33.001,40.4079],[33.0098,40.4154],[33.0141,40.4168],[33.0145,40.4186],[33.0298,40.4213],[33.0401,40.4272]]]]}},{"type":"Feature","properties":{"id":"cubuk-esenboga-merkez"},"geometry":{"type":"MultiPolygon","coordinates":[[[[33.0146,40.1461],[33.0166,40.1439],[33.0199,40.1394],[33.0199,40.1393],[33.0193,40.1384],[33.0174,40.1344],[33.0144,40.1298],[33.0138,40.1279],[33.0128,40.1269],[33.0116,40.1243],[33.0104,40.1211],[33.005,40.1207],[33.0046,40.1189],[33.0014,40.118],[33.002,40.1171],[33.0,40.117],[32.9961,40.1179],[32.9938,40.1181],[32.9938,40.1173],[32.9902,40.1172],[32.9903,40.1187],[32.9911,40.1187],[32.991,40.1202],[32.9907,40.1203],[32.9887,40.1204],[32.9887,40.1212],[32.9882,40.1214],[32.9859,40.1208],[32.9858,40.1206],[32.9852,40.1208],[32.9836,40.1209],[32.9817,40.1214],[32.9809,40.1209],[32.9794,40.121],[32.9793,40.1218],[32.98,40.1227],[32.9795,40.1239],[32.9793,40.1236],[32.9777,40.124],[32.9774,40.1248],[32.9763,40.1247],[32.9759,40.1248],[32.9755,40.1255],[32.9753,40.1255],[32.9738,40.1268],[32.9734,40.1275],[32.9727,40.1277],[32.9725,40.1276],[32.9719,40.1281],[32.9717,40.129],[32.9723,40.129],[32.9724,40.1293],[32.972,40.1299],[32.9722,40.1301],[32.9726,40.1301],[32.9728,40.1308],[32.9728,40.1312],[32.9723,40.1318],[32.9728,40.1326],[32.9736,40.1331],[32.97,40.1336],[32.97,40.134],[32.9673,40.1347],[32.9644,40.135],[32.9563,40.1353],[32.956,40.1356],[32.9535,40.1369],[32.9533,40.1383],[32.9536,40.1387],[32.9528,40.1405],[32.9522,40.1405],[32.9522,40.1415],[32.9526,40.1422],[32.9543,40.1443],[32.9555,40.1469],[32.9567,40.1463],[32.9621,40.1465],[32.9667,40.1472],[32.9671,40.1475],[32.9688,40.1479],[32.969,40.1487],[32.9706,40.1484],[32.9714,40.1495],[32.9728,40.1511],[32.9711,40.1521],[32.9718,40.1527],[32.9752,40.1514],[32.9783,40.1508],[32.9791,40.1507],[32.9804,40.151],[32.9819,40.1503],[32.9829,40.1502],[32.9843,40.1505],[32.9851,40.1503],[32.9894,40.1487],[32.9894,40.1481],[32.9898,40.1477],[32.9897,40.1473],[32.9913,40.1471],[32.9917,40.1476],[32.9926,40.1478],[32.9958,40.1469],[32.9953,40.1463],[32.9968,40.1453],[32.9971,40.1456],[32.998,40.1447],[32.999,40.1458],[33.002,40.1447],[33.0054,40.1476],[33.0073,40.1495],[33.0087,40.1512],[33.0107,40.1543],[33.0112,40.154],[33.0115,40.1535],[33.0129,40.1484],[33.0135,40.1475],[33.0146,40.1461]]]]}},{"type":"Feature","properties":{"id":"cubuk-yenice"},"geometry":{"type":"MultiPolygon","coordinates":[[[[32.9673,40.1347],[32.97,40.134],[32.97,40.1336],[32.9736,40.1331],[32.9728,40.1326],[32.9723,40.1318],[32.9728,40.1312],[32.9728,40.1308],[32.9726,40.1301],[32.9722,40.1301],[32.972,40.1299],[32.9724,40.1293],[32.9723,40.129],[32.9717,40.129],[32.9719,40.1281],[32.9725,40.1276],[32.9727,40.1277],[32.9734,40.1275],[32.9738,40.1268],[32.9753,40.1255],[32.9755,40.1255],[32.9759,40.1248],[32.9763,40.1247],[32.9774,40.1248],[32.9777,40.124],[32.9793,40.1236],[32.9795,40.1239],[32.98,40.1227],[32.9793,40.1218],[32.9794,40.121],[32.9809,40.1209],[32.9817,40.1214],[32.9836,40.1209],[32.9852,40.1208],[32.9858,40.1206],[32.9859,40.1208],[32.9882,40.1214],[32.9887,40.1212],[32.9887,40.1204],[32.9907,40.1203],[32.991,40.1202],[32.9911,40.1187],[32.9903,40.1187],[32.9902,40.1172],[32.9938,40.1173],[32.9938,40.1181],[32.9961,40.1179],[32.9998,40.1171],[32.995,40.1151],[32.9917,40.1141],[32.9909,40.114],[32.9883,40.1141],[32.9881,40.1136],[32.9899,40.1133],[32.9896,40.1122],[32.9886,40.1112],[32.9883,40.1111],[32.9874,40.1113],[32.9862,40.11],[32.9841,40.1109],[32.9826,40.1111],[32.9823,40.1107],[32.9825,40.1095],[32.9819,40.1093],[32.9794,40.1079],[32.98,40.1068],[32.9788,40.1062],[32.9785,40.1055],[32.9773,40.1056],[32.977,40.1046],[32.977,40.104],[32.9762,40.1034],[32.9759,40.1029],[32.976,40.1026],[32.9759,40.102],[32.9761,40.102],[32.9749,40.0979],[32.9737,40.0983],[32.9704,40.0971],[32.9703,40.095],[32.969,40.0935],[32.967,40.0929],[32.9651,40.0945],[32.9636,40.0989],[32.9597,40.0979],[32.9584,40.0982],[32.9581,40.0983],[32.9585,40.0996],[32.9595,40.0995],[32.96,40.1002],[32.959,40.1004],[32.959,40.101],[32.9582,40.1003],[32.9579,40.1004],[32.9565,40.1017],[32.9566,40.1022],[32.957,40.1024],[32.957,40.1028],[32.9566,40.1032],[32.9556,40.1032],[32.9551,40.104],[32.9553,40.1044],[32.9571,40.105],[32.9576,40.1048],[32.9578,40.1043],[32.96,40.1051],[32.9573,40.107],[32.9568,40.1078],[32.9558,40.1088],[32.953,40.1102],[32.9519,40.111],[32.9541,40.1123],[32.9549,40.1137],[32.9526,40.1145],[32.9507,40.1161],[32.9513,40.1181],[32.9521,40.1181],[32.9526,40.1184],[32.9532,40.1189],[32.9537,40.1189],[32.9553,40.1195],[32.9549,40.1202],[32.9533,40.12],[32.9531,40.12],[32.953,40.1201],[32.952,40.12],[32.952,40.1207],[32.9537,40.121],[32.9533,40.1216],[32.954,40.1217],[32.9537,40.1226],[32.9536,40.1239],[32.9524,40.1241],[32.952,40.1267],[32.9528,40.1269],[32.9546,40.1279],[32.9548,40.1288],[32.9567,40.1304],[32.9557,40.1349],[32.9563,40.1353],[32.9644,40.135],[32.9673,40.1347]]]]}},{"type":"Feature","properties":{"id":"cubuk-yukari-cavundur"},"geometry":{"type":"MultiPolygon","coordinates":[[[[33.0813,40.4592],[33.0868,40.4575],[33.0954,40.458],[33.0977,40.4513],[33.0981,40.4494],[33.0984,40.4478],[33.0982,40.4455],[33.0984,40.4447],[33.0982,40.4439],[33.0964,40.4398],[33.0939,40.4358],[33.093,40.4315],[33.093,40.4291],[33.0913,40.427],[33.089,40.4253],[33.0874,40.4246],[33.0866,40.4238],[33.0867,40.4232],[33.0862,40.4204],[33.0841,40.4175],[33.0819,40.4153],[33.0812,40.4143],[33.082,40.4145],[33.0852,40.4126],[33.0874,40.4123],[33.0952,40.4097],[33.1043,40.4087],[33.1082,40.4067],[33.1118,40.4056],[33.1141,40.4039],[33.1113,40.4016],[33.1096,40.3986],[33.1093,40.3963],[33.1086,40.3857],[33.1059,40.3826],[33.1059,40.3795],[33.0976,40.3778],[33.0985,40.372],[33.0964,40.3694],[33.0966,40.3629],[33.0954,40.3615],[33.0935,40.3598],[33.0936,40.3584],[33.0922,40.3559],[33.0901,40.3543],[33.0877,40.3536],[33.0872,40.3485],[33.0876,40.3456],[33.0843,40.3437],[33.0821,40.3429],[33.0804,40.3432],[33.0793,40.3419],[33.077,40.342],[33.07,40.3382],[33.0687,40.3359],[33.0659,40.3348],[33.0658,40.3336],[33.064,40.3327],[33.0637,40.3327],[33.0638,40.3332],[33.0646,40.3346],[33.0639,40.3367],[33.0645,40.3379],[33.064,40.3399],[33.0605,40.3453],[33.06,40.3456],[33.057,40.3465],[33.0557,40.3485],[33.0555,40.3508],[33.0558,40.3526],[33.0564,40.3547],[33.0564,40.3558],[33.0489,40.3568],[33.0455,40.3581],[33.0446,40.3605],[33.0452,40.3621],[33.0451,40.3643],[33.0436,40.3661],[33.0438,40.3668],[33.0433,40.3687],[33.0449,40.3699],[33.045,40.3708],[33.0448,40.3719],[33.0439,40.3742],[33.0445,40.3744],[33.0445,40.3769],[33.0469,40.3814],[33.0481,40.3862],[33.0503,40.3878],[33.0505,40.39],[33.0532,40.3928],[33.057,40.3957],[33.0628,40.3969],[33.0626,40.3983],[33.0591,40.4046],[33.0554,40.4136],[33.0574,40.4208],[33.0553,40.4227],[33.044,40.4222],[33.0401,40.4272],[33.0426,40.4331],[33.0455,40.4358],[33.0511,40.4406],[33.0539,40.4443],[33.0584,40.4485],[33.0566,40.4575],[33.0595,40.4569],[33.0678,40.4573],[33.074,40.461],[33.0813,40.4592]]]]}},{"type":"Feature","properties":{"id":"cubuk-sarikoz"},"geometry":{"type":"MultiPolygon","coordinates":[[[[33.0147,40.3536],[33.0199,40.3519],[33.021,40.3507],[33.0202,40.3492],[33.0185,40.3468],[33.0175,40.345],[33.0176,40.3436],[33.0169,40.3425],[33.0165,40.3421],[33.0161,40.3414],[33.0162,40.3402],[33.0164,40.3398],[33.0167,40.3398],[33.0174,40.3363],[33.0186,40.336],[33.0182,40.3356],[33.0182,40.3354],[33.0167,40.3344],[33.016,40.3344],[33.0155,40.3341],[33.0141,40.333],[33.0134,40.3328],[33.0124,40.3325],[33.0122,40.3326],[33.0106,40.3315],[33.0087,40.3296],[33.0077,40.3277],[33.005,40.3267],[33.0037,40.3279],[33.0021,40.3317],[32.9982,40.333],[32.996,40.3346],[32.9945,40.3361],[32.9941,40.3372],[32.9933,40.34],[32.9937,40.343],[32.995,40.3443],[32.996,40.3443],[32.9957,40.3452],[32.9962,40.3453],[32.9989,40.3488],[33.001,40.35],[33.0064,40.3535],[33.0099,40.3551],[33.012,40.3549],[33.0147,40.3536]]]]}},{"type":"Feature","properties":{"id":"cubuk-kizilca"},"geometry":{"type":"MultiPolygon","coordinates":[[[[32.9307,40.1574],[32.9314,40.1568],[32.9316,40.1564],[32.9315,40.1551],[32.9321,40.1542],[32.9331,40.1543],[32.9347,40.1532],[32.9349,40.1534],[32.9374,40.1511],[32.9387,40.1502],[32.9398,40.1499],[32.9413,40.1487],[32.9418,40.1479],[32.9407,40.147],[32.9411,40.1465],[32.942,40.1459],[32.9427,40.1459],[32.9443,40.1456],[32.9447,40.1453],[32.945,40.1443],[32.9455,40.1438],[32.9463,40.1435],[32.9471,40.1428],[32.9474,40.1412],[32.9485,40.1401],[32.9489,40.139],[32.9488,40.138],[32.9509,40.138],[32.951,40.1371],[32.9535,40.1369],[32.956,40.1356],[32.9563,40.1353],[32.9557,40.1349],[32.9486,40.1366],[32.9483,40.1366],[32.9467,40.1356],[32.9416,40.1366],[32.9387,40.1341],[32.9391,40.1325],[32.9405,40.1311],[32.9398,40.1301],[32.9393,40.13],[32.9386,40.1301],[32.9373,40.13],[32.9366,40.1299],[32.9365,40.1296],[32.9361,40.1296],[32.9352,40.1301],[32.9345,40.1308],[32.9343,40.1308],[32.9338,40.1294],[32.9332,40.1281],[32.9311,40.1297],[32.9303,40.1292],[32.9289,40.1301],[32.9277,40.1287],[32.9271,40.1278],[32.925,40.128],[32.9251,40.1282],[32.9227,40.1291],[32.9214,40.1264],[32.9196,40.1267],[32.9196,40.1275],[32.9148,40.1275],[32.9136,40.1287],[32.913,40.1285],[32.9115,40.1301],[32.9121,40.1309],[32.9132,40.1315],[32.9126,40.1339],[32.9115,40.1348],[32.9122,40.1357],[32.9087,40.1361],[32.9088,40.1363],[32.9102,40.1373],[32.91,40.1388],[32.9116,40.1389],[32.9124,40.1395],[32.9128,40.1407],[32.9122,40.1407],[32.9117,40.1421],[32.9123,40.1424],[32.9115,40.1441],[32.9104,40.145],[32.9102,40.1459],[32.9123,40.1461],[32.9123,40.1469],[32.9145,40.1469],[32.9147,40.15],[32.914,40.1501],[32.9135,40.1495],[32.9125,40.1504],[32.9105,40.1496],[32.9094,40.1506],[32.9084,40.1524],[32.91,40.1531],[32.912,40.1533],[32.9173,40.1549],[32.9199,40.156],[32.9224,40.1562],[32.9244,40.1559],[32.926,40.1559],[32.9274,40.1561],[32.9303,40.157],[32.9307,40.1574]]]]}},{"type":"Feature","properties":{"id":"cubuk-meliksah"},"geometry":{"type":"MultiPolygon","coordinates":[[[[32.964,40.1816],[32.9655,40.1797],[32.9664,40.1801],[32.9661,40.1769],[32.9669,40.1753],[32.9698,40.1769],[32.9703,40.1751],[32.9716,40.1738],[32.9739,40.1724],[32.9749,40.1711],[32.9755,40.1688],[32.9755,40.1677],[32.9754,40.1668],[32.9749,40.1662],[32.9747,40.1649],[32.9755,40.1638],[32.9755,40.1612],[32.9768,40.1573],[32.9776,40.1561],[32.9784,40.1543],[32.9806,40.1508],[32.9804,40.151],[32.9791,40.1507],[32.9783,40.1508],[32.9752,40.1514],[32.9718,40.1527],[32.9711,40.1521],[32.9728,40.1511],[32.9714,40.1495],[32.9706,40.1484],[32.969,40.1487],[32.9688,40.1479],[32.9671,40.1475],[32.9667,40.1472],[32.9621,40.1465],[32.9567,40.1463],[32.9555,40.1469],[32.9543,40.1443],[32.9526,40.1422],[32.9522,40.1415],[32.9522,40.1405],[32.9528,40.1405],[32.9536,40.1387],[32.9533,40.1383],[32.9535,40.1369],[32.951,40.1371],[32.9509,40.138],[32.9488,40.138],[32.9489,40.139],[32.9485,40.1401],[32.9474,40.1412],[32.9471,40.1428],[32.9463,40.1435],[32.9455,40.1438],[32.945,40.1443],[32.9447,40.1453],[32.9443,40.1456],[32.9427,40.1459],[32.942,40.1459],[32.9411,40.1465],[32.9407,40.147],[32.9418,40.1479],[32.9413,40.1487],[32.9398,40.1499],[32.9387,40.1502],[32.9374,40.1511],[32.9349,40.1534],[32.9347,40.1532],[32.9331,40.1543],[32.9321,40.1542],[32.9315,40.1551],[32.9316,40.1564],[32.9303,40.158],[32.9294,40.1594],[32.9295,40.1608],[32.9282,40.1625],[32.9269,40.163],[32.9248,40.1657],[32.924,40.1654],[32.9234,40.1655],[32.9231,40.166],[32.9235,40.1668],[32.9253,40.1676],[32.9254,40.1698],[32.9268,40.1707],[32.9282,40.171],[32.9292,40.1709],[32.932,40.1718],[32.9324,40.1716],[32.9357,40.1734],[32.9374,40.1751],[32.9379,40.1747],[32.9398,40.1742],[32.9422,40.1746],[32.9444,40.1742],[32.9452,40.1744],[32.9452,40.1746],[32.9466,40.1747],[32.9472,40.1785],[32.9479,40.1811],[32.9497,40.1834],[32.9531,40.1849],[32.9555,40.1855],[32.9577,40.1857],[32.9593,40.186],[32.9596,40.1848],[32.9607,40.1847],[32.9622,40.1838],[32.9645,40.1833],[32.9646,40.1823],[32.964,40.1816]]]]}},{"type":"Feature","properties":{"id":"cubuk-avciova"},"geometry":{"type":"MultiPolygon","coordinates":[[[[33.0566,40.4575],[33.0584,40.4485],[33.0539,40.4443],[33.0511,40.4406],[33.0455,40.4358],[33.0426,40.4331],[33.0401,40.4271],[33.0298,40.4213],[33.0145,40.4186],[33.0141,40.4168],[33.0098,40.4154],[33.001,40.4079],[33.0,40.4107],[32.9986,40.4112],[32.9971,40.4143],[32.9962,40.4151],[32.9966,40.418],[32.9946,40.4184],[32.9845,40.4259],[32.9951,40.4357],[32.9995,40.4383],[33.0051,40.4438],[33.0102,40.4495],[33.0147,40.4538],[33.0155,40.4591],[33.0239,40.4683],[33.0306,40.4715],[33.036,40.4678],[33.0366,40.4656],[33.0406,40.4644],[33.0456,40.464],[33.0532,40.4614],[33.0566,40.4575]]]]}},{"type":"Feature","properties":{"id":"cubuk-karaagac"},"geometry":{"type":"MultiPolygon","coordinates":[[[[33.0083,40.2806],[33.0068,40.2778],[33.0068,40.2744],[33.0065,40.2743],[33.0066,40.2736],[33.0069,40.2735],[33.007,40.2716],[33.0066,40.2699],[33.0056,40.2698],[33.0051,40.2693],[33.0079,40.268],[33.007,40.2667],[33.0046,40.2682],[33.0034,40.2675],[33.001,40.2666],[32.9995,40.2685],[32.9984,40.2687],[32.9973,40.2655],[32.9971,40.2661],[32.9973,40.2668],[32.9952,40.2671],[32.9936,40.2664],[32.9936,40.2673],[32.992,40.2678],[32.9879,40.2681],[32.9864,40.27],[32.9865,40.2704],[32.9854,40.2718],[32.9833,40.2719],[32.983,40.2723],[32.9825,40.2723],[32.9814,40.2732],[32.9815,40.2736],[32.9828,40.2751],[32.9831,40.2764],[32.9827,40.2782],[32.9843,40.2807],[32.9855,40.2817],[32.9845,40.2828],[32.9856,40.2844],[32.9851,40.2853],[32.9854,40.2869],[32.9851,40.2875],[32.9852,40.2883],[32.9871,40.2878],[32.9875,40.2888],[32.9873,40.2918],[32.9884,40.2918],[32.9875,40.2935],[32.9937,40.2953],[32.9951,40.2926],[32.9967,40.2947],[32.9967,40.2945],[32.999,40.2941],[33.0015,40.2946],[33.0018,40.2946],[33.0022,40.2937],[33.004,40.2943],[33.0049,40.2934],[33.0058,40.2935],[33.0067,40.2942],[33.0089,40.2934],[33.0093,40.2936],[33.0095,40.2932],[33.0101,40.2931],[33.0106,40.2933],[33.0111,40.2944],[33.0115,40.2949],[33.0127,40.2931],[33.015,40.2932],[33.0158,40.2931],[33.0164,40.2929],[33.0184,40.2919],[33.017,40.287],[33.0151,40.2869],[33.0136,40.2866],[33.0132,40.2863],[33.013,40.2859],[33.0118,40.2852],[33.0095,40.2832],[33.0083,40.2806]]]]}},{"type":"Feature","properties":{"id":"cubuk-citkoy"},"geometry":{"type":"MultiPolygon","coordinates":[[[[33.0263,40.3759],[33.0302,40.3742],[33.0338,40.3747],[33.0361,40.374],[33.0379,40.3725],[33.0382,40.3716],[33.0397,40.3709],[33.0421,40.3705],[33.045,40.3708],[33.0449,40.3699],[33.0433,40.3687],[33.0438,40.3668],[33.0436,40.3661],[33.0451,40.3643],[33.0452,40.3621],[33.0446,40.3605],[33.0455,40.3581],[33.0489,40.3568],[33.0564,40.3558],[33.0564,40.3547],[33.0558,40.3526],[33.0555,40.3508],[33.0557,40.3485],[33.057,40.3465],[33.0565,40.3464],[33.056,40.3471],[33.0557,40.3473],[33.0525,40.3481],[33.0508,40.3482],[33.0498,40.3479],[33.0481,40.3465],[33.0471,40.3466],[33.0459,40.3465],[33.0455,40.3463],[33.0449,40.3458],[33.0439,40.3456],[33.0436,40.3448],[33.0412,40.3438],[33.0398,40.343],[33.0371,40.3418],[33.0373,40.3408],[33.0349,40.3405],[33.0315,40.3411],[33.0248,40.3426],[33.0209,40.3448],[33.0185,40.3468],[33.0202,40.3492],[33.021,40.3507],[33.0199,40.3519],[33.0161,40.3532],[33.0166,40.3542],[33.0174,40.3549],[33.0183,40.3543],[33.0215,40.3542],[33.0228,40.355],[33.0234,40.3589],[33.0235,40.3617],[33.0253,40.3638],[33.0249,40.3665],[33.0242,40.3695],[33.0261,40.3709],[33.0257,40.3726],[33.0262,40.376],[33.0263,40.3759]]]]}},{"type":"Feature","properties":{"id":"cubuk-tahtayazi"},"geometry":{"type":"MultiPolygon","coordinates":[[[[33.017,40.287],[33.0184,40.2919],[33.0173,40.2959],[33.0171,40.2983],[33.0159,40.3004],[33.0168,40.3024],[33.0149,40.3052],[33.0149,40.3068],[33.0152,40.3094],[33.0147,40.3103],[33.0179,40.3121],[33.0186,40.3134],[33.0219,40.315],[33.0221,40.3158],[33.023,40.3165],[33.0239,40.3179],[33.0256,40.3198],[33.0254,40.3209],[33.0259,40.3216],[33.0269,40.322],[33.0285,40.3216],[33.0293,40.3228],[33.0319,40.3233],[33.032,40.3244],[33.0331,40.3257],[33.0368,40.3285],[33.038,40.33],[33.0393,40.3301],[33.0412,40.3283],[33.0427,40.3276],[33.0448,40.3279],[33.0466,40.3295],[33.0488,40.331],[33.0494,40.3327],[33.0504,40.3332],[33.0517,40.3344],[33.0537,40.3348],[33.0574,40.3349],[33.0587,40.334],[33.064,40.3327],[33.0658,40.3336],[33.0659,40.3348],[33.0687,40.3359],[33.07,40.3382],[33.077,40.342],[33.0793,40.3419],[33.0804,40.3432],[33.0821,40.3429],[33.0843,40.3437],[33.0862,40.3428],[33.0878,40.3407],[33.0878,40.3365],[33.0862,40.3326],[33.0839,40.3281],[33.0837,40.326],[33.0843,40.3243],[33.0854,40.3222],[33.0872,40.3208],[33.0856,40.3197],[33.0845,40.3185],[33.0832,40.3165],[33.0828,40.3152],[33.0824,40.3144],[33.0808,40.3122],[33.0799,40.3113],[33.0776,40.3105],[33.0766,40.3069],[33.0736,40.3035],[33.0707,40.2972],[33.0688,40.2913],[33.0661,40.2915],[33.0653,40.2921],[33.0646,40.2917],[33.0646,40.2906],[33.0652,40.2893],[33.066,40.2865],[33.0679,40.2848],[33.069,40.2835],[33.0682,40.2823],[33.0665,40.2813],[33.0657,40.2801],[33.0641,40.2793],[33.0614,40.2776],[33.0603,40.2775],[33.0592,40.2765],[33.0581,40.2775],[33.0553,40.2785],[33.0542,40.2779],[33.0537,40.277],[33.0531,40.2771],[33.0527,40.2764],[33.0514,40.275],[33.0507,40.2748],[33.0493,40.2739],[33.0468,40.2739],[33.0446,40.2778],[33.0405,40.2796],[33.0356,40.2826],[33.0318,40.2826],[33.031,40.283],[33.0201,40.2804],[33.0191,40.2834],[33.0187,40.2838],[33.0185,40.2846],[33.0187,40.2859],[33.0181,40.2867],[33.017,40.287]]]]}},{"type":"Feature","properties":{"id":"cubuk-okcular"},"geometry":{"type":"MultiPolygon","coordinates":[[[[33.0174,40.4029],[33.0182,40.4018],[33.0199,40.4017],[33.0213,40.4022],[33.0231,40.4014],[33.0243,40.4],[33.0263,40.3987],[33.027,40.3961],[33.0283,40.3955],[33.0289,40.3949],[33.0344,40.3909],[33.0384,40.3884],[33.0422,40.3875],[33.0429,40.3889],[33.0493,40.3871],[33.0481,40.3862],[33.0469,40.3814],[33.0445,40.3769],[33.0445,40.3744],[33.0439,40.3742],[33.0448,40.3719],[33.045,40.3708],[33.0421,40.3705],[33.0397,40.3709],[33.0382,40.3716],[33.0379,40.3725],[33.0361,40.374],[33.0338,40.3747],[33.0302,40.3742],[33.0263,40.3759],[33.0237,40.3777],[33.0184,40.3794],[33.0139,40.3819],[33.0089,40.3835],[33.0061,40.3875],[33.0019,40.3889],[32.9991,40.3884],[32.9926,40.3916],[32.9881,40.3922],[32.9903,40.3936],[32.993,40.395],[32.9967,40.3962],[32.9987,40.395],[33.0,40.3948],[33.0015,40.3952],[33.0036,40.395],[33.0057,40.3954],[33.0075,40.3948],[33.0097,40.3948],[33.0108,40.3958],[33.0113,40.3966],[33.0124,40.3967],[33.0132,40.3964],[33.0144,40.3967],[33.0155,40.3986],[33.0162,40.3997],[33.017,40.4005],[33.0174,40.4029]]]]}},{"type":"Feature","properties":{"id":"cubuk-guldarpi"},"geometry":{"type":"MultiPolygon","coordinates":[[[[33.0116,40.169],[33.0139,40.1685],[33.0141,40.1687],[33.0159,40.1681],[33.0154,40.1668],[33.0169,40.1666],[33.0231,40.1648],[33.0246,40.1665],[33.0286,40.1666],[33.03,40.1658],[33.0316,40.1668],[33.0321,40.1661],[33.0312,40.1654],[33.0331,40.1649],[33.0336,40.1641],[33.0361,40.1613],[33.0366,40.1617],[33.0374,40.1604],[33.0393,40.1605],[33.0377,40.1591],[33.036,40.1586],[33.0361,40.1562],[33.0364,40.1558],[33.0323,40.1516],[33.0298,40.1502],[33.0269,40.1489],[33.0224,40.1472],[33.0191,40.1457],[33.0166,40.1439],[33.0135,40.1475],[33.0129,40.1484],[33.0115,40.1535],[33.0112,40.154],[33.0107,40.1543],[33.0087,40.1512],[33.0073,40.1495],[33.0054,40.1476],[33.002,40.1447],[32.999,40.1458],[32.998,40.1447],[32.9971,40.1456],[32.9968,40.1453],[32.9953,40.1463],[32.9958,40.1469],[32.9926,40.1478],[32.9917,40.1476],[32.9913,40.1471],[32.9897,40.1473],[32.9898,40.1477],[32.9894,40.1481],[32.9894,40.1487],[32.9851,40.1503],[32.9843,40.1505],[32.9829,40.1502],[32.9819,40.1503],[32.9806,40.1508],[32.9784,40.1543],[32.9776,40.1561],[32.9768,40.1573],[32.9755,40.1612],[32.9755,40.1638],[32.9747,40.1649],[32.9749,40.1662],[32.9754,40.1668],[32.9755,40.1677],[32.9755,40.1688],[32.9771,40.1671],[32.9781,40.1674],[32.9781,40.1659],[32.979,40.165],[32.9804,40.1651],[32.9828,40.1661],[32.9843,40.1656],[32.9854,40.1666],[32.9868,40.1658],[32.9879,40.1667],[32.9887,40.1656],[32.9906,40.1648],[32.9912,40.1657],[32.9908,40.1661],[32.993,40.1671],[32.9965,40.1647],[32.9985,40.1684],[33.0023,40.168],[33.0033,40.1681],[33.0037,40.1686],[33.0074,40.1683],[33.0083,40.1698],[33.0116,40.169]]]]}},{"type":"Feature","properties":{"id":"cubuk-mahmutoglan"},"geometry":{"type":"MultiPolygon","coordinates":[[[[32.9926,40.3916],[32.9991,40.3884],[33.0019,40.3889],[33.0061,40.3875],[33.0089,40.3835],[33.0139,40.3819],[33.0184,40.3794],[33.0237,40.3777],[33.0262,40.376],[33.0257,40.3726],[33.0261,40.3709],[33.0242,40.3695],[33.0249,40.3665],[33.0253,40.3638],[33.0235,40.3617],[33.0234,40.3589],[33.0228,40.355],[33.0215,40.3542],[33.0183,40.3543],[33.0174,40.3549],[33.0166,40.3542],[33.0161,40.3532],[33.0147,40.3536],[33.012,40.3549],[33.0098,40.3551],[33.0082,40.3542],[33.0064,40.3535],[33.001,40.35],[32.9989,40.3488],[32.9962,40.3453],[32.9935,40.3446],[32.991,40.3456],[32.9896,40.3478],[32.9885,40.3484],[32.9871,40.3466],[32.9849,40.3451],[32.9798,40.3467],[32.9789,40.3476],[32.9783,40.3479],[32.9804,40.352],[32.979,40.3563],[32.9846,40.3578],[32.983,40.3608],[32.983,40.3613],[32.9821,40.3628],[32.9822,40.3629],[32.9822,40.3633],[32.9818,40.3636],[32.9851,40.3671],[32.9775,40.3711],[32.9799,40.3853],[32.983,40.3853],[32.9873,40.3884],[32.9881,40.3922],[32.9926,40.3916]]]]}},{"type":"Feature","properties":{"id":"cubuk-yavuzselim"},"geometry":{"type":"MultiPolygon","coordinates":[[[[33.069,40.2835],[33.0741,40.2744],[33.0726,40.2713],[33.072,40.2707],[33.0719,40.2696],[33.0648,40.266],[33.0644,40.2654],[33.0638,40.265],[33.0633,40.2649],[33.0616,40.2655],[33.0606,40.2654],[33.0602,40.2648],[33.0579,40.2634],[33.0576,40.2628],[33.0567,40.262],[33.0573,40.2616],[33.0586,40.2615],[33.0586,40.2612],[33.0575,40.2608],[33.057,40.2589],[33.0572,40.2586],[33.0546,40.2568],[33.0554,40.2563],[33.0561,40.2564],[33.0564,40.2558],[33.0563,40.2553],[33.0547,40.2553],[33.0555,40.2542],[33.0555,40.2534],[33.0553,40.2533],[33.0557,40.2516],[33.0554,40.2513],[33.0562,40.2508],[33.0568,40.2507],[33.0566,40.2503],[33.0549,40.2493],[33.0556,40.249],[33.0575,40.246],[33.0573,40.2456],[33.0574,40.2446],[33.0582,40.2429],[33.0593,40.2428],[33.059,40.2383],[33.0484,40.2395],[33.047,40.2396],[33.04,40.2394],[33.037,40.2389],[33.0339,40.2387],[33.0327,40.2387],[33.0319,40.2389],[33.0273,40.239],[33.0277,40.2426],[33.0287,40.2444],[33.0287,40.2472],[33.0282,40.2489],[33.0286,40.2489],[33.0307,40.2502],[33.0304,40.2506],[33.0291,40.2514],[33.0292,40.2519],[33.0302,40.2528],[33.0313,40.254],[33.0332,40.2516],[33.0336,40.2514],[33.0341,40.2514],[33.0342,40.2508],[33.0345,40.2505],[33.0349,40.2506],[33.0361,40.2521],[33.0368,40.2524],[33.0388,40.2571],[33.0418,40.2561],[33.0459,40.2607],[33.0461,40.2607],[33.047,40.2614],[33.0459,40.271],[33.0468,40.2739],[33.0493,40.2739],[33.0507,40.2748],[33.0514,40.275],[33.0527,40.2764],[33.0531,40.2771],[33.0537,40.277],[33.0542,40.2779],[33.0553,40.2785],[33.0581,40.2775],[33.0592,40.2765],[33.0603,40.2775],[33.0614,40.2776],[33.0641,40.2793],[33.0657,40.2801],[33.0665,40.2813],[33.0682,40.2823],[33.069,40.2835]]]]}},{"type":"Feature","properties":{"id":"cubuk-asagicavundur"},"geometry":{"type":"MultiPolygon","coordinates":[[[[33.0191,40.2834],[33.0201,40.2804],[33.031,40.283],[33.0318,40.2826],[33.0356,40.2826],[33.0405,40.2796],[33.0446,40.2778],[33.0468,40.2739],[33.0459,40.271],[33.047,40.2614],[33.0461,40.2607],[33.0459,40.2607],[33.0418,40.2561],[33.0388,40.2571],[33.0368,40.2524],[33.0361,40.2521],[33.0349,40.2506],[33.0345,40.2505],[33.0342,40.2508],[33.0341,40.2514],[33.0336,40.2514],[33.0332,40.2516],[33.0313,40.254],[33.0302,40.2528],[33.0292,40.2519],[33.0291,40.2514],[33.0304,40.2506],[33.0307,40.2502],[33.0286,40.2489],[33.0284,40.249],[33.028,40.25],[33.0271,40.2516],[33.0273,40.2517],[33.0241,40.2525],[33.023,40.2532],[33.0226,40.2537],[33.0227,40.2542],[33.0226,40.2557],[33.0221,40.2557],[33.0207,40.2561],[33.0205,40.2556],[33.02,40.2554],[33.0206,40.2547],[33.0189,40.2542],[33.0179,40.2543],[33.0167,40.2566],[33.0161,40.257],[33.0132,40.2555],[33.0127,40.2557],[33.0111,40.2572],[33.0089,40.2586],[33.007,40.2595],[33.0051,40.2609],[33.0032,40.2614],[33.0026,40.2611],[33.0018,40.2614],[33.0015,40.2618],[33.0017,40.2628],[32.9989,40.2639],[33.001,40.2666],[33.0034,40.2675],[33.0046,40.2682],[33.007,40.2667],[33.0079,40.268],[33.0051,40.2693],[33.0056,40.2698],[33.0066,40.2699],[33.007,40.2716],[33.0069,40.2735],[33.0066,40.2736],[33.0065,40.2743],[33.0068,40.2744],[33.0068,40.2778],[33.0095,40.2832],[33.0118,40.2852],[33.013,40.2859],[33.0132,40.2863],[33.0136,40.2866],[33.0163,40.2871],[33.0181,40.2867],[33.0187,40.2859],[33.0185,40.2846],[33.0187,40.2838],[33.0191,40.2834]]]]}},{"type":"Feature","properties":{"id":"cubuk-sele"},"geometry":{"type":"MultiPolygon","coordinates":[[[[33.0564,40.3466],[33.0565,40.3464],[33.057,40.3465],[33.0585,40.346],[33.06,40.3456],[33.0605,40.3453],[33.064,40.3399],[33.0645,40.3379],[33.0639,40.3367],[33.0646,40.3346],[33.0638,40.3332],[33.0637,40.3327],[33.0587,40.334],[33.0574,40.3349],[33.0537,40.3348],[33.0517,40.3344],[33.0504,40.3332],[33.0494,40.3327],[33.0488,40.331],[33.0466,40.3295],[33.0448,40.3279],[33.0427,40.3276],[33.0412,40.3283],[33.0393,40.3301],[33.038,40.33],[33.0374,40.3291],[33.0359,40.3277],[33.0331,40.3257],[33.032,40.3244],[33.0315,40.3243],[33.0305,40.326],[33.0306,40.3281],[33.0291,40.3315],[33.0279,40.333],[33.0257,40.3327],[33.0244,40.3336],[33.0224,40.3341],[33.0202,40.3354],[33.0174,40.3363],[33.0167,40.3398],[33.0164,40.3398],[33.0162,40.3402],[33.0161,40.3414],[33.0165,40.3421],[33.0169,40.3425],[33.0176,40.3436],[33.0175,40.345],[33.0185,40.3468],[33.0209,40.3448],[33.0248,40.3426],[33.0315,40.3411],[33.0349,40.3405],[33.0373,40.3408],[33.0371,40.3418],[33.0398,40.343],[33.0412,40.3438],[33.0436,40.3448],[33.0439,40.3456],[33.0449,40.3458],[33.0455,40.3463],[33.0459,40.3465],[33.0471,40.3466],[33.0481,40.3465],[33.0498,40.3479],[33.0508,40.3482],[33.0525,40.3481],[33.0557,40.3473],[33.056,40.3471],[33.0564,40.3466]]]]}},{"type":"Feature","properties":{"id":"kecioren-atapark"},"geometry":{"type":"MultiPolygon","coordinates":[[[[32.8505,40.0142],[32.8505,40.014],[32.8514,40.0142],[32.8521,40.0139],[32.8513,40.0125],[32.8507,40.0125],[32.8493,40.0089],[32.8509,40.0086],[32.851,40.0079],[32.8515,40.0072],[32.8538,40.0071],[32.8549,40.0068],[32.8548,40.0063],[32.8545,40.0064],[32.8514,40.0061],[32.8516,40.0056],[32.8511,40.0028],[32.85,40.0012],[32.8487,40.0014],[32.8469,40.0011],[32.8469,40.0008],[32.8459,40.0001],[32.844,39.9999],[32.8439,40.0005],[32.8425,40.0005],[32.8427,40.0019],[32.842,40.002],[32.8418,40.0015],[32.841,40.0016],[32.8408,40.0021],[32.8385,40.0021],[32.8387,40.0013],[32.8374,40.0012],[32.8369,40.0048],[32.8371,40.0061],[32.8377,40.0074],[32.8373,40.0096],[32.8385,40.0097],[32.8409,40.012],[32.8417,40.0132],[32.8419,40.0142],[32.8454,40.0144],[32.8452,40.0176],[32.8449,40.0185],[32.8458,40.0188],[32.8464,40.0192],[32.8502,40.0149],[32.8505,40.0142]]]]}},{"type":"Feature","properties":{"id":"kecioren-pinarbasi"},"geometry":{"type":"MultiPolygon","coordinates":[[[[32.8657,40.005],[32.8656,40.0048],[32.8669,40.0047],[32.8678,40.0042],[32.8685,40.0031],[32.8703,40.0017],[32.8716,39.9999],[32.8667,39.9989],[32.8647,39.9991],[32.8633,39.9989],[32.863,39.9985],[32.8628,39.9974],[32.8624,39.9973],[32.8601,39.9954],[32.8587,39.9937],[32.8583,39.9939],[32.8574,39.9948],[32.8571,39.9953],[32.8561,40.001],[32.8561,40.0019],[32.8558,40.0027],[32.8558,40.0037],[32.8552,40.005],[32.8549,40.0068],[32.8552,40.0073],[32.8556,40.0074],[32.8597,40.0077],[32.8623,40.0073],[32.8645,40.0064],[32.866,40.0063],[32.866,40.0056],[32.8657,40.005]]]]}},{"type":"Feature","properties":{"id":"kecioren-kuscagiz"},"geometry":{"type":"MultiPolygon","coordinates":[[[[32.8561,40.0013],[32.8571,39.9951],[32.858,39.9942],[32.8593,39.9931],[32.858,39.9921],[32.8567,39.9918],[32.8558,39.994],[32.8552,39.9938],[32.8547,39.9932],[32.8547,39.9929],[32.8544,39.9921],[32.8514,39.9905],[32.8507,39.99],[32.8503,39.9899],[32.8503,39.9894],[32.8499,39.9894],[32.8475,39.9904],[32.8461,39.9912],[32.8455,39.991],[32.8447,39.9914],[32.8445,39.9908],[32.8446,39.9898],[32.8439,39.9901],[32.8435,39.9907],[32.8435,39.9937],[32.8433,39.9948],[32.8416,39.9946],[32.8414,39.9953],[32.8398,39.9962],[32.8389,39.9971],[32.8379,39.9969],[32.8379,39.9997],[32.8374,40.0012],[32.8387,40.0013],[32.8385,40.0021],[32.8408,40.0021],[32.841,40.0016],[32.8418,40.0015],[32.842,40.002],[32.8427,40.0019],[32.8425,40.0005],[32.8439,40.0005],[32.844,39.9999],[32.8459,40.0001],[32.8469,40.0008],[32.8469,40.0011],[32.8487,40.0014],[32.85,40.0012],[32.8511,40.0027],[32.8516,40.0053],[32.8514,40.0061],[32.8545,40.0064],[32.8548,40.0063],[32.8552,40.005],[32.8558,40.0037],[32.8558,40.0027],[32.8561,40.0019],[32.8561,40.0013]]]]}},{"type":"Feature","properties":{"id":"kecioren-kafkas"},"geometry":{"type":"MultiPolygon","coordinates":[[[[32.8603,40.0293],[32.8584,40.0288],[32.8542,40.0293],[32.8529,40.0299],[32.852,40.0315],[32.8429,40.0324],[32.8424,40.0352],[32.8454,40.0386],[32.8473,40.0382],[32.8486,40.0378],[32.8505,40.0368],[32.8568,40.0332],[32.8602,40.031],[32.8612,40.0295],[32.8603,40.0293]]]]}},{"type":"Feature","properties":{"id":"kecioren-basinevleri"},"geometry":{"type":"MultiPolygon","coordinates":[[[[32.8539,39.977],[32.8534,39.9764],[32.855,39.9755],[32.8552,39.9739],[32.8578,39.9723],[32.8575,39.9719],[32.8573,39.9714],[32.8569,39.9712],[32.8581,39.9692],[32.8582,39.9683],[32.8578,39.9665],[32.8573,39.9658],[32.8519,39.9649],[32.853,39.9671],[32.8512,39.9694],[32.8505,39.9707],[32.8501,39.9717],[32.8499,39.9725],[32.8492,39.9737],[32.8495,39.9738],[32.8494,39.9746],[32.8501,39.9751],[32.85,39.9755],[32.8505,39.9768],[32.8504,39.9772],[32.8514,39.977],[32.8516,39.9774],[32.8526,39.9775],[32.8539,39.9782],[32.8545,39.9777],[32.8545,39.9775],[32.8543,39.9771],[32.8539,39.977]]]]}},{"type":"Feature","properties":{"id":"kecioren-senlik"},"geometry":{"type":"MultiPolygon","coordinates":[[[[32.8727,39.999],[32.8735,39.9982],[32.8745,39.9952],[32.8747,39.9921],[32.8753,39.9907],[32.8741,39.9901],[32.8736,39.9901],[32.8697,39.9913],[32.8678,39.9932],[32.8663,39.9946],[32.8656,39.9942],[32.8638,39.994],[32.8628,39.9974],[32.863,39.9985],[32.8633,39.9989],[32.8647,39.9991],[32.8667,39.9989],[32.8716,39.9999],[32.8727,39.999]]]]}},{"type":"Feature","properties":{"id":"kecioren-guzelyurt"},"geometry":{"type":"MultiPolygon","coordinates":[[[[32.8874,40.0061],[32.888,40.0065],[32.8886,40.0065],[32.8893,40.0061],[32.8899,40.006],[32.8905,40.0055],[32.8899,40.0029],[32.8899,40.0022],[32.8897,40.002],[32.8891,40.002],[32.8893,40.0029],[32.8856,40.0042],[32.8855,40.004],[32.8813,40.0055],[32.882,40.0065],[32.8821,40.0078],[32.8826,40.008],[32.8832,40.0087],[32.8836,40.0089],[32.8843,40.0087],[32.8859,40.0067],[32.8874,40.0061]]]]}},{"type":"Feature","properties":{"id":"kecioren-uyanis"},"geometry":{"type":"MultiPolygon","coordinates":[[[[32.869,40.0115],[32.8694,40.0108],[32.8712,40.0095],[32.8714,40.0068],[32.8719,40.0061],[32.8735,40.0046],[32.8733,40.0023],[32.8716,39.9999],[32.8703,40.0017],[32.8685,40.0031],[32.8678,40.0042],[32.8667,40.0048],[32.8656,40.0048],[32.866,40.0056],[32.866,40.0063],[32.8636,40.0086],[32.8636,40.011],[32.863,40.0119],[32.8657,40.0114],[32.8674,40.0126],[32.8685,40.0121],[32.869,40.0115]]]]}},{"type":"Feature","properties":{"id":"kecioren-yakacik"},"geometry":{"type":"MultiPolygon","coordinates":[[[[32.8737,39.99],[32.8741,39.9901],[32.8753,39.9907],[32.8754,39.99],[32.8753,39.9881],[32.8683,39.9878],[32.8683,39.9871],[32.8676,39.9865],[32.8654,39.9855],[32.8648,39.9855],[32.8641,39.9857],[32.8655,39.9873],[32.8659,39.9882],[32.8661,39.9888],[32.8662,39.9914],[32.8659,39.9921],[32.8638,39.994],[32.8656,39.9942],[32.8663,39.9946],[32.8678,39.9932],[32.8695,39.9913],[32.8737,39.99]]]]}},{"type":"Feature","properties":{"id":"kecioren-aktepe"},"geometry":{"type":"MultiPolygon","coordinates":[[[[32.8892,40.0019],[32.8909,40.0022],[32.8911,40.0014],[32.8908,40.0003],[32.891,40.0002],[32.891,40.0],[32.8907,40.0],[32.8903,39.9983],[32.89,39.9984],[32.8899,39.9981],[32.8902,39.9981],[32.89,39.9973],[32.8839,39.9977],[32.8838,39.9999],[32.884,40.0009],[32.8856,40.0042],[32.8893,40.0029],[32.8891,40.002],[32.8892,40.0019]]]]}},{"type":"Feature","properties":{"id":"kecioren-23-nisan"},"geometry":{"type":"MultiPolygon","coordinates":[[[[32.8803,40.0034],[32.8799,40.0026],[32.8771,40.0035],[32.8772,40.0044],[32.8786,40.0067],[32.8761,40.008],[32.8772,40.0089],[32.8781,40.01],[32.8792,40.011],[32.8793,40.0122],[32.8794,40.0124],[32.8814,40.0105],[32.8824,40.0101],[32.8823,40.0097],[32.8827,40.0092],[32.8821,40.008],[32.8821,40.0072],[32.8819,40.0063],[32.8803,40.0034]]]]}},{"type":"Feature","properties":{"id":"kecioren-sancaktepe"},"geometry":{"type":"MultiPolygon","coordinates":[[[[32.8216,39.9997],[32.8198,39.9966],[32.8194,39.9954],[32.8193,39.9908],[32.82,39.9881],[32.8182,39.9879],[32.8182,39.9885],[32.8174,39.9883],[32.8165,39.9884],[32.8165,39.9886],[32.8158,39.9886],[32.8156,39.9884],[32.8147,39.9881],[32.8145,39.9883],[32.8133,39.9885],[32.8114,39.99],[32.8113,39.9903],[32.8113,39.9909],[32.8105,39.992],[32.8106,39.9935],[32.8109,39.9953],[32.8107,39.9979],[32.8098,39.9999],[32.8107,40.0001],[32.8139,39.9997],[32.8142,40.0005],[32.8164,39.9995],[32.8164,40.0007],[32.8176,40.0007],[32.8176,40.003],[32.8173,40.0034],[32.8175,40.0037],[32.8233,40.0031],[32.8216,39.9997]]]]}},{"type":"Feature","properties":{"id":"kecioren-yukseltepe"},"geometry":{"type":"MultiPolygon","coordinates":[[[[32.8164,40.0007],[32.8164,39.9995],[32.8142,40.0005],[32.8139,39.9997],[32.8107,40.0001],[32.8098,39.9999],[32.8107,39.998],[32.8107,39.9974],[32.8072,39.9995],[32.804,40.0021],[32.7992,40.0032],[32.7981,40.0037],[32.7974,40.0045],[32.797,40.0068],[32.7966,40.0076],[32.7965,40.0099],[32.7964,40.0103],[32.794,40.0117],[32.7928,40.0134],[32.7921,40.0137],[32.7904,40.0157],[32.7891,40.0181],[32.7884,40.0186],[32.7932,40.0218],[32.7981,40.0246],[32.797,40.0256],[32.8024,40.0301],[32.8045,40.0306],[32.8069,40.0289],[32.8126,40.0233],[32.8154,40.0134],[32.8199,40.009],[32.8173,40.0034],[32.8176,40.003],[32.8176,40.0007],[32.8164,40.0007]]]]}},{"type":"Feature","properties":{"id":"kecioren-yayla"},"geometry":{"type":"MultiPolygon","coordinates":[[[[32.8307,40.0057],[32.8342,39.9987],[32.8342,39.9983],[32.8336,39.9976],[32.8336,39.996],[32.8343,39.9954],[32.8344,39.9948],[32.832,39.9935],[32.8321,39.9925],[32.8326,39.9912],[32.8324,39.9908],[32.832,39.9906],[32.8306,39.9906],[32.8291,39.9899],[32.8287,39.9893],[32.8285,39.9885],[32.8289,39.9867],[32.8297,39.9861],[32.8314,39.9856],[32.8323,39.9848],[32.8328,39.9838],[32.8299,39.9846],[32.8252,39.9844],[32.8243,39.9845],[32.8237,39.9849],[32.8231,39.9858],[32.8226,39.9864],[32.8211,39.9875],[32.82,39.9881],[32.8193,39.9908],[32.8193,39.9944],[32.8196,39.9961],[32.8233,40.0031],[32.8242,40.0032],[32.8268,40.0027],[32.8277,40.0054],[32.8289,40.0052],[32.8307,40.0057]]]]}},{"type":"Feature","properties":{"id":"kecioren-ovacik"},"geometry":{"type":"MultiPolygon","coordinates":[[[[32.8424,40.0352],[32.8429,40.0324],[32.8425,40.0322],[32.8436,40.0304],[32.8461,40.0292],[32.8461,40.0281],[32.8451,40.027],[32.8441,40.027],[32.8439,40.0251],[32.8435,40.0251],[32.8433,40.0226],[32.8449,40.0209],[32.846,40.019],[32.8449,40.0185],[32.8452,40.0176],[32.8454,40.0144],[32.8419,40.0142],[32.8417,40.0132],[32.8409,40.012],[32.8385,40.0097],[32.8373,40.0096],[32.8377,40.0074],[32.8371,40.0061],[32.8339,40.0066],[32.8292,40.0053],[32.8277,40.0054],[32.8268,40.0027],[32.8242,40.0032],[32.8234,40.0031],[32.8175,40.0037],[32.8199,40.009],[32.8154,40.0134],[32.8126,40.0233],[32.8069,40.0289],[32.8045,40.0306],[32.8068,40.0312],[32.8137,40.0346],[32.8153,40.0341],[32.8212,40.0335],[32.8257,40.0377],[32.8347,40.0403],[32.8404,40.04],[32.8421,40.0367],[32.8424,40.0352]]]]}},{"type":"Feature","properties":{"id":"kecioren-hisar"},"geometry":{"type":"MultiPolygon","coordinates":[[[[32.8406,40.0549],[32.8413,40.0533],[32.8417,40.0517],[32.8417,40.0498],[32.8427,40.05],[32.8424,40.0462],[32.8421,40.0442],[32.8418,40.0432],[32.8418,40.0427],[32.8429,40.0403],[32.8433,40.0398],[32.8454,40.0386],[32.8424,40.0352],[32.8421,40.0367],[32.8404,40.04],[32.8347,40.0403],[32.8257,40.0377],[32.8212,40.0335],[32.8153,40.0341],[32.8137,40.0346],[32.8068,40.0312],[32.8029,40.0302],[32.8017,40.0312],[32.8042,40.0339],[32.8037,40.0341],[32.8037,40.0343],[32.8061,40.0366],[32.8055,40.0369],[32.8077,40.039],[32.8065,40.0396],[32.8066,40.0404],[32.8058,40.0419],[32.8061,40.042],[32.8051,40.0438],[32.8052,40.0447],[32.8061,40.0459],[32.8064,40.0474],[32.8072,40.0477],[32.8066,40.0483],[32.8065,40.0486],[32.808,40.049],[32.8071,40.0504],[32.8072,40.0506],[32.8067,40.0511],[32.8069,40.0512],[32.8063,40.0522],[32.8076,40.0525],[32.8075,40.0532],[32.8064,40.0533],[32.8063,40.0541],[32.8034,40.0539],[32.8032,40.059],[32.8058,40.0663],[32.7906,40.0778],[32.7912,40.0812],[32.7869,40.0838],[32.7866,40.0841],[32.7861,40.0855],[32.786,40.0865],[32.7861,40.0876],[32.787,40.0888],[32.7873,40.0903],[32.7872,40.0912],[32.7869,40.0924],[32.7861,40.0933],[32.7826,40.0953],[32.7812,40.0965],[32.7962,40.0956],[32.7957,40.0932],[32.7961,40.0918],[32.7964,40.0912],[32.7964,40.0897],[32.7979,40.0885],[32.8006,40.0874],[32.8042,40.0866],[32.8055,40.0839],[32.8071,40.083],[32.8081,40.0817],[32.8101,40.0805],[32.812,40.0782],[32.8133,40.0774],[32.815,40.077],[32.8174,40.0759],[32.8215,40.0749],[32.8259,40.0735],[32.8316,40.0709],[32.8337,40.0695],[32.8357,40.0679],[32.8365,40.0663],[32.8375,40.0631],[32.8394,40.0596],[32.8401,40.056],[32.8406,40.0549]]]]}},{"type":"Feature","properties":{"id":"kecioren-tepebasi"},"geometry":{"type":"MultiPolygon","coordinates":[[[[32.8624,39.9788],[32.8623,39.9785],[32.8599,39.9793],[32.8598,39.9796],[32.8591,39.9835],[32.8589,39.9851],[32.8595,39.9868],[32.8591,39.9887],[32.8595,39.9905],[32.8603,39.9923],[32.8587,39.9937],[32.8601,39.9954],[32.8624,39.9973],[32.8628,39.9974],[32.8638,39.9939],[32.8659,39.9921],[32.8662,39.9914],[32.8661,39.9888],[32.8659,39.9882],[32.8655,39.9873],[32.8638,39.9853],[32.8634,39.9845],[32.8642,39.9828],[32.8641,39.9814],[32.8634,39.9797],[32.8624,39.9788]]]]}},{"type":"Feature","properties":{"id":"kecioren-kosk"},"geometry":{"type":"MultiPolygon","coordinates":[[[[32.8799,40.0026],[32.8794,40.0013],[32.8794,40.0005],[32.8749,40.0008],[32.874,40.0009],[32.8727,40.0015],[32.8734,40.0027],[32.8736,40.0047],[32.8744,40.0056],[32.8753,40.0071],[32.8761,40.008],[32.8786,40.0067],[32.8772,40.0044],[32.8771,40.0035],[32.8799,40.0026]]]]}},{"type":"Feature","properties":{"id":"kecioren-kalaba"},"geometry":{"type":"MultiPolygon","coordinates":[[[[32.8671,39.9787],[32.8671,39.9778],[32.8676,39.9774],[32.8678,39.9768],[32.8683,39.9767],[32.8683,39.976],[32.8687,39.9753],[32.8678,39.974],[32.8657,39.9732],[32.8651,39.972],[32.8653,39.9696],[32.8654,39.9693],[32.8653,39.9673],[32.8657,39.9667],[32.8658,39.966],[32.8645,39.9653],[32.8631,39.965],[32.8616,39.9658],[32.8608,39.9674],[32.8609,39.9692],[32.8619,39.9715],[32.8606,39.9759],[32.8599,39.977],[32.8599,39.9793],[32.8623,39.9785],[32.8626,39.979],[32.8634,39.9797],[32.8641,39.9814],[32.8642,39.9829],[32.8653,39.9809],[32.8667,39.9794],[32.8671,39.9787]]]]}},{"type":"Feature","properties":{"id":"kecioren-kamil-ocak"},"geometry":{"type":"MultiPolygon","coordinates":[[[[32.8839,39.9865],[32.8842,39.9861],[32.8847,39.9864],[32.8857,39.9858],[32.8853,39.9851],[32.8858,39.9846],[32.8862,39.9847],[32.8876,39.9832],[32.8868,39.9828],[32.8867,39.9828],[32.8853,39.9822],[32.8849,39.9818],[32.8848,39.9787],[32.8838,39.9788],[32.8842,39.9796],[32.8827,39.9802],[32.8798,39.9813],[32.8789,39.9811],[32.8777,39.983],[32.8774,39.9837],[32.8775,39.9873],[32.8801,39.988],[32.8816,39.9892],[32.883,39.988],[32.8839,39.9865]]]]}},{"type":"Feature","properties":{"id":"kecioren-karargahtepe"},"geometry":{"type":"MultiPolygon","coordinates":[[[[32.8599,39.9776],[32.8599,39.977],[32.8606,39.9759],[32.8619,39.9715],[32.8609,39.9692],[32.8608,39.9677],[32.8609,39.9672],[32.8616,39.9658],[32.8605,39.9663],[32.8578,39.9665],[32.8582,39.9683],[32.8582,39.9689],[32.8569,39.9712],[32.8573,39.9714],[32.8575,39.9719],[32.8578,39.9723],[32.8552,39.9739],[32.855,39.9755],[32.8534,39.9764],[32.8545,39.9774],[32.8545,39.9777],[32.8539,39.9782],[32.8558,39.9791],[32.8573,39.9795],[32.8598,39.9796],[32.8599,39.9776]]]]}},{"type":"Feature","properties":{"id":"kecioren-kavacik-subayevleri"},"geometry":{"type":"MultiPolygon","coordinates":[[[[32.8721,39.965],[32.8679,39.9617],[32.8656,39.9592],[32.8633,39.9593],[32.8609,39.9591],[32.8613,39.9606],[32.8631,39.965],[32.8645,39.9653],[32.8658,39.966],[32.8657,39.9667],[32.8653,39.9673],[32.8654,39.9693],[32.8653,39.9696],[32.8651,39.972],[32.8657,39.9732],[32.8681,39.9743],[32.8687,39.9753],[32.8683,39.976],[32.8683,39.9767],[32.8683,39.9772],[32.8687,39.9776],[32.8697,39.9776],[32.871,39.9772],[32.8715,39.9767],[32.8717,39.9758],[32.8721,39.9753],[32.8747,39.9738],[32.8757,39.9737],[32.8756,39.9734],[32.8757,39.9731],[32.8774,39.9711],[32.8737,39.9665],[32.8721,39.965]]]]}},{"type":"Feature","properties":{"id":"kecioren-guclukaya"},"geometry":{"type":"MultiPolygon","coordinates":[[[[32.8753,39.988],[32.8753,39.9835],[32.875,39.9819],[32.8719,39.9789],[32.871,39.9785],[32.8671,39.9778],[32.867,39.979],[32.8653,39.9809],[32.8634,39.9843],[32.8635,39.9848],[32.864,39.9856],[32.8641,39.9857],[32.8648,39.9855],[32.8654,39.9855],[32.8679,39.9867],[32.8683,39.9872],[32.8683,39.9878],[32.8753,39.988]]]]}},{"type":"Feature","properties":{"id":"kecioren-gumusdere"},"geometry":{"type":"MultiPolygon","coordinates":[[[[32.8631,39.9651],[32.8613,39.9606],[32.8609,39.9591],[32.8504,39.9577],[32.8471,39.9604],[32.8497,39.9612],[32.8506,39.9616],[32.8522,39.9627],[32.8531,39.9638],[32.8537,39.9642],[32.8542,39.9652],[32.8571,39.9657],[32.8575,39.966],[32.8578,39.9665],[32.8605,39.9663],[32.8631,39.9651]]]]}},{"type":"Feature","properties":{"id":"kecioren-haskoy"},"geometry":{"type":"MultiPolygon","coordinates":[[[[32.8849,39.9755],[32.8838,39.9743],[32.8828,39.9736],[32.8792,39.9722],[32.8774,39.9711],[32.8756,39.9732],[32.8756,39.9734],[32.8759,39.9735],[32.8768,39.9737],[32.8788,39.976],[32.8799,39.9765],[32.8804,39.9764],[32.8814,39.9755],[32.8822,39.9753],[32.8826,39.9754],[32.8836,39.976],[32.8848,39.9775],[32.8849,39.9818],[32.8852,39.9822],[32.8867,39.9828],[32.8868,39.9828],[32.886,39.9817],[32.8855,39.9769],[32.8849,39.9755]]]]}},{"type":"Feature","properties":{"id":"kecioren-sefkat"},"geometry":{"type":"MultiPolygon","coordinates":[[[[32.8785,39.9817],[32.8789,39.9811],[32.8798,39.9813],[32.8842,39.9796],[32.8838,39.9788],[32.8848,39.9787],[32.8849,39.9778],[32.8848,39.9774],[32.8836,39.976],[32.8826,39.9754],[32.8822,39.9753],[32.8814,39.9755],[32.8804,39.9764],[32.8799,39.9765],[32.8788,39.976],[32.8768,39.9737],[32.8756,39.9734],[32.8757,39.9737],[32.8747,39.9738],[32.8721,39.9753],[32.8713,39.9769],[32.8707,39.9773],[32.8689,39.9776],[32.8684,39.9773],[32.8683,39.9767],[32.8681,39.9767],[32.8678,39.9769],[32.8675,39.9775],[32.8671,39.9778],[32.871,39.9785],[32.8719,39.9789],[32.8748,39.9818],[32.8751,39.9822],[32.8753,39.9833],[32.8753,39.9874],[32.8775,39.9873],[32.8774,39.9837],[32.8777,39.983],[32.8785,39.9817]]]]}},{"type":"Feature","properties":{"id":"kecioren-karakaya"},"geometry":{"type":"MultiPolygon","coordinates":[[[[32.8472,40.0501],[32.8471,40.0498],[32.848,40.0497],[32.8499,40.0486],[32.8498,40.0474],[32.8511,40.0464],[32.8519,40.0447],[32.8525,40.0425],[32.8527,40.0423],[32.8545,40.0414],[32.8551,40.0415],[32.8606,40.0389],[32.8607,40.0386],[32.8609,40.0346],[32.8614,40.0335],[32.8639,40.0311],[32.8645,40.029],[32.8614,40.0292],[32.8602,40.031],[32.8568,40.0332],[32.8486,40.0378],[32.8473,40.0382],[32.8454,40.0386],[32.8433,40.0398],[32.8429,40.0403],[32.8418,40.0427],[32.8418,40.0432],[32.8421,40.0442],[32.8424,40.0462],[32.8427,40.05],[32.8454,40.0499],[32.8471,40.0504],[32.8472,40.0501]]]]}},{"type":"Feature","properties":{"id":"kecioren-senyuva"},"geometry":{"type":"MultiPolygon","coordinates":[[[[32.8877,40.0213],[32.8891,40.0223],[32.8882,40.0237],[32.8928,40.024],[32.8931,40.0237],[32.8939,40.0236],[32.8961,40.023],[32.8962,40.0228],[32.8963,40.0205],[32.8982,40.0146],[32.8982,40.014],[32.8969,40.0086],[32.8969,40.0075],[32.8974,40.0066],[32.8991,40.005],[32.8993,40.0043],[32.8991,40.0036],[32.898,40.0024],[32.8977,40.0018],[32.8962,40.0035],[32.8958,40.0042],[32.8946,40.0048],[32.8942,40.0049],[32.8936,40.0044],[32.8932,40.0044],[32.8931,40.0047],[32.8927,40.005],[32.8914,40.0053],[32.8906,40.0053],[32.8904,40.0057],[32.8886,40.0065],[32.888,40.0065],[32.8874,40.0061],[32.8868,40.0062],[32.8857,40.0069],[32.8843,40.0087],[32.8837,40.0088],[32.8833,40.0087],[32.8827,40.0081],[32.8821,40.0078],[32.8821,40.0082],[32.8827,40.0091],[32.8823,40.0097],[32.8824,40.0101],[32.8814,40.0105],[32.8803,40.0115],[32.8797,40.0122],[32.8792,40.0124],[32.8792,40.0128],[32.879,40.013],[32.8785,40.0131],[32.8779,40.013],[32.8775,40.0134],[32.8764,40.0137],[32.876,40.014],[32.8737,40.0145],[32.8733,40.0149],[32.8732,40.0155],[32.8728,40.016],[32.8725,40.0161],[32.8718,40.016],[32.8715,40.0166],[32.8707,40.0171],[32.8707,40.018],[32.8698,40.0183],[32.8694,40.0194],[32.8674,40.0211],[32.8679,40.0213],[32.8736,40.0251],[32.8733,40.0261],[32.8748,40.0304],[32.8824,40.0286],[32.8841,40.0263],[32.884,40.0241],[32.8845,40.0235],[32.8869,40.022],[32.8877,40.0213]]]]}},{"type":"Feature","properties":{"id":"kecioren-kosrelik"},"geometry":{"type":"MultiPolygon","coordinates":[[[[32.8684,40.0998],[32.8685,40.0983],[32.8676,40.098],[32.8691,40.0964],[32.871,40.0957],[32.8713,40.0949],[32.8739,40.0945],[32.8749,40.0924],[32.8773,40.0909],[32.879,40.0916],[32.8805,40.0915],[32.8824,40.0844],[32.8803,40.0759],[32.8814,40.0746],[32.8793,40.0742],[32.878,40.0734],[32.8767,40.0713],[32.875,40.0699],[32.8738,40.0683],[32.8734,40.0674],[32.8737,40.067],[32.869,40.0655],[32.8683,40.0644],[32.868,40.0618],[32.8688,40.0603],[32.8645,40.0613],[32.8599,40.0596],[32.8593,40.059],[32.8572,40.0592],[32.8567,40.0607],[32.8567,40.0614],[32.8556,40.0624],[32.8546,40.0628],[32.8524,40.0617],[32.8506,40.0641],[32.8491,40.0646],[32.8468,40.0641],[32.8468,40.0648],[32.8462,40.0656],[32.8459,40.0662],[32.8457,40.068],[32.8458,40.0684],[32.8473,40.0702],[32.8476,40.0706],[32.8477,40.0716],[32.8469,40.0717],[32.8457,40.071],[32.8447,40.0707],[32.8436,40.0698],[32.8436,40.0691],[32.8411,40.0697],[32.8405,40.0695],[32.8401,40.0703],[32.8407,40.0738],[32.8404,40.075],[32.8375,40.0804],[32.8337,40.0805],[32.8325,40.08],[32.8317,40.0799],[32.8309,40.0801],[32.8303,40.0808],[32.8302,40.0818],[32.8293,40.0824],[32.8281,40.0834],[32.8276,40.0869],[32.827,40.0884],[32.827,40.0887],[32.8265,40.0895],[32.8263,40.0902],[32.8271,40.0924],[32.8274,40.0926],[32.8273,40.0933],[32.8276,40.0936],[32.8314,40.0948],[32.8428,40.0971],[32.8508,40.0994],[32.8541,40.0988],[32.8554,40.0998],[32.8586,40.1],[32.8648,40.1016],[32.8659,40.1008],[32.868,40.1003],[32.8684,40.0998]]]]}},{"type":"Feature","properties":{"id":"kecioren-osmangazi"},"geometry":{"type":"MultiPolygon","coordinates":[[[[32.8646,40.0164],[32.8642,40.0163],[32.8645,40.016],[32.8649,40.0149],[32.8654,40.0134],[32.865,40.0115],[32.863,40.0119],[32.8636,40.011],[32.8636,40.0086],[32.866,40.0063],[32.8645,40.0064],[32.8625,40.0073],[32.8601,40.0077],[32.8559,40.0074],[32.8569,40.0078],[32.8571,40.0082],[32.8571,40.0102],[32.8573,40.0122],[32.8571,40.0139],[32.8578,40.0162],[32.8582,40.0173],[32.8599,40.0183],[32.8605,40.0204],[32.8607,40.0204],[32.8618,40.0194],[32.8629,40.0182],[32.8646,40.0178],[32.8655,40.0173],[32.8646,40.0164]]]]}},{"type":"Feature","properties":{"id":"kecioren-ayvali"},"geometry":{"type":"MultiPolygon","coordinates":[[[[32.8139,39.9885],[32.8147,39.9881],[32.8156,39.9884],[32.8158,39.9886],[32.8165,39.9886],[32.8165,39.9884],[32.8174,39.9883],[32.8182,39.9885],[32.8182,39.9879],[32.8192,39.988],[32.8199,39.9829],[32.8224,39.9806],[32.8236,39.9786],[32.8252,39.9768],[32.8275,39.9734],[32.8284,39.9727],[32.8293,39.9721],[32.8286,39.9712],[32.8288,39.9709],[32.8288,39.9689],[32.8179,39.969],[32.8178,39.97],[32.8169,39.9714],[32.8147,39.9719],[32.8149,39.9721],[32.8149,39.9732],[32.8135,39.9738],[32.8138,39.9742],[32.813,39.9742],[32.8126,39.9751],[32.8126,39.9759],[32.8121,39.9763],[32.8117,39.9762],[32.8113,39.9768],[32.8111,39.9773],[32.8113,39.9782],[32.8112,39.9797],[32.8121,39.9805],[32.812,39.9821],[32.8122,39.9827],[32.8125,39.9827],[32.8121,39.9839],[32.8114,39.9851],[32.8116,39.9862],[32.8114,39.9879],[32.8112,39.9882],[32.8127,39.9891],[32.8133,39.9885],[32.8139,39.9885]]]]}},{"type":"Feature","properties":{"id":"kecioren-esertepe"},"geometry":{"type":"MultiPolygon","coordinates":[[[[32.8379,39.9969],[32.8389,39.9971],[32.8398,39.9962],[32.8414,39.9953],[32.8416,39.9946],[32.8433,39.9948],[32.8435,39.9937],[32.8435,39.9927],[32.8413,39.9927],[32.84,39.992],[32.8409,39.9897],[32.8409,39.9891],[32.8405,39.988],[32.8408,39.9871],[32.8405,39.9865],[32.8417,39.986],[32.8414,39.9853],[32.8417,39.9845],[32.8412,39.9837],[32.8404,39.9828],[32.838,39.9815],[32.8389,39.9796],[32.8393,39.9795],[32.8391,39.9791],[32.8391,39.9783],[32.8377,39.9787],[32.8372,39.9791],[32.8362,39.9814],[32.8349,39.9825],[32.8343,39.9836],[32.8328,39.9838],[32.8323,39.9848],[32.8314,39.9856],[32.8297,39.9861],[32.8288,39.9868],[32.8285,39.9887],[32.8289,39.9896],[32.8291,39.9899],[32.8306,39.9906],[32.832,39.9906],[32.8324,39.9908],[32.8326,39.9912],[32.8321,39.9925],[32.832,39.9935],[32.8344,39.9948],[32.8343,39.9954],[32.8336,39.996],[32.8336,39.9976],[32.8342,39.9983],[32.8342,39.9987],[32.8307,40.0057],[32.8339,40.0066],[32.8371,40.0061],[32.8369,40.0048],[32.837,40.0033],[32.8372,40.0019],[32.8379,39.9997],[32.8379,39.9969]]]]}},{"type":"Feature","properties":{"id":"kecioren-incirli"},"geometry":{"type":"MultiPolygon","coordinates":[[[[32.8449,39.9898],[32.8461,39.9894],[32.8473,39.9885],[32.8492,39.9857],[32.8504,39.9849],[32.8511,39.9847],[32.8499,39.9837],[32.8497,39.9832],[32.8503,39.9816],[32.8491,39.9812],[32.846,39.9793],[32.8442,39.9766],[32.8439,39.9753],[32.8434,39.9742],[32.8424,39.9729],[32.8409,39.9759],[32.8405,39.9773],[32.8403,39.9776],[32.8391,39.9783],[32.8391,39.9791],[32.8393,39.9795],[32.8389,39.9796],[32.838,39.9815],[32.8404,39.9828],[32.8412,39.9837],[32.8417,39.9845],[32.8414,39.9853],[32.8417,39.986],[32.8405,39.9865],[32.8408,39.9871],[32.8405,39.988],[32.8409,39.9891],[32.8409,39.9897],[32.84,39.992],[32.8413,39.9927],[32.8435,39.9927],[32.8435,39.9905],[32.8439,39.9901],[32.8449,39.9898]]]]}},{"type":"Feature","properties":{"id":"kecioren-19-mayis"},"geometry":{"type":"MultiPolygon","coordinates":[[[[32.8565,39.9924],[32.8567,39.9918],[32.858,39.9921],[32.8593,39.9931],[32.8602,39.9924],[32.8602,39.9921],[32.8595,39.9905],[32.8591,39.9887],[32.8595,39.9868],[32.8589,39.9853],[32.8589,39.9844],[32.8571,39.9844],[32.8544,39.9847],[32.8542,39.9832],[32.8537,39.9828],[32.8532,39.9824],[32.8503,39.9816],[32.8497,39.9832],[32.8499,39.9837],[32.8511,39.9847],[32.8504,39.9849],[32.8492,39.9857],[32.8473,39.9885],[32.8461,39.9894],[32.8446,39.9898],[32.8445,39.9908],[32.8447,39.9914],[32.8455,39.991],[32.8461,39.9912],[32.8475,39.9904],[32.8499,39.9894],[32.8503,39.9894],[32.8503,39.9899],[32.8507,39.99],[32.8514,39.9905],[32.8544,39.9921],[32.8547,39.9929],[32.8547,39.9932],[32.8552,39.9938],[32.8558,39.994],[32.8565,39.9924]]]]}},{"type":"Feature","properties":{"id":"kecioren-yesiltepe"},"geometry":{"type":"MultiPolygon","coordinates":[[[[32.8931,40.0046],[32.8932,40.0044],[32.8936,40.0044],[32.8942,40.0049],[32.8957,40.0043],[32.8977,40.0018],[32.8972,39.9984],[32.8972,39.9977],[32.8974,39.9973],[32.899,39.9955],[32.8976,39.9947],[32.8968,39.9939],[32.897,39.9933],[32.8966,39.9931],[32.8961,39.9932],[32.8959,39.9928],[32.8946,39.9923],[32.8941,39.9917],[32.8936,39.9918],[32.8935,39.9915],[32.893,39.9917],[32.8929,39.9915],[32.892,39.992],[32.8917,39.992],[32.8908,39.9906],[32.8886,39.991],[32.888,39.9913],[32.8892,39.9934],[32.8894,39.9952],[32.8902,39.9962],[32.8903,39.9973],[32.89,39.9973],[32.8902,39.9981],[32.8899,39.9981],[32.89,39.9984],[32.8903,39.9983],[32.8907,40.0],[32.891,40.0],[32.891,40.0002],[32.8908,40.0003],[32.8911,40.0014],[32.8909,40.0022],[32.8899,40.0021],[32.8899,40.0029],[32.8903,40.0046],[32.8906,40.0053],[32.8914,40.0053],[32.8927,40.005],[32.8931,40.0046]]]]}},{"type":"Feature","properties":{"id":"kecioren-karsiyaka"},"geometry":{"type":"MultiPolygon","coordinates":[[[[32.7983,40.1198],[32.801,40.1174],[32.8026,40.118],[32.8045,40.1175],[32.8038,40.115],[32.8038,40.1132],[32.8065,40.1115],[32.8097,40.1087],[32.8087,40.1084],[32.8091,40.1074],[32.8113,40.1071],[32.8169,40.1017],[32.8191,40.0976],[32.8209,40.0967],[32.8236,40.0966],[32.8262,40.0978],[32.8276,40.0987],[32.8272,40.098],[32.8279,40.0953],[32.8277,40.0944],[32.8278,40.094],[32.8273,40.0933],[32.8274,40.0926],[32.8271,40.0924],[32.8263,40.0902],[32.8265,40.0895],[32.827,40.0887],[32.827,40.0884],[32.8276,40.0869],[32.8281,40.0834],[32.8293,40.0824],[32.8302,40.0818],[32.8303,40.0808],[32.8309,40.0801],[32.8317,40.0799],[32.8325,40.08],[32.8337,40.0805],[32.8375,40.0804],[32.8404,40.075],[32.8407,40.0738],[32.8401,40.0703],[32.8405,40.0695],[32.8411,40.0697],[32.8436,40.0691],[32.8436,40.0698],[32.8447,40.0707],[32.8457,40.071],[32.8469,40.0717],[32.8477,40.0716],[32.8476,40.0706],[32.8473,40.0702],[32.8458,40.0684],[32.8457,40.068],[32.8459,40.0662],[32.8462,40.0656],[32.8468,40.0648],[32.8468,40.0641],[32.8491,40.0646],[32.8506,40.0641],[32.8524,40.0617],[32.8546,40.0628],[32.8556,40.0624],[32.8567,40.0614],[32.8567,40.0607],[32.8572,40.0592],[32.8593,40.059],[32.8599,40.0596],[32.8645,40.0613],[32.8688,40.0603],[32.868,40.0618],[32.8683,40.0644],[32.869,40.0655],[32.8737,40.067],[32.8734,40.0674],[32.8738,40.0683],[32.875,40.0699],[32.8767,40.0713],[32.878,40.0734],[32.8793,40.0742],[32.8814,40.0746],[32.8824,40.0742],[32.8832,40.0735],[32.8848,40.0707],[32.8841,40.0692],[32.8825,40.0685],[32.8813,40.0671],[32.8815,40.0661],[32.8806,40.0645],[32.8807,40.0643],[32.8798,40.0633],[32.8803,40.0629],[32.8801,40.0624],[32.8779,40.0612],[32.8781,40.0599],[32.8816,40.0601],[32.8885,40.0602],[32.8886,40.0597],[32.8899,40.0596],[32.8898,40.0581],[32.8895,40.0576],[32.8882,40.0566],[32.8861,40.0558],[32.8859,40.0541],[32.8867,40.0531],[32.8867,40.0518],[32.8853,40.0518],[32.8853,40.0513],[32.8837,40.0508],[32.8839,40.05],[32.8802,40.0494],[32.8805,40.0486],[32.8755,40.0478],[32.8755,40.0455],[32.8764,40.0448],[32.8772,40.0439],[32.8764,40.0435],[32.8775,40.0425],[32.8764,40.0414],[32.8764,40.0403],[32.8767,40.0385],[32.8766,40.0367],[32.8758,40.0364],[32.8741,40.0345],[32.873,40.0338],[32.8749,40.0308],[32.8733,40.0261],[32.8736,40.0251],[32.8679,40.0213],[32.8645,40.029],[32.864,40.031],[32.8614,40.0335],[32.8609,40.0346],[32.8607,40.0386],[32.8606,40.0389],[32.8551,40.0415],[32.8545,40.0414],[32.8527,40.0423],[32.8525,40.0425],[32.8519,40.0447],[32.8511,40.0464],[32.8498,40.0474],[32.8499,40.0486],[32.848,40.0497],[32.8471,40.0498],[32.8472,40.0501],[32.8471,40.0504],[32.8454,40.0499],[32.8427,40.05],[32.8417,40.0498],[32.8417,40.0517],[32.8413,40.0533],[32.8401,40.056],[32.8394,40.0596],[32.8375,40.0631],[32.8365,40.0663],[32.8357,40.0679],[32.8337,40.0695],[32.8316,40.0709],[32.8259,40.0735],[32.8215,40.0749],[32.8174,40.0759],[32.815,40.077],[32.8133,40.0774],[32.812,40.0782],[32.8101,40.0805],[32.8081,40.0817],[32.8071,40.083],[32.8055,40.0839],[32.8042,40.0866],[32.8006,40.0874],[32.7979,40.0885],[32.7964,40.0897],[32.7964,40.0912],[32.7961,40.0918],[32.7957,40.0932],[32.7962,40.0956],[32.7812,40.0965],[32.7792,40.0988],[32.7787,40.0998],[32.7841,40.1042],[32.7943,40.1112],[32.7947,40.119],[32.7981,40.1181],[32.7983,40.1198]]]]}},{"type":"Feature","properties":{"id":"kecioren-ufuktepe"},"geometry":{"type":"MultiPolygon","coordinates":[[[[32.8544,40.0153],[32.8557,40.016],[32.8576,40.0157],[32.8571,40.0139],[32.8573,40.0122],[32.8571,40.0102],[32.8571,40.008],[32.8567,40.0076],[32.8552,40.0073],[32.8549,40.0068],[32.8538,40.0071],[32.8515,40.0072],[32.851,40.0079],[32.8509,40.0086],[32.8493,40.0089],[32.8507,40.0125],[32.8513,40.0125],[32.8521,40.0139],[32.8514,40.0142],[32.8505,40.014],[32.8502,40.0149],[32.8492,40.016],[32.8504,40.0164],[32.8509,40.0164],[32.8509,40.0166],[32.8528,40.0156],[32.8544,40.0153]]]]}},{"type":"Feature","properties":{"id":"kecioren-caldiran"},"geometry":{"type":"MultiPolygon","coordinates":[[[[32.8928,39.9915],[32.893,39.9917],[32.8935,39.9915],[32.8933,39.9912],[32.8931,39.9912],[32.8931,39.9889],[32.8926,39.9877],[32.8925,39.9864],[32.8918,39.9865],[32.8904,39.9845],[32.889,39.9844],[32.889,39.9836],[32.8876,39.9832],[32.8862,39.9847],[32.8858,39.9846],[32.8853,39.9851],[32.8857,39.9858],[32.8847,39.9864],[32.8842,39.9861],[32.8839,39.9865],[32.8854,39.988],[32.886,39.9894],[32.8867,39.9899],[32.888,39.9913],[32.8886,39.991],[32.8908,39.9906],[32.8917,39.992],[32.892,39.992],[32.8928,39.9915]]]]}},{"type":"Feature","properties":{"id":"kecioren-calseki"},"geometry":{"type":"MultiPolygon","coordinates":[[[[32.7866,40.1723],[32.7928,40.1682],[32.7991,40.1686],[32.8034,40.1673],[32.8056,40.1663],[32.8088,40.1627],[32.8075,40.1587],[32.8084,40.1546],[32.8173,40.1561],[32.819,40.1528],[32.8215,40.1514],[32.8205,40.1505],[32.8195,40.1487],[32.8174,40.1492],[32.8162,40.1489],[32.8143,40.1478],[32.8116,40.145],[32.8121,40.1449],[32.8117,40.1432],[32.8116,40.1403],[32.8127,40.1402],[32.8124,40.1385],[32.8103,40.1365],[32.8055,40.1344],[32.8024,40.1248],[32.7997,40.1224],[32.7983,40.1198],[32.7981,40.1181],[32.7947,40.119],[32.7961,40.1291],[32.7912,40.1334],[32.7841,40.132],[32.7829,40.1395],[32.7818,40.1438],[32.7773,40.1454],[32.7778,40.1465],[32.778,40.1497],[32.779,40.1497],[32.7804,40.1502],[32.7822,40.1494],[32.7841,40.1501],[32.7838,40.1517],[32.785,40.1518],[32.7843,40.1544],[32.7826,40.1564],[32.781,40.158],[32.7838,40.161],[32.7834,40.162],[32.7832,40.1632],[32.7838,40.1651],[32.7836,40.1714],[32.7866,40.1723]]]]}},{"type":"Feature","properties":{"id":"kecioren-cicekli"},"geometry":{"type":"MultiPolygon","coordinates":[[[[32.8589,39.9844],[32.8598,39.9796],[32.8574,39.9795],[32.8561,39.9792],[32.8526,39.9775],[32.8516,39.9774],[32.8514,39.977],[32.8499,39.9773],[32.8491,39.979],[32.8488,39.981],[32.8495,39.9814],[32.8532,39.9824],[32.8537,39.9828],[32.8542,39.9832],[32.8544,39.9847],[32.8571,39.9844],[32.8589,39.9844]]]]}},{"type":"Feature","properties":{"id":"kecioren-saribeyler"},"geometry":{"type":"MultiPolygon","coordinates":[[[[32.7818,40.1438],[32.7829,40.1395],[32.7841,40.132],[32.7912,40.1334],[32.7961,40.1291],[32.7948,40.1199],[32.7943,40.1112],[32.7841,40.1042],[32.7787,40.0998],[32.7779,40.1011],[32.7749,40.1033],[32.7712,40.1048],[32.7704,40.1049],[32.7683,40.1045],[32.7666,40.1036],[32.7645,40.1029],[32.762,40.1026],[32.7597,40.1032],[32.7562,40.1048],[32.7555,40.105],[32.755,40.1048],[32.7536,40.1037],[32.7525,40.1035],[32.7522,40.1038],[32.7459,40.0997],[32.74,40.1001],[32.7403,40.1003],[32.7431,40.11],[32.7482,40.1128],[32.7468,40.114],[32.7468,40.1153],[32.7486,40.1174],[32.7496,40.1278],[32.7514,40.1369],[32.7533,40.1405],[32.7572,40.1411],[32.7643,40.1397],[32.7687,40.1398],[32.7715,40.1404],[32.7727,40.1422],[32.7762,40.1437],[32.7773,40.1454],[32.7818,40.1438]]]]}},{"type":"Feature","properties":{"id":"kecioren-baglum-guzelyurt"},"geometry":{"type":"MultiPolygon","coordinates":[[[[32.8216,40.2119],[32.8252,40.2099],[32.8336,40.2048],[32.8346,40.2035],[32.8374,40.2009],[32.8379,40.2002],[32.8384,40.199],[32.8394,40.1979],[32.8395,40.1952],[32.8392,40.1926],[32.8393,40.1924],[32.84,40.1919],[32.8401,40.1906],[32.8395,40.1889],[32.8399,40.1715],[32.8421,40.1693],[32.8435,40.1671],[32.8418,40.1667],[32.838,40.1672],[32.8345,40.1663],[32.8254,40.162],[32.8256,40.161],[32.8218,40.1586],[32.8184,40.1578],[32.8172,40.1561],[32.8084,40.1546],[32.8075,40.1587],[32.8088,40.1627],[32.8056,40.1663],[32.8034,40.1673],[32.7991,40.1686],[32.7928,40.1682],[32.7866,40.1723],[32.7874,40.1745],[32.7866,40.1768],[32.7898,40.1793],[32.7943,40.1801],[32.7952,40.1831],[32.7952,40.1847],[32.7962,40.186],[32.7956,40.187],[32.798,40.1869],[32.7991,40.1872],[32.8032,40.1875],[32.8039,40.188],[32.8069,40.1862],[32.811,40.1872],[32.8132,40.1887],[32.8135,40.1896],[32.8165,40.1915],[32.8168,40.1932],[32.8218,40.1942],[32.8252,40.1957],[32.8249,40.1999],[32.8223,40.2016],[32.8215,40.2028],[32.8194,40.2033],[32.818,40.2053],[32.8171,40.2076],[32.8171,40.2101],[32.8158,40.2101],[32.8164,40.2132],[32.8184,40.2153],[32.8181,40.2167],[32.8197,40.2147],[32.8206,40.2129],[32.8216,40.2119]]]]}},{"type":"Feature","properties":{"id":"kecioren-sehit-kubilay"},"geometry":{"type":"MultiPolygon","coordinates":[[[[32.8111,39.9911],[32.8114,39.99],[32.8127,39.9891],[32.8112,39.9882],[32.8114,39.9879],[32.8116,39.9862],[32.8114,39.9855],[32.8101,39.9856],[32.8085,39.9864],[32.8075,39.9875],[32.8073,39.988],[32.8069,39.9883],[32.8052,39.9883],[32.8048,39.9887],[32.8029,39.9887],[32.8025,39.9889],[32.8021,39.9892],[32.8007,39.9906],[32.8004,39.9905],[32.8003,39.9907],[32.8006,39.9908],[32.8004,39.991],[32.8002,39.991],[32.8003,39.9907],[32.8001,39.9907],[32.8,39.9909],[32.7998,39.9909],[32.7997,39.9912],[32.8002,39.9922],[32.8,39.9939],[32.7994,39.9952],[32.7989,39.996],[32.7977,39.9971],[32.7973,39.9976],[32.7965,39.9982],[32.797,40.0002],[32.7969,40.0016],[32.7976,40.0039],[32.7978,40.004],[32.7992,40.0032],[32.804,40.0021],[32.8072,39.9995],[32.8107,39.9974],[32.8109,39.9953],[32.8106,39.9935],[32.8105,39.992],[32.8111,39.9911]]]]}},{"type":"Feature","properties":{"id":"kecioren-kanuni"},"geometry":{"type":"MultiPolygon","coordinates":[[[[32.8584,40.0288],[32.8612,40.0295],[32.8614,40.0292],[32.8645,40.029],[32.8679,40.0213],[32.8674,40.0211],[32.8663,40.0215],[32.8661,40.0214],[32.8667,40.0207],[32.8665,40.0197],[32.866,40.0185],[32.8662,40.0178],[32.8655,40.0173],[32.8646,40.0178],[32.8629,40.0182],[32.8621,40.0191],[32.8606,40.0205],[32.8602,40.0198],[32.8599,40.0183],[32.8582,40.0173],[32.8576,40.0157],[32.8557,40.016],[32.8546,40.0154],[32.8542,40.0154],[32.8528,40.0156],[32.8509,40.0166],[32.8509,40.0164],[32.8504,40.0164],[32.8492,40.016],[32.8464,40.0192],[32.846,40.019],[32.8449,40.0209],[32.8433,40.0226],[32.8435,40.0251],[32.8439,40.0251],[32.8441,40.027],[32.8451,40.027],[32.8461,40.0281],[32.8461,40.0292],[32.8436,40.0303],[32.8425,40.0322],[32.8429,40.0324],[32.852,40.0315],[32.8529,40.0299],[32.8542,40.0293],[32.8584,40.0288]]]]}},{"type":"Feature","properties":{"id":"kecioren-bademlik"},"geometry":{"type":"MultiPolygon","coordinates":[[[[32.8701,40.0182],[32.8707,40.018],[32.8707,40.0171],[32.8715,40.0166],[32.8718,40.016],[32.8725,40.0161],[32.8728,40.016],[32.8732,40.0155],[32.8734,40.0147],[32.8738,40.0144],[32.8747,40.0143],[32.876,40.014],[32.8764,40.0137],[32.8775,40.0134],[32.8779,40.013],[32.8785,40.0131],[32.8789,40.013],[32.8794,40.0124],[32.8792,40.011],[32.8781,40.01],[32.8772,40.0089],[32.8756,40.0075],[32.8744,40.0056],[32.8735,40.0046],[32.8719,40.0061],[32.8714,40.0068],[32.8712,40.0095],[32.8694,40.0108],[32.8687,40.012],[32.8674,40.0126],[32.8657,40.0114],[32.865,40.0115],[32.8654,40.0134],[32.8649,40.0149],[32.8645,40.016],[32.8642,40.0163],[32.8645,40.0163],[32.8656,40.0174],[32.8662,40.0178],[32.866,40.0185],[32.8665,40.0197],[32.8667,40.0207],[32.8661,40.0214],[32.8663,40.0215],[32.8678,40.0208],[32.8694,40.0194],[32.8698,40.0184],[32.8701,40.0182]]]]}},{"type":"Feature","properties":{"id":"kecioren-asagi-eglence"},"geometry":{"type":"MultiPolygon","coordinates":[[[[32.8391,39.9783],[32.8403,39.9776],[32.8405,39.9773],[32.8409,39.9759],[32.8432,39.9712],[32.8431,39.9706],[32.8427,39.9702],[32.8387,39.9672],[32.8351,39.9702],[32.8338,39.9693],[32.833,39.969],[32.8318,39.9689],[32.8288,39.9689],[32.8288,39.9709],[32.8286,39.9712],[32.8293,39.9721],[32.8284,39.9727],[32.8297,39.9743],[32.8298,39.975],[32.8327,39.9749],[32.8346,39.9752],[32.8354,39.9757],[32.8365,39.9775],[32.8377,39.9787],[32.8391,39.9783]]]]}},{"type":"Feature","properties":{"id":"kecioren-yesiloz"},"geometry":{"type":"MultiPolygon","coordinates":[[[[32.9002,39.9934],[32.9003,39.9924],[32.9,39.9917],[32.8956,39.9851],[32.8949,39.9844],[32.8941,39.9838],[32.8928,39.9834],[32.8919,39.9834],[32.889,39.9836],[32.889,39.9844],[32.8904,39.9845],[32.8918,39.9865],[32.8925,39.9864],[32.8926,39.9877],[32.8931,39.9889],[32.8931,39.9912],[32.8933,39.9912],[32.8936,39.9918],[32.8941,39.9917],[32.8946,39.9923],[32.8959,39.9928],[32.8961,39.9932],[32.8966,39.9931],[32.897,39.9933],[32.8968,39.9939],[32.8976,39.9947],[32.899,39.9955],[32.8999,39.9944],[32.9002,39.9934]]]]}},{"type":"Feature","properties":{"id":"kecioren-etlik"},"geometry":{"type":"MultiPolygon","coordinates":[[[[32.8248,39.9844],[32.8296,39.9846],[32.831,39.9843],[32.8327,39.9838],[32.8342,39.9836],[32.8349,39.9825],[32.8362,39.9814],[32.8368,39.9796],[32.8372,39.9791],[32.8377,39.9787],[32.8365,39.9775],[32.8355,39.9758],[32.8352,39.9754],[32.8344,39.9751],[32.8327,39.9749],[32.8298,39.975],[32.8297,39.9743],[32.8284,39.9727],[32.8275,39.9734],[32.8252,39.9768],[32.8237,39.9784],[32.8224,39.9806],[32.8199,39.9829],[32.8192,39.988],[32.8198,39.9881],[32.8211,39.9875],[32.8229,39.9861],[32.8239,39.9847],[32.8248,39.9844]]]]}},{"type":"Feature","properties":{"id":"kecioren-emrah"},"geometry":{"type":"MultiPolygon","coordinates":[[[[32.8504,39.9772],[32.8505,39.9768],[32.85,39.9755],[32.8501,39.9751],[32.8494,39.9747],[32.8495,39.9738],[32.8492,39.9737],[32.8499,39.9725],[32.8501,39.9717],[32.8505,39.9707],[32.8512,39.9694],[32.853,39.9671],[32.8519,39.9649],[32.8542,39.9652],[32.8537,39.9642],[32.8531,39.9638],[32.852,39.9625],[32.85,39.9613],[32.8471,39.9604],[32.8387,39.9672],[32.8427,39.9702],[32.8431,39.9706],[32.8432,39.9712],[32.8424,39.9729],[32.8434,39.9742],[32.8439,39.9753],[32.8442,39.9766],[32.846,39.9793],[32.8488,39.981],[32.8491,39.979],[32.8499,39.9773],[32.8504,39.9772]]]]}},{"type":"Feature","properties":{"id":"kecioren-baglarbasi"},"geometry":{"type":"MultiPolygon","coordinates":[[[[32.8818,39.9978],[32.8869,39.9976],[32.8903,39.9973],[32.8902,39.9962],[32.8894,39.9951],[32.8891,39.9931],[32.8879,39.9911],[32.8867,39.9899],[32.886,39.9894],[32.8854,39.988],[32.8839,39.9865],[32.883,39.988],[32.8816,39.9892],[32.8804,39.9882],[32.8796,39.9878],[32.8775,39.9873],[32.8753,39.9874],[32.8754,39.99],[32.8747,39.992],[32.8746,39.9947],[32.8741,39.9965],[32.8755,39.9968],[32.8759,39.9972],[32.8769,39.9973],[32.8794,39.997],[32.8792,39.9966],[32.8804,39.9964],[32.8803,39.9971],[32.8803,39.9979],[32.8818,39.9978]]]]}},{"type":"Feature","properties":{"id":"kecioren-adnan-menderes"},"geometry":{"type":"MultiPolygon","coordinates":[[[[32.884,40.0009],[32.8838,39.9999],[32.8839,39.9977],[32.8803,39.9979],[32.8803,39.9971],[32.8804,39.9964],[32.8792,39.9966],[32.8794,39.997],[32.8769,39.9973],[32.8759,39.9972],[32.8755,39.9968],[32.8741,39.9965],[32.8734,39.9984],[32.8716,39.9999],[32.8727,40.0015],[32.874,40.0009],[32.8749,40.0008],[32.8794,40.0005],[32.8795,40.0018],[32.8813,40.0055],[32.8855,40.004],[32.884,40.0009]]]]}},{"type":"Feature","properties":{"id":"altindag-aydincik"},"geometry":{"type":"MultiPolygon","coordinates":[[[[33.0697,40.0472],[33.0761,40.0406],[33.0783,40.039],[33.0785,40.0358],[33.0807,40.0315],[33.0836,40.03],[33.0856,40.0238],[33.0896,40.0232],[33.0944,40.0241],[33.1007,40.0265],[33.1102,40.0277],[33.1173,40.0304],[33.1166,40.0272],[33.1109,40.0247],[33.1124,40.0217],[33.1088,40.0192],[33.1136,40.0095],[33.1097,40.0056],[33.1007,40.0051],[33.0998,40.0048],[33.0991,40.0051],[33.0945,40.0062],[33.0934,40.0066],[33.0908,40.007],[33.0842,40.0093],[33.0812,40.0111],[33.0764,40.0137],[33.0758,40.0147],[33.0756,40.0145],[33.0679,40.0136],[33.0686,40.0126],[33.0681,40.011],[33.067,40.0111],[33.0664,40.012],[33.0655,40.0127],[33.0632,40.0134],[33.0609,40.0135],[33.0586,40.0119],[33.0572,40.0112],[33.0565,40.0116],[33.0559,40.0123],[33.0562,40.0136],[33.0483,40.0139],[33.0414,40.0149],[33.0365,40.0154],[33.0356,40.0185],[33.0355,40.0194],[33.0328,40.025],[33.0234,40.0354],[33.0212,40.0358],[33.0196,40.0376],[33.0224,40.0384],[33.025,40.0397],[33.0264,40.0407],[33.029,40.045],[33.0292,40.0456],[33.0292,40.046],[33.0295,40.0459],[33.0296,40.0461],[33.0314,40.0459],[33.0325,40.0455],[33.0337,40.0446],[33.0365,40.045],[33.0374,40.0458],[33.043,40.0446],[33.0433,40.0454],[33.0436,40.0455],[33.0437,40.0473],[33.0451,40.0475],[33.0454,40.0483],[33.0482,40.0484],[33.0492,40.049],[33.0497,40.0499],[33.0505,40.05],[33.0506,40.0506],[33.052,40.051],[33.0521,40.0515],[33.0532,40.0516],[33.0552,40.0494],[33.0637,40.0487],[33.0697,40.0472]]]]}},{"type":"Feature","properties":{"id":"altindag-aydinlikevler"},"geometry":{"type":"MultiPolygon","coordinates":[[[[32.8849,39.967],[32.8852,39.9669],[32.8861,39.9675],[32.8872,39.9661],[32.8888,39.9651],[32.8894,39.9645],[32.8904,39.9642],[32.8894,39.9593],[32.8893,39.9577],[32.8656,39.9592],[32.8679,39.9617],[32.8731,39.9659],[32.8771,39.9707],[32.8782,39.9716],[32.8843,39.9677],[32.8849,39.967]]]]}},{"type":"Feature","properties":{"id":"altindag-karacaoren"},"geometry":{"type":"MultiPolygon","coordinates":[[[[32.9413,40.0492],[32.9503,40.0502],[32.95,40.0498],[32.9503,40.0465],[32.9524,40.045],[32.9526,40.0424],[32.9522,40.0414],[32.9515,40.0404],[32.9489,40.0386],[32.949,40.0362],[32.9486,40.0348],[32.9474,40.0337],[32.9463,40.0319],[32.9445,40.031],[32.9444,40.0305],[32.9414,40.0284],[32.9398,40.0276],[32.9397,40.0271],[32.9389,40.0262],[32.9393,40.026],[32.9393,40.0252],[32.9384,40.0239],[32.9383,40.0236],[32.9391,40.022],[32.9391,40.0217],[32.9386,40.021],[32.9377,40.0207],[32.9348,40.0201],[32.9324,40.0191],[32.9315,40.0189],[32.9305,40.0182],[32.9303,40.0154],[32.93,40.0141],[32.9296,40.013],[32.9282,40.0108],[32.9186,40.0108],[32.913,40.0177],[32.9107,40.0181],[32.9081,40.0213],[32.9082,40.0234],[32.9091,40.0243],[32.911,40.0245],[32.9121,40.0245],[32.9123,40.0258],[32.9108,40.0263],[32.9104,40.0269],[32.9113,40.0279],[32.9115,40.0283],[32.909,40.031],[32.9097,40.0327],[32.9105,40.0333],[32.91,40.0339],[32.9096,40.0351],[32.9089,40.0358],[32.9064,40.0374],[32.9067,40.0379],[32.9076,40.0383],[32.9083,40.0393],[32.9117,40.0401],[32.915,40.0421],[32.9162,40.0409],[32.9167,40.0411],[32.9166,40.0415],[32.9183,40.0418],[32.921,40.0403],[32.9214,40.0402],[32.923,40.0417],[32.9206,40.0422],[32.9202,40.0428],[32.9263,40.045],[32.9257,40.046],[32.9262,40.0464],[32.9271,40.0487],[32.9279,40.0491],[32.9289,40.0491],[32.9315,40.0496],[32.9327,40.05],[32.937,40.051],[32.9413,40.0492]]]]}},{"type":"Feature","properties":{"id":"altindag-gunesevler"},"geometry":{"type":"MultiPolygon","coordinates":[[[[32.8922,39.9726],[32.8972,39.9729],[32.9046,39.9729],[32.9067,39.9715],[32.9042,39.9685],[32.9022,39.9658],[32.9011,39.965],[32.8981,39.9635],[32.8976,39.9626],[32.8894,39.9645],[32.8888,39.9651],[32.8872,39.9661],[32.8861,39.9675],[32.885,39.9669],[32.8843,39.9677],[32.8782,39.9716],[32.8792,39.9722],[32.8824,39.9734],[32.8837,39.9741],[32.8849,39.9755],[32.8855,39.977],[32.8881,39.9759],[32.8893,39.9748],[32.8904,39.9742],[32.8908,39.9727],[32.8922,39.9726]]]]}},{"type":"Feature","properties":{"id":"altindag-feridun-celik"},"geometry":{"type":"MultiPolygon","coordinates":[[[[32.9492,40.0018],[32.9498,39.9984],[32.9509,39.9984],[32.9508,39.9922],[32.9524,39.9875],[32.9522,39.9855],[32.9514,39.9859],[32.9509,39.9846],[32.951,39.9834],[32.9506,39.983],[32.9504,39.9826],[32.9499,39.9826],[32.9492,39.9824],[32.9482,39.9815],[32.9472,39.9813],[32.9466,39.981],[32.9463,39.9807],[32.9458,39.9798],[32.9448,39.9792],[32.9444,39.9787],[32.9438,39.9775],[32.9441,39.9764],[32.9439,39.9749],[32.9429,39.9731],[32.9412,39.9715],[32.9407,39.9704],[32.9405,39.9691],[32.9383,39.9695],[32.9382,39.9698],[32.9366,39.9707],[32.9356,39.9733],[32.9346,39.9753],[32.9343,39.9764],[32.9338,39.9793],[32.9346,39.9816],[32.9348,39.9826],[32.9335,39.9842],[32.9308,39.985],[32.93,39.985],[32.9312,39.9855],[32.9309,39.9862],[32.9306,39.9862],[32.9304,39.9859],[32.9292,39.9859],[32.9288,39.9868],[32.9239,39.9911],[32.9232,39.9954],[32.9404,39.9993],[32.9487,40.0047],[32.9492,40.0018]]]]}},{"type":"Feature","properties":{"id":"altindag-tatlar"},"geometry":{"type":"MultiPolygon","coordinates":[[[[32.9908,40.0087],[32.993,40.0082],[32.9952,40.0084],[32.9952,40.008],[32.9959,40.0071],[32.9967,40.0082],[32.9969,40.0092],[32.9974,40.0091],[32.9989,40.0079],[32.9967,40.0042],[32.9986,40.0037],[32.9998,40.0042],[33.0049,40.0068],[33.0055,40.0066],[33.0072,40.0057],[33.0095,40.0037],[33.0097,40.0038],[33.0107,40.0055],[33.0128,40.0051],[33.0141,40.0046],[33.0147,40.0054],[33.0173,40.0037],[33.018,40.0044],[33.0184,40.0043],[33.0187,40.0046],[33.0196,40.0043],[33.0221,40.004],[33.0222,40.0041],[33.0234,40.0043],[33.0258,40.0065],[33.0266,40.007],[33.0274,40.007],[33.0276,40.0068],[33.0287,40.0074],[33.0292,40.0071],[33.0288,40.007],[33.0283,40.006],[33.0296,40.0051],[33.0301,40.0052],[33.0312,40.0042],[33.0329,40.0033],[33.0322,40.0031],[33.0326,40.0023],[33.0311,40.0016],[33.0292,39.9991],[33.0295,39.9989],[33.0289,39.9974],[33.0292,39.9968],[33.0291,39.9965],[33.0295,39.9956],[33.0309,39.9954],[33.0302,39.9949],[33.0309,39.9943],[33.03,39.993],[33.0303,39.9929],[33.0299,39.9918],[33.029,39.9921],[33.0283,39.9914],[33.0279,39.9914],[33.0275,39.9916],[33.027,39.991],[33.0249,39.9895],[33.0251,39.9889],[33.0245,39.9887],[33.0237,39.9882],[33.0247,39.9874],[33.0245,39.9872],[33.0244,39.9869],[33.0248,39.9863],[33.0243,39.9861],[33.0224,39.986],[33.0218,39.9857],[33.0234,39.9836],[33.0239,39.9837],[33.0243,39.9828],[33.024,39.9827],[33.0239,39.9821],[33.0239,39.9813],[33.0222,39.9811],[33.0212,39.9813],[33.018,39.9803],[33.0155,39.977],[33.0158,39.9764],[33.0159,39.976],[33.0164,39.9754],[33.0109,39.9737],[33.0073,39.9714],[33.0056,39.9708],[33.0053,39.9679],[33.005,39.9677],[33.0,39.9676],[32.9997,39.9678],[32.9984,39.9672],[32.9965,39.965],[32.9954,39.9644],[32.9915,39.9624],[32.9895,39.9649],[32.991,39.9702],[32.9922,39.9763],[32.9879,39.9767],[32.9847,39.9789],[32.9849,39.9832],[32.9874,39.9854],[32.9798,39.9908],[32.9773,39.9975],[32.9679,39.9978],[32.9716,40.0017],[32.9736,40.0013],[32.9747,40.0019],[32.9749,40.0012],[32.9757,40.0011],[32.9794,40.003],[32.9812,40.0032],[32.9825,40.0038],[32.9833,40.0048],[32.9819,40.0063],[32.9825,40.0077],[32.9833,40.0089],[32.9841,40.0095],[32.9836,40.011],[32.9843,40.0112],[32.985,40.0115],[32.9848,40.0123],[32.988,40.0128],[32.9882,40.0112],[32.9892,40.0112],[32.9896,40.0093],[32.9908,40.0087]]]]}},{"type":"Feature","properties":{"id":"altindag-besikkaya"},"geometry":{"type":"MultiPolygon","coordinates":[[[[32.9509,39.9984],[32.9537,39.9983],[32.9529,39.9978],[32.9524,39.9974],[32.9525,39.9967],[32.9521,39.9965],[32.9521,39.9958],[32.9527,39.9952],[32.9525,39.9947],[32.9526,39.9945],[32.9532,39.9941],[32.9533,39.9926],[32.9539,39.9919],[32.954,39.9906],[32.9539,39.9902],[32.954,39.9899],[32.9547,39.9894],[32.9553,39.9883],[32.9556,39.988],[32.9557,39.9865],[32.9566,39.9862],[32.9567,39.9857],[32.9572,39.9855],[32.9572,39.9852],[32.9576,39.9848],[32.9577,39.9842],[32.9582,39.9837],[32.959,39.982],[32.962,39.9817],[32.962,39.9813],[32.9622,39.9807],[32.9628,39.98],[32.962,39.9791],[32.9629,39.9773],[32.9624,39.9765],[32.9633,39.9762],[32.9623,39.9746],[32.9621,39.974],[32.9635,39.973],[32.963,39.9725],[32.9619,39.9719],[32.9624,39.9687],[32.9622,39.9678],[32.9621,39.9667],[32.9624,39.9652],[32.9621,39.9667],[32.9622,39.9678],[32.9624,39.9687],[32.9619,39.9719],[32.9605,39.9714],[32.9575,39.9708],[32.9554,39.9701],[32.9515,39.9682],[32.9485,39.9663],[32.9405,39.9691],[32.9407,39.9704],[32.9412,39.9715],[32.9429,39.9731],[32.9439,39.9749],[32.9441,39.9764],[32.9438,39.9775],[32.9444,39.9787],[32.9448,39.9792],[32.9458,39.9798],[32.9463,39.9807],[32.9466,39.981],[32.9472,39.9813],[32.9482,39.9815],[32.9492,39.9824],[32.9499,39.9826],[32.9504,39.9826],[32.9506,39.983],[32.951,39.9834],[32.9509,39.9846],[32.9514,39.9859],[32.9522,39.9855],[32.9524,39.9875],[32.9508,39.9922],[32.9509,39.9984]]]]}},{"type":"Feature","properties":{"id":"altindag-dogantepe"},"geometry":{"type":"MultiPolygon","coordinates":[[[[32.9294,39.9859],[32.9304,39.9859],[32.9305,39.9862],[32.9308,39.9863],[32.9312,39.9855],[32.93,39.985],[32.9291,39.9848],[32.9289,39.9843],[32.9278,39.9832],[32.9266,39.981],[32.925,39.9797],[32.9245,39.9789],[32.9244,39.9781],[32.9248,39.9761],[32.9246,39.9754],[32.9235,39.9749],[32.9216,39.9744],[32.9192,39.9743],[32.9185,39.9746],[32.9188,39.9736],[32.9185,39.9732],[32.9185,39.9721],[32.9181,39.9713],[32.9171,39.9707],[32.9166,39.9701],[32.9165,39.9694],[32.9161,39.9687],[32.9149,39.9687],[32.9144,39.9682],[32.9142,39.9677],[32.9132,39.9678],[32.9122,39.9686],[32.91,39.9701],[32.9079,39.9725],[32.9074,39.9737],[32.9074,39.9746],[32.9079,39.9779],[32.9077,39.9787],[32.9073,39.9788],[32.9102,39.9792],[32.9115,39.9798],[32.9117,39.9793],[32.9125,39.9787],[32.9133,39.9783],[32.9153,39.9782],[32.9166,39.9785],[32.9171,39.9783],[32.9162,39.9818],[32.9168,39.9881],[32.9239,39.9911],[32.9288,39.9868],[32.9292,39.9859],[32.9294,39.9859]]]]}},{"type":"Feature","properties":{"id":"altindag-kavakli"},"geometry":{"type":"MultiPolygon","coordinates":[[[[33.0565,40.0116],[33.0572,40.0112],[33.0586,40.0119],[33.0609,40.0135],[33.0632,40.0134],[33.0655,40.0127],[33.0664,40.012],[33.067,40.0111],[33.0681,40.011],[33.0686,40.0126],[33.0679,40.0136],[33.0756,40.0145],[33.0758,40.0147],[33.0764,40.0137],[33.0812,40.0111],[33.0842,40.0093],[33.0908,40.007],[33.0934,40.0066],[33.0945,40.0062],[33.0991,40.0051],[33.0998,40.0048],[33.1007,40.0051],[33.1097,40.0056],[33.1097,40.001],[33.1039,39.9938],[33.1024,39.9938],[33.0936,39.9878],[33.0981,39.9866],[33.0921,39.979],[33.0902,39.9715],[33.0926,39.9632],[33.0842,39.9627],[33.0806,39.9661],[33.0786,39.9694],[33.0796,39.9699],[33.0844,39.9711],[33.0847,39.9734],[33.0816,39.9751],[33.0779,39.975],[33.0745,39.9907],[33.0623,39.9896],[33.0582,39.989],[33.0531,39.9864],[33.038,39.9832],[33.0338,39.982],[33.0311,39.9808],[33.029,39.9802],[33.0281,39.9801],[33.0222,39.9811],[33.0239,39.9813],[33.0239,39.9821],[33.024,39.9827],[33.0243,39.9828],[33.0239,39.9837],[33.0234,39.9836],[33.0218,39.9857],[33.0224,39.986],[33.0243,39.9861],[33.0248,39.9863],[33.0244,39.9869],[33.0245,39.9872],[33.0247,39.9874],[33.0237,39.9882],[33.0245,39.9887],[33.0251,39.9889],[33.0249,39.9895],[33.027,39.991],[33.0275,39.9916],[33.0279,39.9914],[33.0283,39.9914],[33.029,39.9921],[33.0299,39.9918],[33.0303,39.9929],[33.03,39.993],[33.0309,39.9943],[33.0302,39.9949],[33.0309,39.9954],[33.0295,39.9956],[33.0291,39.9965],[33.0292,39.9968],[33.0289,39.9974],[33.0295,39.9989],[33.0292,39.9991],[33.0297,39.9999],[33.0311,40.0016],[33.0326,40.0023],[33.0322,40.0031],[33.0329,40.0033],[33.0327,40.0035],[33.0329,40.0043],[33.0326,40.0047],[33.0325,40.0052],[33.0317,40.0069],[33.0318,40.0072],[33.0329,40.0072],[33.0338,40.0067],[33.0349,40.0079],[33.0358,40.0076],[33.036,40.0077],[33.0358,40.0086],[33.0354,40.0087],[33.0354,40.0089],[33.0359,40.0095],[33.037,40.0094],[33.0366,40.0097],[33.0366,40.0099],[33.0369,40.0117],[33.0375,40.0115],[33.0384,40.0117],[33.039,40.0117],[33.039,40.0107],[33.0404,40.0108],[33.0407,40.0098],[33.0417,40.0098],[33.0414,40.0111],[33.0405,40.0125],[33.0407,40.0127],[33.0399,40.0134],[33.0405,40.0138],[33.0399,40.0143],[33.0403,40.0147],[33.0399,40.0151],[33.0483,40.0139],[33.0562,40.0136],[33.0559,40.0123],[33.0565,40.0116]]]]}},{"type":"Feature","properties":{"id":"altindag-gicik"},"geometry":{"type":"MultiPolygon","coordinates":[[[[32.9609,40.0442],[32.9614,40.0441],[32.9626,40.0445],[32.9633,40.0445],[32.9648,40.0442],[32.9658,40.0437],[32.9668,40.0425],[32.9683,40.0403],[32.97,40.0405],[32.9706,40.0422],[32.9716,40.0433],[32.9728,40.0439],[32.9741,40.0443],[32.9756,40.0426],[32.976,40.0425],[32.9765,40.0415],[32.9785,40.0425],[32.9793,40.0417],[32.9793,40.0412],[32.9814,40.0399],[32.9819,40.0388],[32.9825,40.0381],[32.9826,40.0375],[32.9821,40.0365],[32.9824,40.0364],[32.9821,40.0355],[32.983,40.0352],[32.9836,40.0353],[32.9843,40.0359],[32.9843,40.0351],[32.9849,40.0349],[32.9868,40.0324],[32.9864,40.0275],[32.985,40.0261],[32.9856,40.0246],[32.9868,40.0247],[32.986,40.0237],[32.9856,40.0227],[32.9867,40.0217],[32.9874,40.0202],[32.9848,40.0182],[32.986,40.0171],[32.9858,40.0169],[32.9874,40.0156],[32.9866,40.0152],[32.987,40.0135],[32.988,40.0128],[32.9848,40.0123],[32.985,40.0115],[32.9843,40.0112],[32.9836,40.011],[32.9841,40.0095],[32.9833,40.0089],[32.9825,40.0077],[32.9819,40.0063],[32.9833,40.0048],[32.9825,40.0038],[32.9812,40.0032],[32.9794,40.003],[32.9757,40.0011],[32.9749,40.0012],[32.9747,40.0019],[32.9736,40.0013],[32.9716,40.0017],[32.9679,39.9978],[32.9498,39.9984],[32.948,40.0091],[32.9521,40.0123],[32.9514,40.0148],[32.952,40.0179],[32.9543,40.0211],[32.956,40.036],[32.9602,40.0447],[32.9609,40.0442]]]]}},{"type":"Feature","properties":{"id":"altindag-solfasol"},"geometry":{"type":"MultiPolygon","coordinates":[[[[32.9164,39.9976],[32.9168,39.9973],[32.9171,39.9966],[32.9173,39.9964],[32.917,39.9955],[32.9232,39.9954],[32.9239,39.9911],[32.9168,39.9881],[32.9162,39.9818],[32.9171,39.9783],[32.9166,39.9785],[32.9153,39.9782],[32.9133,39.9783],[32.9125,39.9787],[32.9117,39.9793],[32.9115,39.9798],[32.9102,39.9792],[32.9081,39.9789],[32.9073,39.9788],[32.9052,39.979],[32.903,39.9817],[32.9019,39.9843],[32.9009,39.9897],[32.9005,39.9909],[32.8999,39.9915],[32.9003,39.9924],[32.9003,39.9942],[32.9007,39.9949],[32.9014,39.9955],[32.9024,39.9958],[32.9046,39.9958],[32.9062,39.9962],[32.9096,39.9977],[32.9132,39.9977],[32.9146,39.9982],[32.9153,39.9992],[32.9156,39.9991],[32.9157,39.9979],[32.9164,39.9976]]]]}},{"type":"Feature","properties":{"id":"altindag-pecenek"},"geometry":{"type":"MultiPolygon","coordinates":[[[[33.0196,40.0376],[33.0212,40.0358],[33.0234,40.0354],[33.0328,40.025],[33.0355,40.0194],[33.0356,40.0185],[33.0365,40.0154],[33.0399,40.0151],[33.0403,40.0147],[33.0399,40.0143],[33.0405,40.0138],[33.0399,40.0134],[33.0407,40.0127],[33.0405,40.0125],[33.0414,40.0111],[33.0417,40.0098],[33.0407,40.0098],[33.0404,40.0108],[33.039,40.0107],[33.039,40.0117],[33.0384,40.0117],[33.0375,40.0115],[33.0369,40.0117],[33.0366,40.0099],[33.0366,40.0097],[33.037,40.0094],[33.0359,40.0095],[33.0354,40.0089],[33.0354,40.0087],[33.0358,40.0086],[33.036,40.0077],[33.0358,40.0076],[33.0349,40.0079],[33.0338,40.0067],[33.0329,40.0072],[33.0318,40.0072],[33.0317,40.0069],[33.0325,40.0052],[33.0326,40.0047],[33.0329,40.0043],[33.0327,40.0035],[33.0312,40.0042],[33.0301,40.0052],[33.0296,40.0051],[33.0283,40.006],[33.0288,40.007],[33.0292,40.0071],[33.0287,40.0074],[33.0276,40.0068],[33.0274,40.007],[33.0266,40.007],[33.0258,40.0065],[33.0234,40.0043],[33.0222,40.0041],[33.0221,40.004],[33.0196,40.0043],[33.0187,40.0046],[33.0184,40.0043],[33.018,40.0044],[33.0173,40.0037],[33.0147,40.0054],[33.0141,40.0046],[33.0128,40.0051],[33.0107,40.0055],[33.0097,40.0038],[33.0095,40.0037],[33.0072,40.0057],[33.0055,40.0066],[33.0049,40.0068],[32.9998,40.0042],[32.9986,40.0037],[32.9967,40.0042],[32.9989,40.0079],[32.9974,40.0091],[32.9969,40.0092],[32.9967,40.0082],[32.9959,40.0071],[32.9952,40.008],[32.9952,40.0084],[32.993,40.0082],[32.9908,40.0087],[32.9896,40.0093],[32.9892,40.0112],[32.9882,40.0112],[32.988,40.0128],[32.987,40.0135],[32.9866,40.0152],[32.9874,40.0156],[32.9858,40.0169],[32.986,40.0171],[32.9848,40.0182],[32.9874,40.0202],[32.9867,40.0217],[32.9856,40.0227],[32.986,40.0237],[32.9868,40.0247],[32.9856,40.0246],[32.985,40.0261],[32.9864,40.0275],[32.9868,40.0324],[32.9849,40.0349],[32.9843,40.0351],[32.9843,40.0359],[32.9836,40.0353],[32.983,40.0352],[32.9821,40.0355],[32.9824,40.0364],[32.9821,40.0365],[32.9826,40.0375],[32.9825,40.0381],[32.9819,40.0388],[32.9814,40.0399],[32.9817,40.0411],[32.9813,40.0425],[32.9814,40.0429],[32.9822,40.0437],[32.9823,40.0444],[32.9818,40.0458],[32.9822,40.0459],[32.9827,40.0458],[32.9843,40.047],[32.9843,40.0473],[32.9856,40.0464],[32.987,40.0462],[32.9874,40.047],[32.9924,40.0474],[32.9945,40.047],[32.9956,40.047],[32.9957,40.0474],[32.9996,40.0475],[33.0007,40.0469],[33.0025,40.0446],[33.0041,40.0435],[33.0109,40.0428],[33.0196,40.0376]]]]}},{"type":"Feature","properties":{"id":"altindag-onder"},"geometry":{"type":"MultiPolygon","coordinates":[[[[32.9039,39.9627],[32.9041,39.9625],[32.9059,39.9619],[32.9055,39.9611],[32.9073,39.9604],[32.9079,39.9605],[32.9088,39.9604],[32.9187,39.9614],[32.9296,39.9614],[32.9299,39.9611],[32.9267,39.9603],[32.9243,39.9594],[32.9219,39.9575],[32.921,39.9564],[32.9203,39.9562],[32.9177,39.9549],[32.9168,39.9546],[32.9166,39.9541],[32.9105,39.956],[32.9094,39.9539],[32.9113,39.9533],[32.9105,39.9518],[32.8942,39.957],[32.8923,39.9574],[32.8893,39.9577],[32.8894,39.9593],[32.8904,39.9642],[32.8953,39.9633],[32.8976,39.9626],[32.8981,39.9635],[32.9011,39.965],[32.9022,39.9658],[32.9039,39.9627]]]]}},{"type":"Feature","properties":{"id":"altindag-yildiztepe"},"geometry":{"type":"MultiPolygon","coordinates":[[[[32.9022,39.9836],[32.903,39.9817],[32.9052,39.979],[32.9072,39.9789],[32.9077,39.9787],[32.9079,39.9776],[32.9074,39.975],[32.9074,39.9737],[32.9082,39.9721],[32.9067,39.9715],[32.9046,39.9729],[32.8972,39.9729],[32.8927,39.9726],[32.8908,39.9727],[32.8904,39.9742],[32.8893,39.9748],[32.8881,39.9759],[32.8855,39.977],[32.8859,39.9811],[32.8863,39.9821],[32.8868,39.9828],[32.8876,39.9832],[32.8887,39.9836],[32.8928,39.9834],[32.8941,39.9838],[32.8946,39.9842],[32.8956,39.9851],[32.8999,39.9915],[32.9005,39.9909],[32.9008,39.99],[32.9019,39.9843],[32.9022,39.9836]]]]}},{"type":"Feature","properties":{"id":"altindag-baspinar"},"geometry":{"type":"MultiPolygon","coordinates":[[[[32.9347,39.9752],[32.9366,39.9707],[32.9382,39.9698],[32.9383,39.9695],[32.9361,39.969],[32.9347,39.9689],[32.9271,39.9696],[32.9255,39.9692],[32.9207,39.9675],[32.9194,39.9674],[32.9142,39.9677],[32.9144,39.9682],[32.9149,39.9687],[32.9161,39.9688],[32.9165,39.9694],[32.9166,39.9701],[32.9171,39.9707],[32.9181,39.9713],[32.9186,39.9723],[32.9185,39.9732],[32.9188,39.9735],[32.9185,39.9746],[32.9192,39.9743],[32.9216,39.9744],[32.9235,39.9749],[32.9246,39.9754],[32.9248,39.9761],[32.9244,39.9781],[32.9245,39.9789],[32.925,39.9797],[32.9266,39.981],[32.9278,39.9832],[32.9289,39.9843],[32.9291,39.9848],[32.9305,39.985],[32.9335,39.9842],[32.9348,39.9826],[32.9346,39.9816],[32.9338,39.9793],[32.9342,39.9769],[32.9347,39.9752]]]]}},{"type":"Feature","properties":{"id":"altindag-karapurcek"},"geometry":{"type":"MultiPolygon","coordinates":[[[[32.9895,39.9649],[32.9915,39.9624],[32.9885,39.961],[32.9864,39.9537],[32.9836,39.9528],[32.9831,39.9513],[32.9855,39.9507],[32.9848,39.9487],[32.9806,39.9475],[32.9782,39.9487],[32.9758,39.9502],[32.9748,39.9506],[32.9735,39.9496],[32.9724,39.9496],[32.9707,39.9498],[32.9707,39.9503],[32.9705,39.951],[32.9704,39.9517],[32.9702,39.952],[32.9698,39.9521],[32.9696,39.9524],[32.9702,39.9527],[32.971,39.9528],[32.9716,39.9535],[32.9728,39.9541],[32.9713,39.9541],[32.9706,39.9543],[32.9715,39.9558],[32.9707,39.9566],[32.9702,39.9576],[32.968,39.9585],[32.9674,39.959],[32.9672,39.9596],[32.9614,39.9648],[32.9624,39.9651],[32.9621,39.9667],[32.9622,39.9678],[32.9624,39.9687],[32.9619,39.9719],[32.963,39.9725],[32.9635,39.973],[32.9621,39.974],[32.9623,39.9746],[32.9633,39.9762],[32.9624,39.9765],[32.9629,39.9773],[32.962,39.9791],[32.9628,39.98],[32.9622,39.9807],[32.962,39.9813],[32.962,39.9817],[32.959,39.982],[32.9582,39.9837],[32.9577,39.9842],[32.9576,39.9848],[32.9572,39.9852],[32.9572,39.9855],[32.9567,39.9857],[32.9566,39.9862],[32.9557,39.9865],[32.9556,39.988],[32.9553,39.9883],[32.9547,39.9894],[32.954,39.9899],[32.9539,39.9902],[32.954,39.9906],[32.9539,39.9919],[32.9533,39.9926],[32.9532,39.9941],[32.9526,39.9945],[32.9525,39.9947],[32.9527,39.9952],[32.9521,39.9958],[32.9521,39.9965],[32.9525,39.9967],[32.9524,39.9974],[32.9525,39.9975],[32.9537,39.9983],[32.9773,39.9975],[32.9798,39.9908],[32.9874,39.9854],[32.9849,39.9832],[32.9847,39.9789],[32.9879,39.9767],[32.9922,39.9763],[32.991,39.9702],[32.9895,39.9649]]]]}},{"type":"Feature","properties":{"id":"altindag-baraj"},"geometry":{"type":"MultiPolygon","coordinates":[[[[32.9602,40.0447],[32.956,40.036],[32.9543,40.0211],[32.952,40.0179],[32.9514,40.0148],[32.9521,40.0123],[32.948,40.0091],[32.9487,40.0047],[32.9404,39.9993],[32.9232,39.9954],[32.917,39.9955],[32.9173,39.9964],[32.9171,39.9966],[32.917,39.997],[32.9167,39.9975],[32.9157,39.998],[32.9156,39.9991],[32.9153,39.9992],[32.9146,39.9982],[32.9132,39.9977],[32.9096,39.9977],[32.9071,39.9965],[32.9059,39.9961],[32.9046,39.9958],[32.9024,39.9958],[32.9014,39.9955],[32.9007,39.9949],[32.9003,39.9942],[32.9002,39.9934],[32.8996,39.9948],[32.8974,39.9973],[32.8972,39.9978],[32.8977,40.0016],[32.898,40.0024],[32.8991,40.0036],[32.8993,40.0043],[32.8991,40.005],[32.8974,40.0066],[32.8969,40.0075],[32.8969,40.0086],[32.8982,40.014],[32.8981,40.0153],[32.8974,40.0173],[32.9086,40.0167],[32.9108,40.0165],[32.9147,40.0156],[32.9186,40.0108],[32.9282,40.0108],[32.9296,40.013],[32.93,40.0141],[32.9303,40.0154],[32.9305,40.0182],[32.9315,40.0189],[32.9324,40.0191],[32.9348,40.0201],[32.9377,40.0207],[32.9386,40.021],[32.9391,40.0217],[32.9391,40.022],[32.9383,40.0236],[32.9384,40.0239],[32.9393,40.0252],[32.9393,40.026],[32.9389,40.0262],[32.9397,40.0271],[32.9398,40.0276],[32.9414,40.0284],[32.9444,40.0305],[32.9445,40.031],[32.9463,40.0319],[32.9474,40.0337],[32.9486,40.0348],[32.949,40.0362],[32.9489,40.0386],[32.9515,40.0404],[32.9522,40.0414],[32.9526,40.0424],[32.9524,40.045],[32.9503,40.0465],[32.9501,40.0478],[32.9501,40.05],[32.9506,40.0503],[32.953,40.05],[32.9579,40.0507],[32.9602,40.0447]]]]}},{"type":"Feature","properties":{"id":"altindag-hacettepe"},"geometry":{"type":"MultiPolygon","coordinates":[[[[32.8783,39.9388],[32.8775,39.937],[32.876,39.9345],[32.8733,39.9344],[32.8721,39.934],[32.8723,39.9336],[32.8723,39.9333],[32.8712,39.9326],[32.8691,39.93],[32.8675,39.9292],[32.8674,39.9288],[32.8636,39.9287],[32.8595,39.9291],[32.8548,39.929],[32.8543,39.9311],[32.8532,39.9328],[32.8532,39.9331],[32.8537,39.9343],[32.859,39.9333],[32.8604,39.9334],[32.861,39.9336],[32.8613,39.934],[32.8619,39.9344],[32.8619,39.9352],[32.8666,39.936],[32.8696,39.9371],[32.8707,39.9372],[32.8708,39.9383],[32.8717,39.9402],[32.8715,39.9413],[32.8717,39.9416],[32.8783,39.9388]]]]}},{"type":"Feature","properties":{"id":"altindag-gultepe"},"geometry":{"type":"MultiPolygon","coordinates":[[[[32.8954,39.9536],[32.8908,39.9481],[32.8906,39.9474],[32.8911,39.9454],[32.8905,39.9444],[32.8902,39.9445],[32.8889,39.9441],[32.8894,39.9433],[32.8878,39.9428],[32.8823,39.9424],[32.8811,39.9421],[32.8802,39.9417],[32.8795,39.9411],[32.8783,39.9388],[32.8717,39.9416],[32.8725,39.9428],[32.8726,39.9443],[32.8736,39.9468],[32.8725,39.9495],[32.8721,39.95],[32.8714,39.9505],[32.8662,39.9524],[32.8665,39.9525],[32.8686,39.9527],[32.8772,39.9528],[32.8823,39.9536],[32.8843,39.9526],[32.8852,39.9516],[32.8863,39.9498],[32.8872,39.949],[32.8882,39.9536],[32.8897,39.9534],[32.8913,39.9554],[32.8922,39.9562],[32.8939,39.956],[32.8963,39.9548],[32.8954,39.9536]]]]}},{"type":"Feature","properties":{"id":"altindag-kale"},"geometry":{"type":"MultiPolygon","coordinates":[[[[32.8623,39.9431],[32.8663,39.9434],[32.867,39.9431],[32.8683,39.9422],[32.8699,39.9423],[32.8717,39.9416],[32.8715,39.9413],[32.8717,39.9402],[32.8708,39.9383],[32.8707,39.9372],[32.8696,39.9371],[32.8666,39.936],[32.8619,39.9352],[32.8615,39.9359],[32.8592,39.9381],[32.8594,39.9398],[32.8582,39.9417],[32.8589,39.9417],[32.8614,39.9438],[32.8619,39.9432],[32.8623,39.9431]]]]}},{"type":"Feature","properties":{"id":"altindag-atifbey"},"geometry":{"type":"MultiPolygon","coordinates":[[[[32.8662,39.9524],[32.8714,39.9505],[32.8721,39.95],[32.8725,39.9495],[32.8736,39.9468],[32.8726,39.9443],[32.8725,39.9428],[32.8717,39.9416],[32.8699,39.9423],[32.8683,39.9422],[32.867,39.9431],[32.8663,39.9434],[32.8621,39.9431],[32.8617,39.9433],[32.8613,39.944],[32.8607,39.9457],[32.8614,39.9475],[32.8614,39.9483],[32.8611,39.9489],[32.859,39.9507],[32.8608,39.9521],[32.8621,39.9525],[32.8641,39.9527],[32.8662,39.9524]]]]}},{"type":"Feature","properties":{"id":"altindag-haci-bayram"},"geometry":{"type":"MultiPolygon","coordinates":[[[[32.8585,39.9511],[32.8611,39.9489],[32.8614,39.9481],[32.8614,39.9475],[32.8607,39.9457],[32.8608,39.9451],[32.8614,39.9438],[32.8589,39.9417],[32.8582,39.9417],[32.8594,39.9398],[32.8592,39.9381],[32.8617,39.9355],[32.8619,39.9344],[32.861,39.9336],[32.8593,39.9333],[32.8537,39.9343],[32.8532,39.9331],[32.8532,39.9328],[32.8543,39.9311],[32.8548,39.929],[32.8516,39.9293],[32.8502,39.9298],[32.8483,39.9314],[32.8462,39.9339],[32.8408,39.9369],[32.8402,39.9369],[32.8395,39.9376],[32.8406,39.9389],[32.8562,39.9531],[32.8585,39.9511]]]]}},{"type":"Feature","properties":{"id":"altindag-ornek"},"geometry":{"type":"MultiPolygon","coordinates":[[[[32.8893,39.9577],[32.8932,39.9573],[32.8979,39.9559],[32.8975,39.9552],[32.8969,39.9553],[32.8963,39.9548],[32.8939,39.956],[32.8922,39.9562],[32.8913,39.9554],[32.8897,39.9534],[32.8882,39.9536],[32.8872,39.949],[32.8863,39.9498],[32.8852,39.9516],[32.8843,39.9526],[32.8826,39.9535],[32.8819,39.9536],[32.8766,39.9528],[32.8686,39.9527],[32.8665,39.9525],[32.8662,39.9524],[32.8651,39.9526],[32.8634,39.9527],[32.861,39.9522],[32.8595,39.9512],[32.859,39.9507],[32.8585,39.9511],[32.8589,39.9525],[32.8594,39.9534],[32.8636,39.9573],[32.8656,39.9592],[32.8893,39.9577]]]]}},{"type":"Feature","properties":{"id":"altindag-zubeyde-hanim"},"geometry":{"type":"MultiPolygon","coordinates":[[[[32.8502,39.9579],[32.8504,39.9577],[32.8626,39.9593],[32.8656,39.9592],[32.8636,39.9573],[32.8594,39.9534],[32.8589,39.9525],[32.8585,39.9511],[32.8562,39.9531],[32.8406,39.9389],[32.8376,39.9409],[32.8307,39.9459],[32.8354,39.9511],[32.8319,39.9537],[32.8321,39.9538],[32.8351,39.9554],[32.8363,39.9556],[32.8384,39.9557],[32.8392,39.9559],[32.8401,39.9566],[32.8408,39.958],[32.8417,39.9588],[32.843,39.9596],[32.844,39.9599],[32.8471,39.9604],[32.8502,39.9579]]]]}},{"type":"Feature","properties":{"id":"altindag-battalgazi"},"geometry":{"type":"MultiPolygon","coordinates":[[[[32.9347,39.9689],[32.9361,39.969],[32.9381,39.9695],[32.9389,39.9695],[32.9409,39.9689],[32.9434,39.9679],[32.9485,39.9663],[32.9478,39.9657],[32.9447,39.9642],[32.9413,39.9636],[32.9374,39.9621],[32.9365,39.9618],[32.9329,39.9623],[32.9299,39.9611],[32.9296,39.9614],[32.9191,39.9614],[32.9185,39.9635],[32.918,39.9639],[32.917,39.9642],[32.9154,39.9649],[32.9149,39.9656],[32.9141,39.9676],[32.9194,39.9674],[32.9207,39.9675],[32.9255,39.9692],[32.9273,39.9696],[32.9347,39.9689]]]]}},{"type":"Feature","properties":{"id":"altindag-ulubey"},"geometry":{"type":"MultiPolygon","coordinates":[[[[32.9138,39.9677],[32.9142,39.9677],[32.9141,39.9673],[32.9147,39.9661],[32.9154,39.9649],[32.917,39.9642],[32.918,39.9639],[32.9185,39.9635],[32.9191,39.9614],[32.9162,39.9612],[32.9088,39.9604],[32.9079,39.9605],[32.9073,39.9604],[32.9055,39.9611],[32.9059,39.9619],[32.9041,39.9625],[32.9022,39.9658],[32.9042,39.9685],[32.9067,39.9715],[32.9082,39.9721],[32.9102,39.9699],[32.9122,39.9686],[32.9132,39.9678],[32.9138,39.9677]]]]}},{"type":"Feature","properties":{"id":"sincan-malikoy-anadolu-osb"},"geometry":{"type":"MultiPolygon","coordinates":[[[[32.4099,39.8016],[32.426,39.8024],[32.4286,39.8019],[32.4318,39.8006],[32.4263,39.7909],[32.4267,39.7909],[32.4249,39.7904],[32.4218,39.7899],[32.4215,39.79],[32.4196,39.7899],[32.4173,39.7894],[32.4171,39.7896],[32.4168,39.7896],[32.4163,39.7895],[32.4158,39.7889],[32.4121,39.7889],[32.41,39.7885],[32.4093,39.7882],[32.3918,39.7905],[32.3922,39.7912],[32.3954,39.7956],[32.3987,39.7996],[32.4021,39.8054],[32.4049,39.804],[32.4043,39.8034],[32.4099,39.8016]]]]}},{"type":"Feature","properties":{"id":"sincan-ahi-evran-osb"},"geometry":{"type":"MultiPolygon","coordinates":[[[[32.5366,39.9541],[32.5378,39.9541],[32.538,39.9528],[32.5378,39.952],[32.5378,39.9467],[32.5381,39.945],[32.538,39.9433],[32.5385,39.9412],[32.5346,39.9406],[32.5318,39.9392],[32.5296,39.9385],[32.5276,39.9376],[32.5227,39.9373],[32.5206,39.9375],[32.5184,39.9371],[32.5153,39.9372],[32.5136,39.9369],[32.5113,39.9361],[32.5115,39.9357],[32.5116,39.9344],[32.5112,39.9338],[32.5112,39.9333],[32.5118,39.932],[32.5117,39.9312],[32.5122,39.9307],[32.5137,39.9308],[32.5167,39.9295],[32.5185,39.9286],[32.5182,39.928],[32.5183,39.9275],[32.5194,39.925],[32.5197,39.9238],[32.5198,39.9226],[32.5169,39.9221],[32.5172,39.9216],[32.5169,39.9218],[32.5168,39.9215],[32.5165,39.9213],[32.5161,39.9188],[32.5157,39.9186],[32.5156,39.9181],[32.5157,39.9161],[32.516,39.9152],[32.5162,39.9143],[32.5168,39.9139],[32.5166,39.9135],[32.5168,39.9131],[32.5165,39.9123],[32.5164,39.9117],[32.5184,39.9086],[32.5192,39.9079],[32.5145,39.9056],[32.5142,39.9059],[32.5133,39.9054],[32.5132,39.9073],[32.5105,39.9094],[32.5097,39.9102],[32.5091,39.9107],[32.5076,39.9122],[32.507,39.9126],[32.5066,39.9134],[32.5059,39.9142],[32.5046,39.9162],[32.5039,39.9166],[32.503,39.9169],[32.4991,39.92],[32.4963,39.9208],[32.4931,39.9211],[32.4922,39.9214],[32.4907,39.9221],[32.4894,39.9237],[32.4903,39.9248],[32.4906,39.9248],[32.491,39.9259],[32.4926,39.927],[32.4927,39.9275],[32.4912,39.9282],[32.4901,39.9284],[32.4899,39.9288],[32.4893,39.929],[32.4891,39.9293],[32.4885,39.9304],[32.4889,39.9305],[32.4892,39.9298],[32.4907,39.9305],[32.4887,39.9313],[32.4873,39.9325],[32.4877,39.9342],[32.4892,39.9356],[32.4921,39.937],[32.4939,39.9375],[32.494,39.9377],[32.4948,39.9378],[32.4948,39.9377],[32.4955,39.9381],[32.4955,39.938],[32.4977,39.9389],[32.5048,39.945],[32.5054,39.9457],[32.5061,39.9472],[32.5074,39.9485],[32.5091,39.9496],[32.5107,39.9499],[32.5122,39.9498],[32.5141,39.9504],[32.5151,39.9517],[32.5157,39.952],[32.5154,39.9522],[32.516,39.9525],[32.5154,39.953],[32.5157,39.9532],[32.5165,39.9535],[32.5187,39.954],[32.5188,39.9538],[32.5205,39.9539],[32.5221,39.9526],[32.5275,39.9455],[32.5276,39.9461],[32.5274,39.9464],[32.5273,39.9471],[32.5279,39.9477],[32.5267,39.948],[32.526,39.9488],[32.5274,39.9504],[32.5273,39.951],[32.5277,39.9512],[32.5285,39.9513],[32.5286,39.9508],[32.531,39.9533],[32.5315,39.9531],[32.5311,39.9513],[32.5329,39.9503],[32.5329,39.9496],[32.5331,39.9497],[32.5329,39.9501],[32.5346,39.9508],[32.535,39.9506],[32.5361,39.9524],[32.535,39.9522],[32.5346,39.9544],[32.5356,39.9546],[32.5366,39.9541]],[[32.5019,39.933],[32.5018,39.9317],[32.5017,39.9317],[32.5006,39.9301],[32.5049,39.9284],[32.5048,39.9305],[32.5043,39.9306],[32.505,39.9332],[32.5052,39.9334],[32.5026,39.9332],[32.5008,39.9341],[32.5003,39.9334],[32.501,39.9331],[32.5019,39.933]]],[[[32.5407,39.9903],[32.5408,39.9897],[32.5415,39.9892],[32.5422,39.9899],[32.5424,39.9899],[32.5426,39.9894],[32.544,39.9893],[32.5442,39.9889],[32.544,39.9889],[32.5432,39.9873],[32.5429,39.9874],[32.5426,39.9871],[32.5537,39.9834],[32.5546,39.9832],[32.5553,39.9833],[32.5565,39.9859],[32.5737,39.9804],[32.5735,39.98],[32.5736,39.98],[32.5722,39.9775],[32.5718,39.9771],[32.5713,39.9769],[32.5701,39.9769],[32.5701,39.9772],[32.57,39.977],[32.5699,39.9772],[32.5656,39.9736],[32.5625,39.9724],[32.5611,39.9716],[32.56,39.9719],[32.5557,39.9727],[32.5515,39.9726],[32.5517,39.9704],[32.5562,39.9688],[32.5593,39.9663],[32.5591,39.9662],[32.5585,39.9667],[32.5574,39.9659],[32.5561,39.9658],[32.5555,39.9656],[32.5551,39.9659],[32.5547,39.9659],[32.5545,39.9657],[32.5534,39.9656],[32.5499,39.9642],[32.5487,39.9629],[32.5482,39.9608],[32.5464,39.9589],[32.5451,39.958],[32.5443,39.9578],[32.5388,39.9576],[32.5385,39.9573],[32.5368,39.9563],[32.5345,39.9557],[32.5342,39.9559],[32.5338,39.9558],[32.5335,39.9559],[32.5325,39.9569],[32.5318,39.9573],[32.5311,39.9575],[32.531,39.9573],[32.5301,39.9576],[32.5293,39.9575],[32.5283,39.9572],[32.5275,39.9564],[32.5267,39.9551],[32.526,39.9547],[32.5252,39.9545],[32.5217,39.9548],[32.5205,39.9547],[32.5161,39.9538],[32.5151,39.9533],[32.5149,39.9534],[32.5144,39.9526],[32.5145,39.9558],[32.5216,39.9603],[32.5214,39.9605],[32.5209,39.9603],[32.5197,39.9594],[32.5165,39.9576],[32.5157,39.9569],[32.5145,39.9562],[32.5146,39.9589],[32.5148,39.9588],[32.5153,39.9597],[32.5153,39.9601],[32.5148,39.9603],[32.5149,39.9605],[32.5145,39.9607],[32.5157,39.9624],[32.5153,39.9633],[32.5155,39.9638],[32.5149,39.9642],[32.5152,39.9644],[32.5151,39.9645],[32.5166,39.965],[32.5167,39.9652],[32.5167,39.965],[32.517,39.9651],[32.518,39.9661],[32.5208,39.9678],[32.524,39.9705],[32.527,39.97],[32.5311,39.9667],[32.5277,39.9647],[32.5216,39.9607],[32.5218,39.9605],[32.5296,39.9656],[32.534,39.9678],[32.5345,39.967],[32.5343,39.9659],[32.5338,39.9653],[32.5338,39.9644],[32.5341,39.9643],[32.5342,39.964],[32.5352,39.9635],[32.536,39.9633],[32.5376,39.9646],[32.5382,39.9654],[32.5379,39.9663],[32.5403,39.9678],[32.5389,39.9697],[32.5386,39.9708],[32.538,39.9717],[32.5386,39.9719],[32.5392,39.9728],[32.5391,39.9728],[32.5394,39.9733],[32.5396,39.974],[32.5399,39.98],[32.5369,39.9813],[32.5353,39.9821],[32.5337,39.9834],[32.5379,39.9879],[32.5385,39.9894],[32.5397,39.9894],[32.5395,39.9896],[32.5397,39.9901],[32.5407,39.9905],[32.5407,39.9903]]]]}},{"type":"Feature","properties":{"id":"sincan-alci-osb"},"geometry":{"type":"MultiPolygon","coordinates":[[[[32.5021,39.8287],[32.4972,39.8263],[32.4972,39.8242],[32.495,39.8226],[32.4949,39.8221],[32.4968,39.8208],[32.4976,39.8192],[32.4974,39.8167],[32.4967,39.8163],[32.4939,39.8142],[32.494,39.8136],[32.4952,39.8131],[32.4964,39.813],[32.4975,39.8124],[32.4989,39.8121],[32.4988,39.8113],[32.4941,39.8095],[32.4937,39.8095],[32.4923,39.8103],[32.4885,39.8115],[32.4884,39.8101],[32.4896,39.8084],[32.4867,39.8077],[32.477,39.8144],[32.4759,39.8139],[32.4696,39.8011],[32.46,39.7979],[32.4475,39.7919],[32.4263,39.7909],[32.4372,39.81],[32.4545,39.8101],[32.4524,39.8105],[32.4525,39.8109],[32.4549,39.8105],[32.4554,39.8118],[32.4557,39.8121],[32.4573,39.8129],[32.4578,39.8134],[32.4608,39.8148],[32.4624,39.8159],[32.466,39.8165],[32.4653,39.8196],[32.4616,39.8201],[32.4591,39.8215],[32.4604,39.8223],[32.4635,39.8238],[32.4639,39.8238],[32.4638,39.8235],[32.4646,39.8231],[32.4646,39.8226],[32.4649,39.8222],[32.4654,39.8222],[32.4663,39.8227],[32.4669,39.8227],[32.4693,39.822],[32.4701,39.8212],[32.4707,39.8208],[32.4715,39.821],[32.4774,39.8214],[32.4791,39.8219],[32.4801,39.821],[32.4809,39.8217],[32.4811,39.8209],[32.4819,39.8207],[32.4822,39.8207],[32.4828,39.8213],[32.4855,39.8222],[32.4866,39.8229],[32.4862,39.8233],[32.4857,39.8234],[32.4846,39.8231],[32.4842,39.8234],[32.4844,39.8264],[32.4877,39.8261],[32.4886,39.8267],[32.4884,39.8273],[32.4887,39.8277],[32.4903,39.8276],[32.4916,39.8272],[32.4918,39.8276],[32.4902,39.8282],[32.4879,39.8283],[32.4876,39.8278],[32.4872,39.8277],[32.4868,39.8283],[32.4866,39.8288],[32.4862,39.8292],[32.4857,39.8293],[32.4874,39.8334],[32.4885,39.8335],[32.4886,39.8338],[32.488,39.8344],[32.4895,39.8341],[32.4984,39.8307],[32.5021,39.8287]]]]}},{"type":"Feature","properties":{"id":"sincan-malikoy-baskent-osb"},"geometry":{"type":"MultiPolygon","coordinates":[[[[32.4079,39.8182],[32.4072,39.8168],[32.4074,39.8168],[32.4062,39.8141],[32.4065,39.8141],[32.4064,39.8138],[32.4062,39.8138],[32.4042,39.8099],[32.4018,39.8055],[32.4021,39.8054],[32.3987,39.7996],[32.3954,39.7956],[32.3922,39.7912],[32.3918,39.7905],[32.3913,39.7905],[32.3887,39.787],[32.3882,39.7872],[32.3863,39.7858],[32.3757,39.7888],[32.3751,39.7888],[32.3729,39.7897],[32.3677,39.7943],[32.3663,39.7951],[32.3645,39.7958],[32.3642,39.7999],[32.36,39.8006],[32.3575,39.8008],[32.36,39.8018],[32.3637,39.8047],[32.3638,39.8062],[32.3646,39.8069],[32.3653,39.8091],[32.368,39.8114],[32.3679,39.8149],[32.3692,39.8162],[32.3766,39.8215],[32.3897,39.8177],[32.3899,39.818],[32.3907,39.8176],[32.3932,39.8216],[32.3941,39.8214],[32.3982,39.8211],[32.4085,39.8197],[32.4079,39.8182]]]]}},{"type":"Feature","properties":{"id":"sincan-malikoy-dokumculer-osb"},"geometry":{"type":"MultiPolygon","coordinates":[[[[32.4143,39.8094],[32.4145,39.8087],[32.416,39.8084],[32.4178,39.8078],[32.4205,39.8075],[32.4208,39.8075],[32.4213,39.8069],[32.4217,39.8053],[32.4226,39.804],[32.4222,39.804],[32.4229,39.8031],[32.4241,39.8023],[32.41,39.8016],[32.4083,39.8021],[32.408,39.803],[32.4079,39.8038],[32.4088,39.8051],[32.409,39.8061],[32.4077,39.8064],[32.407,39.8068],[32.4065,39.8073],[32.4066,39.8082],[32.4054,39.8092],[32.4057,39.8092],[32.4068,39.8084],[32.4076,39.8094],[32.4087,39.8098],[32.41,39.8096],[32.4101,39.8093],[32.4106,39.8094],[32.4111,39.8093],[32.4132,39.81],[32.4141,39.8097],[32.4143,39.8094]]]]}},{"type":"Feature","properties":{"id":"sincan-gazi"},"geometry":{"type":"MultiPolygon","coordinates":[[[[32.3558,39.7276],[32.3547,39.7272],[32.3534,39.7275],[32.3522,39.7274],[32.3523,39.7267],[32.3495,39.7263],[32.3452,39.7254],[32.3448,39.7228],[32.299,39.7144],[32.2959,39.7137],[32.2921,39.7122],[32.2916,39.7125],[32.2915,39.7124],[32.291,39.7131],[32.2906,39.7129],[32.2875,39.717],[32.293,39.7188],[32.2916,39.7199],[32.292,39.72],[32.2943,39.7219],[32.2937,39.7223],[32.2944,39.7228],[32.296,39.7251],[32.295,39.7264],[32.2969,39.7275],[32.2972,39.7272],[32.2993,39.7284],[32.2983,39.729],[32.3013,39.7303],[32.301,39.7306],[32.3025,39.7315],[32.3024,39.732],[32.3038,39.7321],[32.3048,39.7306],[32.3062,39.7309],[32.3072,39.7296],[32.307,39.7295],[32.3077,39.728],[32.3092,39.7286],[32.3097,39.7279],[32.3073,39.727],[32.3089,39.7245],[32.3092,39.7247],[32.3103,39.7234],[32.3128,39.725],[32.3142,39.7243],[32.3151,39.7253],[32.3156,39.7255],[32.315,39.7266],[32.3153,39.7274],[32.3152,39.7277],[32.3148,39.7302],[32.3152,39.7316],[32.315,39.733],[32.3188,39.7348],[32.3185,39.7353],[32.3207,39.7364],[32.3276,39.7385],[32.331,39.7398],[32.3374,39.744],[32.3377,39.7441],[32.3455,39.7505],[32.3493,39.7553],[32.3502,39.7548],[32.3522,39.7529],[32.3531,39.7518],[32.3553,39.7502],[32.3561,39.7498],[32.3571,39.7489],[32.3585,39.7474],[32.3667,39.7402],[32.367,39.7401],[32.3672,39.7395],[32.3674,39.7393],[32.3672,39.7391],[32.3675,39.7389],[32.3669,39.7382],[32.3633,39.7359],[32.3614,39.7354],[32.3596,39.7345],[32.3568,39.7334],[32.3571,39.7328],[32.3557,39.7323],[32.3564,39.7313],[32.3573,39.7306],[32.3573,39.7297],[32.3571,39.729],[32.3558,39.7276]]]]}},{"type":"Feature","properties":{"id":"sincan-29-ekim"},"geometry":{"type":"MultiPolygon","coordinates":[[[[32.5378,40.024],[32.538,40.0239],[32.5387,40.0246],[32.5404,40.0237],[32.5346,40.0046],[32.532,40.0072],[32.5301,40.0094],[32.5304,40.0097],[32.5272,40.0147],[32.5263,40.0155],[32.5248,40.0164],[32.5253,40.0169],[32.5279,40.026],[32.5332,40.0253],[32.5368,40.0247],[32.5378,40.024]]]]}},{"type":"Feature","properties":{"id":"sincan-alci"},"geometry":{"type":"MultiPolygon","coordinates":[[[[32.5,39.8118],[32.5037,39.8077],[32.4943,39.803],[32.4917,39.8034],[32.4889,39.7951],[32.4847,39.7886],[32.4808,39.777],[32.4816,39.769],[32.4836,39.7669],[32.4794,39.7649],[32.4767,39.7641],[32.4614,39.7604],[32.4577,39.7591],[32.4577,39.7608],[32.4575,39.7609],[32.4569,39.7601],[32.4568,39.7618],[32.4561,39.7618],[32.4554,39.7601],[32.4546,39.7597],[32.4543,39.7606],[32.4543,39.7623],[32.4447,39.7611],[32.4421,39.7605],[32.4408,39.7609],[32.4403,39.7607],[32.4344,39.7627],[32.435,39.7636],[32.4319,39.7664],[32.4303,39.7673],[32.4286,39.7685],[32.426,39.7729],[32.4257,39.7736],[32.4111,39.7792],[32.4118,39.7826],[32.4127,39.7858],[32.4213,39.7869],[32.4243,39.7867],[32.4232,39.7875],[32.4222,39.7899],[32.4267,39.7909],[32.4475,39.7919],[32.46,39.7979],[32.4696,39.8011],[32.4759,39.8139],[32.477,39.8144],[32.4867,39.8077],[32.4896,39.8084],[32.4884,39.8101],[32.4885,39.8115],[32.4923,39.8103],[32.4937,39.8095],[32.4941,39.8095],[32.4988,39.8113],[32.4989,39.8121],[32.4975,39.8124],[32.4964,39.813],[32.4952,39.8131],[32.494,39.8136],[32.4939,39.8142],[32.4967,39.8163],[32.4974,39.8167],[32.4976,39.8192],[32.4968,39.8208],[32.4949,39.8221],[32.495,39.8226],[32.4972,39.8242],[32.4972,39.8263],[32.5021,39.8287],[32.4984,39.8307],[32.4895,39.8341],[32.4881,39.8344],[32.4882,39.8348],[32.4938,39.8331],[32.5025,39.8288],[32.4998,39.8247],[32.4984,39.8222],[32.4986,39.8185],[32.5,39.8118]]],[[[32.4227,39.813],[32.4301,39.8137],[32.4315,39.8144],[32.4336,39.8147],[32.4366,39.8133],[32.4377,39.8122],[32.4405,39.811],[32.4426,39.8107],[32.4442,39.8101],[32.4372,39.81],[32.4318,39.8006],[32.4284,39.802],[32.4261,39.8024],[32.4241,39.8023],[32.4229,39.8031],[32.4222,39.804],[32.4226,39.804],[32.4217,39.8053],[32.4213,39.8069],[32.4208,39.8075],[32.4205,39.8075],[32.4178,39.8078],[32.4151,39.8086],[32.4142,39.8115],[32.4133,39.8128],[32.4124,39.8136],[32.4117,39.8155],[32.4106,39.8171],[32.4117,39.8184],[32.4157,39.8175],[32.4178,39.8165],[32.4188,39.8151],[32.4227,39.813]]]]}},{"type":"Feature","properties":{"id":"sincan-marasal-cakmak"},"geometry":{"type":"MultiPolygon","coordinates":[[[[32.6041,39.9598],[32.6042,39.9596],[32.6017,39.9597],[32.6014,39.9596],[32.5979,39.9577],[32.5973,39.9563],[32.5911,39.9557],[32.591,39.955],[32.586,39.9559],[32.5849,39.9566],[32.5841,39.9579],[32.585,39.9596],[32.5859,39.9622],[32.5861,39.9636],[32.5897,39.9629],[32.6036,39.9607],[32.6041,39.9598]]]]}},{"type":"Feature","properties":{"id":"sincan-plevne"},"geometry":{"type":"MultiPolygon","coordinates":[[[[32.6007,39.9729],[32.6005,39.9715],[32.601,39.9714],[32.6005,39.97],[32.6029,39.9662],[32.6036,39.9607],[32.5937,39.9623],[32.5937,39.9665],[32.5941,39.9685],[32.5939,39.9699],[32.594,39.9715],[32.5929,39.9717],[32.5942,39.9746],[32.6007,39.9729]]]]}},{"type":"Feature","properties":{"id":"sincan-baci"},"geometry":{"type":"MultiPolygon","coordinates":[[[[32.3287,39.819],[32.3328,39.8103],[32.3392,39.8076],[32.335,39.8021],[32.3435,39.7989],[32.3442,39.7994],[32.3447,39.7982],[32.3451,39.7984],[32.3455,39.7978],[32.3459,39.7968],[32.3451,39.7942],[32.3466,39.7895],[32.3485,39.7842],[32.3498,39.7792],[32.3508,39.7783],[32.352,39.7734],[32.3524,39.772],[32.3543,39.771],[32.3549,39.7703],[32.3552,39.7701],[32.3572,39.7676],[32.3595,39.767],[32.3632,39.768],[32.3645,39.7697],[32.3658,39.7695],[32.3665,39.7692],[32.3669,39.769],[32.3669,39.7685],[32.3679,39.7681],[32.3678,39.7671],[32.3681,39.767],[32.3684,39.7664],[32.369,39.766],[32.3695,39.7649],[32.3701,39.7647],[32.3705,39.764],[32.3702,39.7622],[32.3712,39.761],[32.3691,39.759],[32.3689,39.7578],[32.3689,39.7563],[32.3669,39.7542],[32.3674,39.7539],[32.367,39.7533],[32.3684,39.7519],[32.3685,39.7507],[32.3674,39.749],[32.3675,39.7474],[32.3673,39.747],[32.3676,39.7462],[32.367,39.7457],[32.3672,39.7453],[32.3671,39.7443],[32.3666,39.744],[32.3663,39.7429],[32.3667,39.7427],[32.3663,39.7419],[32.3677,39.7403],[32.3667,39.7402],[32.3585,39.7474],[32.3571,39.7489],[32.3561,39.7498],[32.3553,39.7502],[32.3531,39.7518],[32.3522,39.7529],[32.3502,39.7548],[32.3493,39.7553],[32.3455,39.7505],[32.3377,39.7441],[32.3374,39.744],[32.331,39.7398],[32.3276,39.7385],[32.3207,39.7364],[32.3185,39.7353],[32.3188,39.7348],[32.315,39.733],[32.3152,39.7316],[32.3148,39.7302],[32.3152,39.7277],[32.3153,39.7274],[32.315,39.7266],[32.3156,39.7255],[32.3151,39.7253],[32.3142,39.7243],[32.3128,39.725],[32.3103,39.7234],[32.3092,39.7247],[32.3089,39.7245],[32.3073,39.727],[32.3097,39.7279],[32.3092,39.7286],[32.3077,39.728],[32.307,39.7295],[32.3072,39.7296],[32.3062,39.7309],[32.3048,39.7306],[32.3038,39.7321],[32.303,39.7322],[32.3027,39.7331],[32.3031,39.7333],[32.3032,39.734],[32.3029,39.7349],[32.3024,39.7358],[32.3017,39.7377],[32.3006,39.7379],[32.2992,39.7388],[32.2987,39.74],[32.2982,39.7407],[32.2978,39.7428],[32.2979,39.7433],[32.2988,39.7434],[32.2988,39.7438],[32.2973,39.7438],[32.2973,39.7459],[32.2974,39.7463],[32.2955,39.7467],[32.2937,39.7477],[32.2938,39.7478],[32.2902,39.7499],[32.2905,39.7504],[32.2899,39.7507],[32.2897,39.7519],[32.2898,39.7521],[32.2889,39.7518],[32.2887,39.7527],[32.2918,39.753],[32.2922,39.7548],[32.293,39.7546],[32.2937,39.757],[32.293,39.757],[32.2926,39.7575],[32.2867,39.7569],[32.2877,39.7586],[32.2888,39.7598],[32.2844,39.761],[32.2847,39.7623],[32.2855,39.7642],[32.2844,39.7649],[32.2824,39.7648],[32.2814,39.7654],[32.282,39.7664],[32.2822,39.7675],[32.2816,39.7679],[32.2799,39.7682],[32.2792,39.7677],[32.2767,39.767],[32.2756,39.7672],[32.2737,39.7699],[32.2734,39.7714],[32.2721,39.7728],[32.2679,39.7742],[32.2662,39.7766],[32.2638,39.7769],[32.2621,39.7776],[32.2599,39.777],[32.2558,39.7781],[32.2508,39.7788],[32.247,39.7804],[32.243,39.7831],[32.2369,39.7873],[32.237,39.7883],[32.2356,39.7912],[32.2344,39.7963],[32.2355,39.7985],[32.2359,39.8004],[32.2407,39.8029],[32.2487,39.8031],[32.2535,39.8043],[32.2608,39.8054],[32.2709,39.8039],[32.2826,39.8043],[32.2917,39.8055],[32.2953,39.8063],[32.296,39.8069],[32.2958,39.8071],[32.2962,39.808],[32.2962,39.8084],[32.2968,39.8083],[32.2989,39.8087],[32.2998,39.8094],[32.3007,39.8098],[32.3013,39.8098],[32.3075,39.812],[32.3069,39.8129],[32.3127,39.8144],[32.3132,39.8135],[32.3163,39.8152],[32.3172,39.8153],[32.3185,39.8161],[32.3231,39.8182],[32.3282,39.8201],[32.3287,39.819]]]]}},{"type":"Feature","properties":{"id":"sincan-alagoz"},"geometry":{"type":"MultiPolygon","coordinates":[[[[32.4865,39.7612],[32.4888,39.7572],[32.4954,39.7515],[32.499,39.7518],[32.5003,39.7491],[32.5004,39.7464],[32.4988,39.7383],[32.4973,39.7373],[32.4978,39.736],[32.4982,39.7358],[32.4976,39.735],[32.4951,39.7353],[32.4908,39.7342],[32.4835,39.7315],[32.4819,39.7301],[32.479,39.7298],[32.4751,39.7282],[32.4719,39.7279],[32.4696,39.727],[32.4689,39.726],[32.4626,39.7235],[32.4605,39.7284],[32.448,39.7355],[32.4449,39.7382],[32.4251,39.7337],[32.4231,39.733],[32.4192,39.7308],[32.4109,39.7281],[32.41,39.729],[32.4086,39.7299],[32.4079,39.7296],[32.3909,39.7305],[32.3829,39.7312],[32.3801,39.7309],[32.3797,39.7307],[32.3795,39.7309],[32.3802,39.7315],[32.3793,39.7324],[32.3798,39.7325],[32.3797,39.7328],[32.3793,39.7332],[32.3779,39.7334],[32.3773,39.7338],[32.3745,39.7372],[32.3754,39.7379],[32.375,39.7436],[32.38,39.7449],[32.3819,39.7416],[32.3856,39.7434],[32.3857,39.7433],[32.386,39.7433],[32.3877,39.7445],[32.3956,39.7469],[32.4026,39.7484],[32.4053,39.7487],[32.4089,39.7499],[32.4124,39.7507],[32.4166,39.7514],[32.4192,39.7514],[32.4248,39.7524],[32.4256,39.7523],[32.4285,39.7529],[32.4298,39.7536],[32.4311,39.7539],[32.4313,39.7548],[32.4325,39.756],[32.433,39.7573],[32.4337,39.7582],[32.434,39.7579],[32.4351,39.7576],[32.436,39.7567],[32.4372,39.7566],[32.4381,39.7573],[32.438,39.7586],[32.4387,39.7591],[32.4399,39.7596],[32.4399,39.7604],[32.4408,39.7609],[32.4421,39.7605],[32.4447,39.7611],[32.4543,39.7623],[32.4543,39.7606],[32.4546,39.7597],[32.4554,39.7601],[32.4561,39.7618],[32.4568,39.7618],[32.4569,39.7601],[32.4575,39.7609],[32.4577,39.7608],[32.4577,39.7591],[32.4614,39.7604],[32.4767,39.7641],[32.4794,39.7649],[32.4836,39.7669],[32.4845,39.7647],[32.4865,39.7612]]]]}},{"type":"Feature","properties":{"id":"sincan-yenihisar"},"geometry":{"type":"MultiPolygon","coordinates":[[[[32.4605,39.7284],[32.4629,39.7229],[32.4633,39.7206],[32.4647,39.719],[32.4621,39.7199],[32.4615,39.7197],[32.4594,39.7204],[32.4571,39.7202],[32.4567,39.7204],[32.455,39.7205],[32.4549,39.7206],[32.4494,39.7196],[32.4491,39.7191],[32.4485,39.7189],[32.4488,39.7179],[32.4487,39.7175],[32.4467,39.715],[32.447,39.7148],[32.4454,39.7094],[32.4458,39.7088],[32.4394,39.7105],[32.4386,39.7095],[32.4325,39.7123],[32.4198,39.7148],[32.4157,39.7161],[32.4159,39.7181],[32.4131,39.7184],[32.4101,39.7223],[32.4127,39.7238],[32.4098,39.7276],[32.4192,39.7308],[32.4231,39.733],[32.4251,39.7337],[32.4449,39.7382],[32.448,39.7355],[32.4605,39.7284]]]]}},{"type":"Feature","properties":{"id":"sincan-ataturk"},"geometry":{"type":"MultiPolygon","coordinates":[[[[32.5855,39.961],[32.5842,39.9579],[32.5823,39.9564],[32.5818,39.9556],[32.5776,39.9564],[32.5743,39.9573],[32.5735,39.958],[32.5721,39.9602],[32.5757,39.9618],[32.5787,39.9636],[32.5787,39.9654],[32.5793,39.9655],[32.5861,39.9633],[32.5855,39.961]]]]}},{"type":"Feature","properties":{"id":"sincan-ulubatli-hasan"},"geometry":{"type":"MultiPolygon","coordinates":[[[[32.6016,39.9969],[32.6025,39.9963],[32.6025,39.9961],[32.6013,39.9952],[32.601,39.9913],[32.6003,39.9904],[32.5976,39.9889],[32.5987,39.9878],[32.6017,39.9869],[32.6025,39.9865],[32.6018,39.9834],[32.6018,39.9827],[32.5938,39.9861],[32.5949,39.9904],[32.5899,39.992],[32.5881,39.9917],[32.588,39.9951],[32.5879,39.9953],[32.5866,39.9963],[32.5867,39.9966],[32.5866,39.997],[32.5884,39.997],[32.5884,39.9965],[32.5885,39.9964],[32.5943,39.9965],[32.5946,39.997],[32.5989,39.999],[32.5993,39.9984],[32.6016,39.9969]]]]}},{"type":"Feature","properties":{"id":"sincan-mevlana"},"geometry":{"type":"MultiPolygon","coordinates":[[[[32.5843,40.0036],[32.5861,40.0025],[32.5859,40.0023],[32.5823,40.0043],[32.5821,40.004],[32.5821,40.0032],[32.581,40.0009],[32.5794,40.0],[32.579,39.9992],[32.5789,39.9988],[32.5793,39.9981],[32.5797,39.9978],[32.5791,39.9979],[32.5785,39.9984],[32.5778,39.9977],[32.5774,39.998],[32.5771,39.9971],[32.5732,39.9907],[32.5734,39.9876],[32.5732,39.9873],[32.5705,39.9876],[32.5697,39.988],[32.5634,39.9965],[32.5704,40.0023],[32.5719,40.004],[32.5723,40.0069],[32.5732,40.0074],[32.5784,40.0077],[32.5784,40.0082],[32.5807,40.0077],[32.5813,40.0069],[32.5824,40.006],[32.5843,40.0036]]]]}},{"type":"Feature","properties":{"id":"sincan-cicektepe"},"geometry":{"type":"MultiPolygon","coordinates":[[[[32.558,39.8506],[32.5531,39.8487],[32.5456,39.8466],[32.5432,39.8454],[32.5422,39.8461],[32.541,39.8461],[32.5347,39.8492],[32.5312,39.8427],[32.5226,39.8457],[32.5157,39.8573],[32.5137,39.8618],[32.5111,39.8669],[32.516,39.8713],[32.519,39.8734],[32.5192,39.8738],[32.5236,39.8791],[32.5351,39.8813],[32.5425,39.8782],[32.5478,39.878],[32.554,39.8708],[32.5648,39.8674],[32.566,39.8663],[32.5668,39.8646],[32.5681,39.859],[32.5677,39.8561],[32.5633,39.8528],[32.558,39.8506]]]]}},{"type":"Feature","properties":{"id":"sincan-ucret"},"geometry":{"type":"MultiPolygon","coordinates":[[[[32.4567,39.7204],[32.4571,39.7202],[32.4594,39.7204],[32.4615,39.7197],[32.4621,39.7199],[32.4655,39.7186],[32.468,39.7165],[32.4691,39.716],[32.4734,39.7127],[32.4758,39.7106],[32.4761,39.7105],[32.4788,39.7113],[32.4817,39.7129],[32.4832,39.7139],[32.4849,39.7131],[32.4911,39.7126],[32.4974,39.7139],[32.5008,39.7143],[32.5019,39.7149],[32.5005,39.7099],[32.5027,39.7109],[32.5046,39.7101],[32.5063,39.7119],[32.5068,39.7121],[32.5077,39.7119],[32.5086,39.7128],[32.5087,39.7126],[32.5098,39.7125],[32.51,39.7138],[32.5123,39.7139],[32.5128,39.7135],[32.5141,39.7132],[32.5143,39.7128],[32.5135,39.7131],[32.5144,39.7117],[32.5149,39.7121],[32.5162,39.7116],[32.5182,39.712],[32.5187,39.7113],[32.5177,39.7102],[32.5231,39.7048],[32.5235,39.7039],[32.5235,39.7034],[32.5247,39.7032],[32.5255,39.7036],[32.5262,39.7037],[32.5275,39.7032],[32.5275,39.7029],[32.527,39.7018],[32.5284,39.7018],[32.5284,39.7012],[32.5295,39.7007],[32.5299,39.7004],[32.5298,39.6986],[32.5299,39.6982],[32.5319,39.6983],[32.5321,39.6981],[32.5341,39.6978],[32.5341,39.6976],[32.5365,39.6975],[32.5368,39.6981],[32.5376,39.6977],[32.539,39.6987],[32.5395,39.6984],[32.5434,39.6985],[32.5459,39.6987],[32.5465,39.6973],[32.5485,39.6988],[32.549,39.6987],[32.549,39.6981],[32.5498,39.6984],[32.5508,39.6976],[32.5532,39.6968],[32.5532,39.6966],[32.5547,39.6965],[32.5549,39.6962],[32.5556,39.6963],[32.5563,39.6958],[32.5567,39.6959],[32.557,39.6956],[32.5572,39.6959],[32.5581,39.6956],[32.5579,39.6953],[32.5582,39.6953],[32.5598,39.6945],[32.5633,39.694],[32.5665,39.6931],[32.5649,39.6902],[32.5694,39.6878],[32.5677,39.6788],[32.5712,39.6767],[32.5675,39.6738],[32.5686,39.6711],[32.5681,39.6691],[32.5688,39.6676],[32.5632,39.6652],[32.5642,39.664],[32.5605,39.6625],[32.5559,39.6659],[32.5518,39.6679],[32.548,39.6681],[32.545,39.6654],[32.5458,39.6632],[32.541,39.6639],[32.5387,39.6591],[32.5403,39.6584],[32.5385,39.6553],[32.5384,39.6539],[32.5361,39.6533],[32.5359,39.6544],[32.5341,39.6551],[32.5327,39.6539],[32.5302,39.6544],[32.5265,39.6537],[32.5258,39.6544],[32.5237,39.6534],[32.5224,39.6538],[32.5192,39.6505],[32.5176,39.6506],[32.5169,39.6494],[32.5153,39.6498],[32.5159,39.6475],[32.5129,39.6472],[32.5115,39.6456],[32.5072,39.6428],[32.5072,39.6401],[32.5058,39.638],[32.5032,39.6359],[32.4998,39.6354],[32.4975,39.6359],[32.4868,39.6398],[32.4852,39.6398],[32.4831,39.6403],[32.481,39.6424],[32.4772,39.6425],[32.4758,39.6454],[32.4719,39.6474],[32.4701,39.6496],[32.4714,39.651],[32.4739,39.6522],[32.4756,39.6535],[32.4756,39.654],[32.4747,39.6541],[32.4749,39.6562],[32.4715,39.6568],[32.4694,39.6581],[32.4694,39.6586],[32.4689,39.6592],[32.4672,39.66],[32.4659,39.6601],[32.4649,39.6608],[32.4635,39.6613],[32.4634,39.6617],[32.463,39.662],[32.4606,39.6623],[32.4623,39.663],[32.4614,39.6643],[32.4621,39.6649],[32.4619,39.6651],[32.4622,39.6655],[32.4607,39.6667],[32.4602,39.6665],[32.4597,39.6678],[32.4603,39.668],[32.4602,39.6683],[32.4605,39.6685],[32.4603,39.6708],[32.4596,39.6709],[32.4594,39.6717],[32.4592,39.6744],[32.4549,39.675],[32.4552,39.6763],[32.455,39.6774],[32.4541,39.6793],[32.4528,39.6794],[32.4523,39.6816],[32.4507,39.685],[32.4441,39.6929],[32.443,39.6937],[32.4433,39.694],[32.443,39.6946],[32.4434,39.6948],[32.4436,39.6963],[32.4432,39.6969],[32.4431,39.6974],[32.4421,39.6978],[32.4423,39.6989],[32.4437,39.7013],[32.444,39.7039],[32.4446,39.7059],[32.4458,39.7088],[32.4454,39.7094],[32.447,39.7148],[32.4467,39.715],[32.4487,39.7175],[32.4488,39.7179],[32.4485,39.7189],[32.4491,39.7191],[32.4494,39.7196],[32.4519,39.7201],[32.4549,39.7206],[32.455,39.7205],[32.4567,39.7204]]]]}},{"type":"Feature","properties":{"id":"sincan-girmec"},"geometry":{"type":"MultiPolygon","coordinates":[[[[32.2746,39.8486],[32.275,39.8484],[32.2801,39.8492],[32.2853,39.8469],[32.2895,39.8442],[32.293,39.8469],[32.2986,39.8453],[32.3029,39.8459],[32.3064,39.8438],[32.3127,39.8443],[32.3142,39.8416],[32.3234,39.8363],[32.3235,39.8303],[32.3282,39.8201],[32.3231,39.8182],[32.3185,39.8161],[32.3172,39.8153],[32.3163,39.8152],[32.3132,39.8135],[32.3127,39.8144],[32.3069,39.8129],[32.3075,39.812],[32.3013,39.8098],[32.3007,39.8098],[32.2998,39.8094],[32.2989,39.8087],[32.2968,39.8083],[32.2962,39.8084],[32.2962,39.808],[32.2958,39.8071],[32.296,39.8069],[32.2953,39.8063],[32.2917,39.8055],[32.2826,39.8043],[32.2709,39.8039],[32.2608,39.8054],[32.2535,39.8043],[32.2487,39.8031],[32.2433,39.8029],[32.2452,39.8062],[32.2521,39.8116],[32.2542,39.8174],[32.2581,39.8245],[32.2611,39.8273],[32.2604,39.8295],[32.2633,39.8381],[32.2717,39.8501],[32.2746,39.8486]]]]}},{"type":"Feature","properties":{"id":"sincan-incirlik"},"geometry":{"type":"MultiPolygon","coordinates":[[[[32.5252,40.1271],[32.5289,40.1247],[32.53,40.1247],[32.5312,40.123],[32.5327,40.1217],[32.5327,40.1197],[32.5349,40.1188],[32.5362,40.1187],[32.5376,40.1179],[32.5392,40.118],[32.5465,40.1096],[32.548,40.1064],[32.5515,40.1044],[32.5527,40.1031],[32.554,40.101],[32.555,40.1009],[32.5575,40.0985],[32.5612,40.1027],[32.5678,40.0995],[32.5586,40.0885],[32.5561,40.0859],[32.5539,40.0833],[32.5416,40.0684],[32.5413,40.0687],[32.53,40.075],[32.5221,40.0802],[32.5148,40.0889],[32.5103,40.0909],[32.5089,40.091],[32.509,40.0915],[32.4659,40.1106],[32.4705,40.117],[32.4749,40.1268],[32.4806,40.1318],[32.4829,40.1354],[32.487,40.1404],[32.4865,40.1434],[32.4883,40.1456],[32.4992,40.1513],[32.502,40.1545],[32.5108,40.1573],[32.516,40.1561],[32.5129,40.1495],[32.5116,40.145],[32.5163,40.1393],[32.5178,40.1379],[32.523,40.1299],[32.5245,40.129],[32.5237,40.1282],[32.5255,40.1277],[32.5252,40.1271]]]]}},{"type":"Feature","properties":{"id":"sincan-beyobasi"},"geometry":{"type":"MultiPolygon","coordinates":[[[[32.3886,39.7077],[32.3892,39.7063],[32.3941,39.7067],[32.3952,39.7059],[32.3963,39.7058],[32.3967,39.7051],[32.3963,39.7042],[32.3964,39.704],[32.3964,39.7034],[32.3966,39.7031],[32.3966,39.7024],[32.3981,39.7003],[32.3976,39.6995],[32.3987,39.6987],[32.3988,39.698],[32.3991,39.6978],[32.3992,39.6974],[32.3992,39.6973],[32.3989,39.6972],[32.3984,39.6976],[32.3973,39.6973],[32.3969,39.6973],[32.3966,39.697],[32.397,39.6952],[32.3985,39.6939],[32.3984,39.6935],[32.398,39.6933],[32.3972,39.6932],[32.3967,39.6933],[32.3962,39.6932],[32.3959,39.6929],[32.3962,39.6922],[32.3969,39.6917],[32.3965,39.6911],[32.3965,39.6909],[32.3967,39.6908],[32.3985,39.6909],[32.3984,39.6905],[32.3986,39.6902],[32.3985,39.6898],[32.3995,39.6887],[32.3991,39.6882],[32.3991,39.6873],[32.3988,39.6867],[32.398,39.6864],[32.3978,39.686],[32.3976,39.6859],[32.3967,39.6862],[32.396,39.6859],[32.3959,39.6853],[32.3963,39.6846],[32.3963,39.6844],[32.3965,39.6835],[32.397,39.6833],[32.3964,39.6823],[32.3965,39.6821],[32.3981,39.6813],[32.3984,39.681],[32.3992,39.6809],[32.3992,39.6801],[32.3997,39.6797],[32.4006,39.6796],[32.4008,39.6786],[32.4006,39.6783],[32.4011,39.6781],[32.4018,39.678],[32.4026,39.6774],[32.4029,39.6768],[32.4028,39.6751],[32.402,39.674],[32.4021,39.6736],[32.4026,39.6732],[32.4028,39.6726],[32.4026,39.6716],[32.4023,39.6712],[32.4023,39.6709],[32.4027,39.6708],[32.403,39.6703],[32.4024,39.6699],[32.4024,39.6695],[32.4009,39.6686],[32.4008,39.6682],[32.3982,39.6684],[32.3973,39.6688],[32.3983,39.6663],[32.3982,39.6644],[32.3986,39.6636],[32.3987,39.6625],[32.3986,39.6617],[32.3987,39.6595],[32.3985,39.659],[32.3985,39.6584],[32.3988,39.656],[32.3989,39.6508],[32.3995,39.6474],[32.3993,39.647],[32.3994,39.6456],[32.3987,39.642],[32.3987,39.6407],[32.3978,39.6399],[32.3964,39.6395],[32.3943,39.6379],[32.3938,39.6367],[32.3929,39.6352],[32.3875,39.6316],[32.3861,39.6325],[32.3838,39.6353],[32.3836,39.6373],[32.3802,39.6385],[32.3628,39.6328],[32.3625,39.6339],[32.3579,39.6328],[32.3558,39.6328],[32.3558,39.6316],[32.3508,39.6312],[32.3506,39.6319],[32.3469,39.6308],[32.3468,39.6293],[32.3452,39.6274],[32.3413,39.6266],[32.3387,39.6269],[32.3355,39.6236],[32.3355,39.6215],[32.333,39.6218],[32.3272,39.6182],[32.3247,39.6186],[32.3237,39.6195],[32.3214,39.6195],[32.3207,39.6204],[32.3192,39.6214],[32.3203,39.6219],[32.3188,39.6228],[32.318,39.6223],[32.3158,39.6223],[32.3142,39.6242],[32.316,39.625],[32.3131,39.6269],[32.312,39.6296],[32.3129,39.6321],[32.3105,39.6351],[32.3144,39.6384],[32.3133,39.6395],[32.3137,39.6423],[32.3126,39.6425],[32.3113,39.6421],[32.3108,39.6434],[32.3127,39.6461],[32.3124,39.6474],[32.3131,39.65],[32.3146,39.6496],[32.3152,39.6515],[32.3147,39.652],[32.3126,39.6552],[32.3155,39.6574],[32.3117,39.6586],[32.3087,39.6618],[32.3092,39.663],[32.3081,39.6668],[32.3105,39.6703],[32.3113,39.6697],[32.313,39.67],[32.3162,39.6701],[32.3243,39.6683],[32.3307,39.6693],[32.3373,39.6699],[32.3395,39.6696],[32.3369,39.6723],[32.3379,39.6736],[32.339,39.6724],[32.3405,39.6718],[32.341,39.6724],[32.3422,39.6719],[32.3437,39.6731],[32.3474,39.6724],[32.3477,39.6735],[32.3509,39.6759],[32.3514,39.6771],[32.3513,39.6799],[32.3538,39.6832],[32.3535,39.6858],[32.3539,39.6887],[32.3557,39.6923],[32.357,39.6922],[32.3597,39.6958],[32.3638,39.7006],[32.3649,39.7001],[32.3709,39.7018],[32.3696,39.7044],[32.3724,39.7052],[32.3877,39.7096],[32.3886,39.7077]]]]}},{"type":"Feature","properties":{"id":"sincan-istasyon"},"geometry":{"type":"MultiPolygon","coordinates":[[[[32.5862,39.9641],[32.5861,39.9633],[32.5793,39.9655],[32.5794,39.9661],[32.58,39.9673],[32.5802,39.9683],[32.5798,39.9756],[32.5801,39.9763],[32.5815,39.9779],[32.5862,39.9766],[32.586,39.9762],[32.5878,39.9752],[32.5869,39.9744],[32.5858,39.9719],[32.5857,39.9698],[32.586,39.9681],[32.5862,39.9641]]]]}},{"type":"Feature","properties":{"id":"sincan-kesiktas"},"geometry":{"type":"MultiPolygon","coordinates":[[[[32.5153,39.9717],[32.5149,39.9706],[32.5158,39.9706],[32.5136,39.9677],[32.5112,39.9671],[32.5109,39.9663],[32.5111,39.9662],[32.5101,39.9654],[32.5105,39.965],[32.5091,39.9637],[32.5081,39.961],[32.5086,39.9602],[32.5087,39.9594],[32.5094,39.9583],[32.51,39.9555],[32.5109,39.9531],[32.5095,39.9514],[32.5099,39.9498],[32.5091,39.9497],[32.5074,39.9485],[32.5061,39.9472],[32.5054,39.9457],[32.5048,39.945],[32.4977,39.9389],[32.4955,39.938],[32.4955,39.9381],[32.4948,39.9377],[32.4948,39.9378],[32.494,39.9377],[32.4939,39.9375],[32.4921,39.937],[32.4892,39.9356],[32.4877,39.9342],[32.4873,39.9325],[32.4887,39.9313],[32.4907,39.9305],[32.4892,39.9298],[32.4889,39.9305],[32.4885,39.9304],[32.4893,39.929],[32.4899,39.9288],[32.4901,39.9284],[32.4912,39.9282],[32.4927,39.9275],[32.4926,39.927],[32.491,39.9259],[32.4906,39.9248],[32.4903,39.9248],[32.4894,39.9237],[32.4907,39.9221],[32.4931,39.9211],[32.4963,39.9208],[32.4991,39.92],[32.5026,39.9172],[32.4875,39.9171],[32.4805,39.9249],[32.4783,39.9232],[32.4768,39.9197],[32.4743,39.9217],[32.4734,39.9235],[32.4719,39.9247],[32.4752,39.9451],[32.4844,39.9492],[32.4734,39.9562],[32.4663,39.9595],[32.4788,39.9647],[32.4796,39.9652],[32.4801,39.9653],[32.5008,39.974],[32.5004,39.9721],[32.5005,39.971],[32.5054,39.9738],[32.5083,39.9749],[32.5094,39.9756],[32.5158,39.9821],[32.5175,39.9836],[32.5201,39.9855],[32.5208,39.9864],[32.5225,39.989],[32.5245,39.9905],[32.5248,39.991],[32.5261,39.9914],[32.5265,39.9906],[32.5263,39.9898],[32.528,39.9882],[32.5279,39.9865],[32.5255,39.9843],[32.5247,39.9831],[32.5224,39.9813],[32.5206,39.9784],[32.5191,39.9772],[32.5185,39.9752],[32.5167,39.9736],[32.5149,39.9734],[32.5149,39.9721],[32.5153,39.9717]]],[[[32.5022,39.9334],[32.5026,39.9332],[32.5052,39.9334],[32.505,39.9332],[32.5043,39.9306],[32.5048,39.9305],[32.5049,39.9284],[32.5006,39.9301],[32.5017,39.9317],[32.5018,39.9317],[32.5019,39.933],[32.501,39.9331],[32.5003,39.9334],[32.5008,39.9341],[32.5022,39.9334]]],[[[32.5223,39.9373],[32.5246,39.9374],[32.5266,39.9305],[32.5286,39.9269],[32.5276,39.9265],[32.5272,39.9243],[32.528,39.9238],[32.5272,39.9231],[32.5259,39.9233],[32.5249,39.9211],[32.5225,39.9223],[32.5198,39.9226],[32.5197,39.9238],[32.5194,39.925],[32.5183,39.9275],[32.5182,39.928],[32.5185,39.9286],[32.5167,39.9295],[32.5137,39.9308],[32.5122,39.9307],[32.5117,39.9312],[32.5118,39.932],[32.5112,39.9333],[32.5112,39.9338],[32.5116,39.9344],[32.5115,39.9357],[32.5113,39.9361],[32.5126,39.9366],[32.5153,39.9372],[32.5184,39.9371],[32.5206,39.9375],[32.5223,39.9373]]]]}},{"type":"Feature","properties":{"id":"sincan-yenipecenek"},"geometry":{"type":"MultiPolygon","coordinates":[[[[32.5286,39.9269],[32.5301,39.9252],[32.5305,39.9258],[32.5308,39.9253],[32.5308,39.9248],[32.5316,39.9248],[32.5314,39.9237],[32.5427,39.9111],[32.5593,39.8984],[32.5676,39.8987],[32.5927,39.8926],[32.5897,39.8893],[32.589,39.886],[32.5874,39.8814],[32.5843,39.8751],[32.5797,39.8731],[32.5726,39.871],[32.5688,39.869],[32.5668,39.8684],[32.5648,39.8695],[32.5645,39.8693],[32.5648,39.8674],[32.554,39.8708],[32.5478,39.878],[32.5425,39.8782],[32.5351,39.8813],[32.531,39.8805],[32.5292,39.8949],[32.5341,39.9036],[32.5316,39.9095],[32.5219,39.9096],[32.5229,39.9153],[32.5245,39.9185],[32.5254,39.9198],[32.5249,39.9199],[32.5249,39.9211],[32.5259,39.9233],[32.5272,39.9231],[32.528,39.9238],[32.5272,39.9243],[32.5276,39.9265],[32.5286,39.9269]]]]}},{"type":"Feature","properties":{"id":"sincan-gokcek"},"geometry":{"type":"MultiPolygon","coordinates":[[[[32.57,39.9859],[32.5718,39.9853],[32.5732,39.9873],[32.5795,39.9867],[32.5851,39.9834],[32.5815,39.9779],[32.5574,39.9856],[32.558,39.9876],[32.57,39.9859]]]]}},{"type":"Feature","properties":{"id":"sincan-tatlar"},"geometry":{"type":"MultiPolygon","coordinates":[[[[32.4805,39.9249],[32.4875,39.9171],[32.4842,39.9066],[32.4809,39.8974],[32.4763,39.8954],[32.4703,39.8974],[32.4691,39.896],[32.4684,39.8941],[32.4679,39.8934],[32.4671,39.8913],[32.466,39.8881],[32.4663,39.8875],[32.4658,39.8868],[32.45,39.8669],[32.4491,39.8669],[32.4457,39.8689],[32.4419,39.8723],[32.4496,39.8755],[32.4539,39.8821],[32.4538,39.8832],[32.4544,39.8841],[32.4541,39.8848],[32.4548,39.8853],[32.4549,39.8856],[32.4549,39.8859],[32.4521,39.8883],[32.4489,39.8908],[32.4485,39.8926],[32.4499,39.8957],[32.4516,39.9015],[32.4523,39.9029],[32.4543,39.9044],[32.4564,39.9049],[32.4622,39.9025],[32.4637,39.9036],[32.4639,39.9038],[32.4641,39.9048],[32.4664,39.9072],[32.4666,39.9093],[32.4676,39.9128],[32.4708,39.9167],[32.4722,39.9193],[32.4719,39.9247],[32.4734,39.9235],[32.4743,39.9217],[32.4768,39.9197],[32.4783,39.9232],[32.4805,39.9249]]]]}},{"type":"Feature","properties":{"id":"sincan-ilyakut"},"geometry":{"type":"MultiPolygon","coordinates":[[[[32.53,40.075],[32.5413,40.0687],[32.5509,40.0577],[32.5721,40.047],[32.5562,40.0266],[32.5439,40.035],[32.5303,40.0421],[32.5025,40.0554],[32.5022,40.0554],[32.502,40.0556],[32.4929,40.06],[32.4905,40.0597],[32.4904,40.0595],[32.49,40.0596],[32.4768,40.0579],[32.4318,40.051],[32.4452,40.0661],[32.4467,40.0737],[32.451,40.0766],[32.4531,40.0762],[32.4616,40.0725],[32.4634,40.0719],[32.471,40.0709],[32.4949,40.0733],[32.4955,40.0736],[32.5151,40.0885],[32.5221,40.0802],[32.53,40.075]]]]}},{"type":"Feature","properties":{"id":"sincan-hisarlikaya"},"geometry":{"type":"MultiPolygon","coordinates":[[[[32.5272,39.7624],[32.5307,39.7602],[32.532,39.761],[32.5357,39.7566],[32.5369,39.7561],[32.5379,39.754],[32.5512,39.7515],[32.552,39.7501],[32.5565,39.7496],[32.557,39.7518],[32.5615,39.7529],[32.5629,39.7553],[32.5676,39.7518],[32.5662,39.7497],[32.5676,39.7484],[32.571,39.7488],[32.5735,39.7395],[32.5723,39.7392],[32.5712,39.7373],[32.573,39.7373],[32.5759,39.7322],[32.5734,39.7317],[32.5727,39.7282],[32.5752,39.7265],[32.5745,39.7244],[32.577,39.7233],[32.577,39.7215],[32.5748,39.7198],[32.5744,39.7191],[32.5736,39.7186],[32.5722,39.7165],[32.5719,39.7153],[32.5711,39.7143],[32.5714,39.7137],[32.5716,39.713],[32.5742,39.7134],[32.5749,39.7108],[32.5733,39.709],[32.573,39.707],[32.5705,39.7071],[32.5638,39.6987],[32.5633,39.694],[32.5598,39.6945],[32.5582,39.6953],[32.5579,39.6953],[32.5581,39.6956],[32.5572,39.6959],[32.557,39.6956],[32.5567,39.6959],[32.5563,39.6958],[32.5556,39.6963],[32.5549,39.6962],[32.5547,39.6965],[32.5532,39.6966],[32.5532,39.6968],[32.5508,39.6976],[32.5498,39.6984],[32.549,39.6981],[32.549,39.6987],[32.5485,39.6988],[32.5465,39.6973],[32.5459,39.6987],[32.5434,39.6985],[32.5395,39.6984],[32.539,39.6987],[32.5376,39.6977],[32.5368,39.6981],[32.5365,39.6975],[32.5341,39.6976],[32.5341,39.6978],[32.5321,39.6981],[32.5319,39.6983],[32.5299,39.6982],[32.5298,39.6986],[32.5299,39.7004],[32.5295,39.7007],[32.5284,39.7012],[32.5284,39.7018],[32.527,39.7018],[32.5275,39.7029],[32.5275,39.7032],[32.5262,39.7037],[32.5255,39.7036],[32.5247,39.7032],[32.5235,39.7034],[32.5235,39.7039],[32.5231,39.7048],[32.5177,39.7102],[32.5187,39.7113],[32.5182,39.712],[32.5162,39.7116],[32.5149,39.7121],[32.5144,39.7117],[32.5135,39.7131],[32.5143,39.7128],[32.5141,39.7132],[32.5128,39.7135],[32.5123,39.7139],[32.51,39.7138],[32.5098,39.7125],[32.5087,39.7126],[32.5086,39.7128],[32.5077,39.7119],[32.5068,39.7121],[32.5063,39.7119],[32.5046,39.7101],[32.5027,39.7109],[32.5005,39.7099],[32.5019,39.7149],[32.5008,39.7143],[32.4974,39.7139],[32.4911,39.7126],[32.4849,39.7131],[32.4832,39.7139],[32.4817,39.7129],[32.4788,39.7113],[32.4761,39.7105],[32.4758,39.7106],[32.4734,39.7127],[32.4691,39.716],[32.468,39.7165],[32.4655,39.7186],[32.4647,39.719],[32.4633,39.7206],[32.4632,39.7221],[32.4626,39.7235],[32.4689,39.726],[32.4696,39.727],[32.4716,39.7278],[32.4727,39.7281],[32.4751,39.7282],[32.479,39.7298],[32.4819,39.7301],[32.4835,39.7315],[32.4908,39.7342],[32.4951,39.7353],[32.4976,39.735],[32.4982,39.7358],[32.4978,39.736],[32.4973,39.7373],[32.4988,39.7383],[32.5004,39.7464],[32.5003,39.7491],[32.499,39.7518],[32.508,39.7571],[32.5163,39.7591],[32.5202,39.7576],[32.5222,39.7625],[32.5272,39.7624]]]]}},{"type":"Feature","properties":{"id":"sincan-osmanli"},"geometry":{"type":"MultiPolygon","coordinates":[[[[32.5898,39.9424],[32.5905,39.9422],[32.5904,39.9419],[32.5898,39.9419],[32.5897,39.9413],[32.5803,39.9413],[32.5782,39.9418],[32.5782,39.9421],[32.5776,39.9422],[32.5774,39.942],[32.5741,39.9423],[32.5766,39.9489],[32.5774,39.9527],[32.5811,39.9506],[32.5819,39.9503],[32.5908,39.9498],[32.5909,39.9472],[32.5907,39.9457],[32.5898,39.9424]]]]}},{"type":"Feature","properties":{"id":"sincan-saraycik"},"geometry":{"type":"MultiPolygon","coordinates":[[[[32.5624,39.9446],[32.5679,39.9418],[32.569,39.9431],[32.5697,39.9427],[32.5718,39.9421],[32.572,39.9426],[32.5727,39.9427],[32.5727,39.9421],[32.5729,39.9419],[32.5732,39.9425],[32.5763,39.942],[32.5774,39.942],[32.5776,39.9422],[32.5782,39.9421],[32.5782,39.9418],[32.5803,39.9413],[32.5897,39.9413],[32.593,39.9411],[32.5971,39.9408],[32.6015,39.9398],[32.5991,39.9379],[32.5982,39.9372],[32.5969,39.9349],[32.5957,39.9329],[32.5958,39.9318],[32.5956,39.9316],[32.5962,39.9309],[32.5973,39.9306],[32.5969,39.9299],[32.5962,39.93],[32.5961,39.9299],[32.5958,39.9301],[32.5954,39.9301],[32.5952,39.9299],[32.5951,39.9292],[32.5957,39.9288],[32.5961,39.9289],[32.5961,39.9285],[32.5966,39.9284],[32.5969,39.9273],[32.5972,39.9271],[32.5975,39.9259],[32.5978,39.9258],[32.5983,39.9247],[32.5979,39.9245],[32.5958,39.9259],[32.5956,39.9254],[32.5949,39.9249],[32.5947,39.9241],[32.5949,39.9241],[32.5946,39.9231],[32.5947,39.9227],[32.5944,39.922],[32.5945,39.9188],[32.5953,39.9188],[32.5957,39.9184],[32.5962,39.9177],[32.5963,39.9165],[32.5959,39.9158],[32.595,39.9151],[32.5953,39.9147],[32.5946,39.9145],[32.5946,39.9138],[32.5933,39.9116],[32.5948,39.9086],[32.5947,39.9041],[32.5971,39.9011],[32.5967,39.8999],[32.5927,39.8926],[32.5676,39.8987],[32.5593,39.8984],[32.5427,39.9111],[32.547,39.9124],[32.5499,39.9143],[32.5506,39.9157],[32.5519,39.9229],[32.5512,39.9252],[32.5515,39.9283],[32.5521,39.9304],[32.5519,39.9332],[32.5528,39.9356],[32.556,39.9419],[32.557,39.9434],[32.5575,39.943],[32.5591,39.9425],[32.5592,39.9426],[32.5595,39.9433],[32.5582,39.9437],[32.5585,39.9441],[32.5585,39.9451],[32.5594,39.9451],[32.5594,39.9469],[32.5595,39.947],[32.5601,39.9464],[32.5601,39.9461],[32.5613,39.9452],[32.5624,39.9446]]]]}},{"type":"Feature","properties":{"id":"sincan-yenicimsit"},"geometry":{"type":"MultiPolygon","coordinates":[[[[32.5536,39.9532],[32.5539,39.9536],[32.5546,39.9534],[32.5545,39.9533],[32.5553,39.9521],[32.558,39.9511],[32.558,39.9505],[32.5589,39.9501],[32.559,39.95],[32.5587,39.9497],[32.559,39.9494],[32.5592,39.9495],[32.559,39.9499],[32.5599,39.9489],[32.5592,39.9486],[32.5603,39.9475],[32.5602,39.9474],[32.5594,39.9469],[32.5594,39.9451],[32.5585,39.9451],[32.5585,39.9441],[32.5582,39.9437],[32.5595,39.9433],[32.5594,39.9432],[32.5591,39.9425],[32.5575,39.943],[32.557,39.9434],[32.556,39.9419],[32.5528,39.9356],[32.5519,39.9332],[32.5521,39.9304],[32.5515,39.9283],[32.5512,39.9252],[32.5519,39.9229],[32.5506,39.9157],[32.5499,39.9143],[32.547,39.9124],[32.5427,39.9111],[32.5314,39.9237],[32.5316,39.9248],[32.5308,39.9248],[32.5308,39.9253],[32.5305,39.9258],[32.5301,39.9252],[32.5286,39.9269],[32.5266,39.9305],[32.5246,39.9374],[32.5276,39.9376],[32.5296,39.9385],[32.5318,39.9392],[32.5346,39.9406],[32.5385,39.9412],[32.538,39.9433],[32.5381,39.945],[32.5378,39.9467],[32.5378,39.952],[32.538,39.9528],[32.5378,39.9541],[32.5367,39.9541],[32.5356,39.9546],[32.5346,39.9544],[32.535,39.9522],[32.5361,39.9524],[32.535,39.9506],[32.5346,39.9508],[32.5329,39.9501],[32.5331,39.9497],[32.5329,39.9496],[32.5329,39.9503],[32.5311,39.9513],[32.5315,39.9531],[32.531,39.9533],[32.5286,39.9508],[32.5285,39.9513],[32.5277,39.9512],[32.5273,39.951],[32.5274,39.9504],[32.526,39.9488],[32.5267,39.948],[32.5279,39.9477],[32.5273,39.9471],[32.5274,39.9464],[32.5276,39.9461],[32.5275,39.9455],[32.5221,39.9526],[32.5205,39.9539],[32.5188,39.9538],[32.5187,39.954],[32.5165,39.9535],[32.5157,39.9532],[32.5154,39.953],[32.516,39.9525],[32.5154,39.9522],[32.5157,39.952],[32.5151,39.9517],[32.5142,39.9504],[32.5144,39.9526],[32.5149,39.9534],[32.5151,39.9533],[32.5161,39.9538],[32.5205,39.9547],[32.5217,39.9548],[32.5252,39.9545],[32.526,39.9547],[32.5267,39.9551],[32.5275,39.9564],[32.5283,39.9572],[32.5293,39.9575],[32.5301,39.9576],[32.531,39.9573],[32.5311,39.9575],[32.5318,39.9573],[32.5325,39.9569],[32.5335,39.9559],[32.5338,39.9558],[32.5342,39.9559],[32.5345,39.9557],[32.5368,39.9563],[32.5385,39.9573],[32.5388,39.9576],[32.5443,39.9578],[32.5451,39.958],[32.5464,39.9589],[32.5482,39.9608],[32.5487,39.9629],[32.5491,39.9636],[32.5501,39.9644],[32.5535,39.9656],[32.5499,39.9642],[32.5487,39.9628],[32.5486,39.9618],[32.5507,39.9618],[32.5513,39.9563],[32.5514,39.9535],[32.5529,39.9535],[32.5536,39.9532]]]]}},{"type":"Feature","properties":{"id":"sincan-selcuklu"},"geometry":{"type":"MultiPolygon","coordinates":[[[[32.6052,39.9487],[32.6052,39.9485],[32.6026,39.949],[32.5953,39.9496],[32.5908,39.9498],[32.5911,39.9557],[32.5973,39.9563],[32.5979,39.9577],[32.6014,39.9596],[32.6017,39.9597],[32.6042,39.9596],[32.6048,39.9581],[32.6046,39.9572],[32.6043,39.9513],[32.6052,39.9487]]]]}},{"type":"Feature","properties":{"id":"sincan-pinarbasi"},"geometry":{"type":"MultiPolygon","coordinates":[[[[32.5748,39.9445],[32.5741,39.9422],[32.5732,39.9425],[32.5729,39.9419],[32.5727,39.9421],[32.5727,39.9427],[32.572,39.9426],[32.5718,39.9421],[32.5697,39.9427],[32.569,39.9431],[32.5679,39.9418],[32.5613,39.9452],[32.5601,39.9461],[32.5601,39.9464],[32.5595,39.947],[32.5603,39.9475],[32.5592,39.9486],[32.5708,39.9538],[32.5732,39.956],[32.573,39.957],[32.5742,39.9573],[32.5776,39.9564],[32.5776,39.9535],[32.5774,39.9521],[32.5766,39.9489],[32.5748,39.9445]]]]}},{"type":"Feature","properties":{"id":"sincan-andicen"},"geometry":{"type":"MultiPolygon","coordinates":[[[[32.5868,39.9556],[32.591,39.955],[32.5908,39.9498],[32.5819,39.9503],[32.5811,39.9506],[32.5774,39.9527],[32.5776,39.9564],[32.5818,39.9556],[32.5823,39.9564],[32.5841,39.9579],[32.5849,39.9566],[32.586,39.9559],[32.5868,39.9556]]]]}},{"type":"Feature","properties":{"id":"sincan-tandogan"},"geometry":{"type":"MultiPolygon","coordinates":[[[[32.5539,39.9536],[32.5536,39.9532],[32.5529,39.9535],[32.5514,39.9535],[32.5513,39.9563],[32.5507,39.9618],[32.5517,39.9619],[32.552,39.9615],[32.5536,39.9618],[32.5549,39.9618],[32.5593,39.9612],[32.5621,39.9612],[32.5635,39.9615],[32.5653,39.9622],[32.5738,39.9663],[32.5757,39.9666],[32.5769,39.9666],[32.5781,39.9665],[32.5794,39.9661],[32.5793,39.9655],[32.5787,39.9654],[32.5787,39.9636],[32.5757,39.9618],[32.5721,39.9602],[32.5713,39.9614],[32.5704,39.9604],[32.5654,39.9582],[32.5571,39.9556],[32.5552,39.9544],[32.5546,39.9534],[32.5539,39.9536]]]]}},{"type":"Feature","properties":{"id":"sincan-fatih"},"geometry":{"type":"MultiPolygon","coordinates":[[[[32.5821,39.9911],[32.5827,39.9915],[32.5869,39.9915],[32.5899,39.992],[32.5949,39.9904],[32.5938,39.9861],[32.5851,39.9834],[32.5795,39.9867],[32.5821,39.9911]]]]}},{"type":"Feature","properties":{"id":"sincan-istiklal"},"geometry":{"type":"MultiPolygon","coordinates":[[[[32.3687,39.7367],[32.3697,39.7368],[32.3749,39.7382],[32.3752,39.7377],[32.3745,39.7372],[32.3768,39.7345],[32.3766,39.7342],[32.3766,39.7322],[32.3768,39.7317],[32.3599,39.726],[32.356,39.725],[32.3557,39.7259],[32.3549,39.7273],[32.3561,39.7277],[32.3572,39.7292],[32.3573,39.7306],[32.3564,39.7313],[32.3557,39.7323],[32.3571,39.7328],[32.3568,39.7334],[32.3596,39.7345],[32.3614,39.7354],[32.3633,39.7359],[32.3672,39.7385],[32.3677,39.7382],[32.3687,39.738],[32.3689,39.7378],[32.3689,39.7376],[32.3685,39.7375],[32.3687,39.7367]]]]}},{"type":"Feature","properties":{"id":"sincan-polatlar"},"geometry":{"type":"MultiPolygon","coordinates":[[[[32.5225,39.9223],[32.5249,39.9211],[32.5249,39.9199],[32.5254,39.9198],[32.5245,39.9185],[32.5229,39.9153],[32.5219,39.9096],[32.5316,39.9095],[32.5341,39.9036],[32.5292,39.8949],[32.531,39.8805],[32.5236,39.8791],[32.5192,39.8738],[32.519,39.8734],[32.5154,39.8756],[32.5123,39.8752],[32.5047,39.8754],[32.5012,39.8736],[32.495,39.8734],[32.4879,39.8737],[32.483,39.8769],[32.4783,39.8858],[32.4763,39.8954],[32.4809,39.8974],[32.4842,39.9066],[32.4875,39.9171],[32.5026,39.9172],[32.5046,39.9162],[32.5059,39.9142],[32.5066,39.9134],[32.507,39.9126],[32.5076,39.9122],[32.5091,39.9107],[32.5097,39.9102],[32.5105,39.9094],[32.5132,39.9073],[32.5133,39.9054],[32.5142,39.9059],[32.5145,39.9056],[32.5192,39.9079],[32.5184,39.9086],[32.5164,39.9117],[32.5165,39.9123],[32.5168,39.9131],[32.5166,39.9135],[32.5168,39.9139],[32.5162,39.9143],[32.5157,39.9161],[32.5157,39.9186],[32.5161,39.9188],[32.5165,39.9213],[32.5168,39.9215],[32.5169,39.9218],[32.5172,39.9216],[32.5169,39.9221],[32.5198,39.9226],[32.5225,39.9223]]]]}},{"type":"Feature","properties":{"id":"sincan-malikoy"},"geometry":{"type":"MultiPolygon","coordinates":[[[[32.3642,39.7998],[32.3645,39.7958],[32.3663,39.7951],[32.3677,39.7943],[32.3729,39.7897],[32.3751,39.7888],[32.3757,39.7888],[32.3863,39.7858],[32.3882,39.7872],[32.3887,39.787],[32.3913,39.7905],[32.4093,39.7882],[32.41,39.7885],[32.4121,39.7889],[32.4158,39.7889],[32.4163,39.7895],[32.4168,39.7896],[32.4171,39.7896],[32.4173,39.7894],[32.4196,39.7899],[32.4222,39.7899],[32.4232,39.7875],[32.4243,39.7867],[32.4213,39.7869],[32.4127,39.7858],[32.4118,39.7826],[32.4111,39.7792],[32.4257,39.7736],[32.426,39.7729],[32.4286,39.7685],[32.4303,39.7673],[32.4319,39.7664],[32.435,39.7636],[32.4344,39.7627],[32.4403,39.7607],[32.4399,39.7604],[32.4399,39.7596],[32.4387,39.7591],[32.438,39.7586],[32.4381,39.7573],[32.4372,39.7566],[32.436,39.7567],[32.4351,39.7576],[32.434,39.7579],[32.4337,39.7582],[32.433,39.7573],[32.4325,39.756],[32.4313,39.7548],[32.4311,39.7539],[32.4298,39.7536],[32.4288,39.753],[32.4267,39.7525],[32.4227,39.7521],[32.4192,39.7514],[32.4166,39.7514],[32.4124,39.7507],[32.4089,39.7499],[32.4053,39.7487],[32.4026,39.7484],[32.3956,39.7469],[32.3877,39.7445],[32.386,39.7433],[32.3857,39.7433],[32.3856,39.7434],[32.3819,39.7416],[32.38,39.7449],[32.375,39.7436],[32.3754,39.7379],[32.3752,39.7377],[32.3749,39.7382],[32.3697,39.7368],[32.3687,39.7367],[32.3685,39.7375],[32.3689,39.7376],[32.3689,39.7378],[32.3687,39.738],[32.3677,39.7382],[32.3672,39.7385],[32.3675,39.7389],[32.3672,39.7391],[32.3674,39.7393],[32.3669,39.7401],[32.3677,39.7403],[32.3663,39.7419],[32.3667,39.7427],[32.3663,39.7429],[32.3666,39.744],[32.3671,39.7443],[32.3672,39.7453],[32.367,39.7457],[32.3676,39.7462],[32.3673,39.747],[32.3675,39.7474],[32.3674,39.749],[32.3685,39.7507],[32.3684,39.7519],[32.367,39.7533],[32.3674,39.7539],[32.3669,39.7542],[32.3689,39.7563],[32.3689,39.7578],[32.3691,39.759],[32.3712,39.761],[32.3702,39.7622],[32.3705,39.764],[32.3701,39.7647],[32.3695,39.7649],[32.369,39.766],[32.3684,39.7664],[32.3681,39.767],[32.3678,39.7671],[32.3679,39.7681],[32.3669,39.7685],[32.3669,39.769],[32.3665,39.7692],[32.3658,39.7695],[32.3645,39.7697],[32.3632,39.768],[32.3595,39.767],[32.3572,39.7676],[32.3552,39.7701],[32.3549,39.7703],[32.3543,39.771],[32.3524,39.772],[32.352,39.7734],[32.3508,39.7783],[32.3498,39.7792],[32.3485,39.7842],[32.3466,39.7895],[32.3451,39.7942],[32.3459,39.7968],[32.3451,39.7984],[32.3447,39.7982],[32.3442,39.7994],[32.3603,39.8093],[32.3679,39.8149],[32.368,39.8114],[32.3653,39.8091],[32.3646,39.8069],[32.3638,39.8062],[32.3637,39.8047],[32.36,39.8018],[32.3575,39.8008],[32.36,39.8006],[32.3642,39.7998]]],[[[32.412,39.8146],[32.4124,39.8136],[32.4133,39.8128],[32.4142,39.8115],[32.4152,39.8086],[32.4145,39.8087],[32.4141,39.8097],[32.4132,39.81],[32.4111,39.8093],[32.4106,39.8094],[32.4101,39.8093],[32.41,39.8096],[32.4087,39.8098],[32.4076,39.8094],[32.4068,39.8084],[32.4057,39.8092],[32.4054,39.8092],[32.4066,39.8082],[32.4065,39.8073],[32.407,39.8068],[32.4077,39.8064],[32.409,39.8061],[32.4088,39.8051],[32.4079,39.8038],[32.408,39.803],[32.4083,39.8021],[32.4043,39.8034],[32.4049,39.804],[32.4025,39.8053],[32.4018,39.8055],[32.4042,39.8099],[32.4062,39.8138],[32.4064,39.8138],[32.4065,39.8141],[32.4062,39.8141],[32.4074,39.8168],[32.4072,39.8168],[32.4085,39.8197],[32.4121,39.8189],[32.4106,39.8171],[32.4117,39.8155],[32.412,39.8146]]]]}},{"type":"Feature","properties":{"id":"sincan-mulk"},"geometry":{"type":"MultiPolygon","coordinates":[[[[32.5007,40.0776],[32.4955,40.0736],[32.4949,40.0733],[32.471,40.0709],[32.4634,40.0719],[32.4616,40.0725],[32.4531,40.0762],[32.451,40.0766],[32.456,40.0799],[32.4596,40.0874],[32.4605,40.0977],[32.4667,40.1068],[32.4659,40.1106],[32.509,40.0915],[32.5089,40.091],[32.5103,40.0909],[32.5148,40.0889],[32.5151,40.0885],[32.5007,40.0776]]]]}},{"type":"Feature","properties":{"id":"sincan-fevzi-cakmak"},"geometry":{"type":"MultiPolygon","coordinates":[[[[32.5115,40.0305],[32.5219,40.0106],[32.5191,40.0096],[32.5143,40.0074],[32.5121,40.007],[32.5108,40.0053],[32.5027,40.009],[32.4997,40.0108],[32.5036,40.0146],[32.5044,40.0156],[32.5013,40.0172],[32.4961,40.0183],[32.4974,40.0216],[32.4983,40.0232],[32.498,40.0233],[32.5002,40.0283],[32.5031,40.0299],[32.504,40.029],[32.5057,40.0303],[32.5094,40.0346],[32.5115,40.0305]]]]}},{"type":"Feature","properties":{"id":"sincan-malazgirt"},"geometry":{"type":"MultiPolygon","coordinates":[[[[32.5634,39.9504],[32.5599,39.9489],[32.559,39.9499],[32.5592,39.9495],[32.559,39.9494],[32.5587,39.9497],[32.559,39.95],[32.5589,39.9501],[32.558,39.9505],[32.558,39.9511],[32.5553,39.9521],[32.5545,39.9533],[32.5552,39.9544],[32.5571,39.9556],[32.5654,39.9582],[32.5704,39.9604],[32.5713,39.9614],[32.5735,39.958],[32.5742,39.9573],[32.573,39.957],[32.5732,39.956],[32.5708,39.9538],[32.5634,39.9504]]]]}},{"type":"Feature","properties":{"id":"sincan-anayurt"},"geometry":{"type":"MultiPolygon","coordinates":[[[[32.4031,39.8959],[32.4037,39.8948],[32.4046,39.895],[32.405,39.8944],[32.4059,39.8944],[32.4065,39.8928],[32.4072,39.8917],[32.407,39.8916],[32.4072,39.8911],[32.4085,39.8903],[32.4078,39.8894],[32.4085,39.8889],[32.4083,39.8885],[32.4096,39.8876],[32.4105,39.888],[32.4111,39.8872],[32.4126,39.8885],[32.4143,39.8892],[32.415,39.8893],[32.4159,39.8887],[32.4156,39.8884],[32.4182,39.8876],[32.4194,39.8869],[32.4196,39.8862],[32.4217,39.8871],[32.4218,39.8866],[32.4237,39.8863],[32.4237,39.8861],[32.4252,39.8859],[32.425,39.8846],[32.427,39.8849],[32.4273,39.8838],[32.4296,39.8842],[32.4319,39.884],[32.4317,39.8821],[32.4313,39.8815],[32.432,39.8799],[32.4319,39.8797],[32.4322,39.879],[32.4321,39.8788],[32.4329,39.8785],[32.4324,39.8778],[32.4335,39.8751],[32.4348,39.8745],[32.4374,39.8724],[32.4419,39.8723],[32.4457,39.8689],[32.4425,39.8654],[32.4396,39.864],[32.4387,39.8633],[32.4351,39.8569],[32.4309,39.8543],[32.426,39.8519],[32.4225,39.8489],[32.4174,39.8465],[32.4099,39.8453],[32.4067,39.8439],[32.4043,39.839],[32.4023,39.8375],[32.4023,39.8366],[32.4004,39.8348],[32.3987,39.8364],[32.3985,39.837],[32.3958,39.8392],[32.394,39.8411],[32.3913,39.8434],[32.3895,39.8447],[32.3885,39.8461],[32.3873,39.8472],[32.3858,39.8495],[32.3838,39.8518],[32.3823,39.8532],[32.381,39.8541],[32.3766,39.8558],[32.3711,39.8573],[32.3704,39.8576],[32.37,39.8581],[32.3681,39.8595],[32.3707,39.862],[32.3704,39.8631],[32.3696,39.8639],[32.3696,39.8648],[32.37,39.8657],[32.3698,39.8664],[32.3719,39.8673],[32.3727,39.8664],[32.3734,39.8665],[32.3741,39.8678],[32.3742,39.8702],[32.3736,39.8703],[32.3736,39.8706],[32.3749,39.8723],[32.375,39.8737],[32.3761,39.876],[32.377,39.8817],[32.3765,39.8842],[32.3761,39.8843],[32.3757,39.8856],[32.3759,39.8868],[32.3752,39.8883],[32.3755,39.8884],[32.3751,39.8895],[32.3772,39.8896],[32.3779,39.8894],[32.3787,39.8895],[32.3782,39.8902],[32.3788,39.8909],[32.3797,39.8902],[32.3804,39.8904],[32.3801,39.8914],[32.3805,39.8914],[32.3808,39.8911],[32.3812,39.8912],[32.3821,39.8891],[32.3818,39.889],[32.3821,39.8886],[32.3829,39.8887],[32.3832,39.8899],[32.3825,39.8905],[32.3822,39.8915],[32.3827,39.8916],[32.3819,39.8926],[32.3837,39.8933],[32.3845,39.8928],[32.3865,39.8936],[32.3909,39.8943],[32.3908,39.895],[32.3944,39.896],[32.3935,39.897],[32.3955,39.8989],[32.4011,39.8995],[32.4027,39.897],[32.4031,39.8959]]]]}},{"type":"Feature","properties":{"id":"sincan-mustafa-kemal"},"geometry":{"type":"MultiPolygon","coordinates":[[[[32.5004,39.9721],[32.5008,39.974],[32.5014,39.9745],[32.5007,39.9752],[32.5009,39.9764],[32.4987,39.9785],[32.4976,39.9791],[32.4978,39.9802],[32.4957,39.9808],[32.4955,39.9811],[32.4962,39.9824],[32.4939,39.9864],[32.4946,39.9872],[32.4941,39.9875],[32.494,39.9878],[32.4944,39.9882],[32.4949,39.9894],[32.4948,39.9918],[32.4957,39.997],[32.497,39.9977],[32.4964,40.0073],[32.4966,40.0078],[32.4997,40.0108],[32.5027,40.009],[32.5108,40.0053],[32.5121,40.007],[32.5143,40.0074],[32.5191,40.0096],[32.5219,40.0106],[32.5237,40.0072],[32.5257,40.0047],[32.5267,40.0037],[32.5362,39.9962],[32.5341,39.9949],[32.5328,39.9923],[32.5322,39.9918],[32.5311,39.9893],[32.5292,39.9901],[32.5283,39.9913],[32.5263,39.9898],[32.5265,39.9906],[32.5261,39.9914],[32.5248,39.991],[32.5245,39.9905],[32.5225,39.989],[32.5208,39.9864],[32.5201,39.9855],[32.5175,39.9836],[32.5158,39.9821],[32.5094,39.9756],[32.5083,39.9749],[32.5054,39.9738],[32.5005,39.971],[32.5004,39.9721]]]]}},{"type":"Feature","properties":{"id":"sincan-osmaniye"},"geometry":{"type":"MultiPolygon","coordinates":[[[[32.5433,39.9907],[32.5438,39.9903],[32.5431,39.9896],[32.5429,39.9897],[32.5428,39.9894],[32.5426,39.9894],[32.5424,39.9899],[32.5422,39.9899],[32.5415,39.9892],[32.5408,39.9897],[32.5407,39.9905],[32.5397,39.9901],[32.5395,39.9896],[32.5397,39.9894],[32.5385,39.9894],[32.5379,39.9879],[32.5337,39.9834],[32.5353,39.9821],[32.5369,39.9813],[32.5399,39.98],[32.5396,39.974],[32.5394,39.9733],[32.5391,39.9728],[32.5392,39.9728],[32.5386,39.9719],[32.538,39.9717],[32.5386,39.9708],[32.5389,39.9697],[32.5403,39.9678],[32.5379,39.9663],[32.5382,39.9654],[32.5376,39.9646],[32.536,39.9633],[32.5352,39.9635],[32.5342,39.964],[32.5341,39.9643],[32.5338,39.9644],[32.5338,39.9653],[32.5343,39.9659],[32.5345,39.967],[32.534,39.9678],[32.5296,39.9656],[32.5218,39.9605],[32.5216,39.9607],[32.5277,39.9647],[32.5311,39.9667],[32.527,39.97],[32.524,39.9705],[32.5208,39.9678],[32.518,39.9661],[32.517,39.9651],[32.5167,39.965],[32.5167,39.9652],[32.5166,39.965],[32.5151,39.9645],[32.5152,39.9644],[32.5149,39.9642],[32.5155,39.9638],[32.5153,39.9633],[32.5157,39.9624],[32.5145,39.9607],[32.5149,39.9605],[32.5148,39.9603],[32.5153,39.9601],[32.5153,39.9597],[32.5148,39.9588],[32.5146,39.9589],[32.5145,39.9562],[32.5157,39.9569],[32.5165,39.9576],[32.5197,39.9594],[32.5209,39.9603],[32.5214,39.9605],[32.5216,39.9603],[32.5145,39.9558],[32.5144,39.9525],[32.5141,39.9504],[32.5122,39.9498],[32.5099,39.9498],[32.5095,39.9514],[32.5109,39.9531],[32.51,39.9555],[32.5094,39.9583],[32.5087,39.9594],[32.5086,39.9602],[32.5081,39.961],[32.5091,39.9637],[32.5105,39.965],[32.5101,39.9654],[32.5111,39.9662],[32.5109,39.9663],[32.5112,39.9671],[32.5136,39.9677],[32.5158,39.9706],[32.5149,39.9706],[32.5153,39.9717],[32.5149,39.9721],[32.5149,39.9734],[32.5167,39.9736],[32.5185,39.9752],[32.5191,39.9772],[32.5206,39.9784],[32.5224,39.9813],[32.5247,39.9831],[32.5255,39.9843],[32.5279,39.9865],[32.528,39.9882],[32.5263,39.9898],[32.5283,39.9913],[32.5292,39.9901],[32.5311,39.9893],[32.5322,39.9918],[32.5328,39.9923],[32.5341,39.9949],[32.5362,39.9962],[32.5433,39.9907]]]]}},{"type":"Feature","properties":{"id":"sincan-aksemsettin"},"geometry":{"type":"MultiPolygon","coordinates":[[[[32.5861,39.9636],[32.586,39.9681],[32.5857,39.9698],[32.5858,39.9719],[32.5869,39.9744],[32.5878,39.9752],[32.586,39.9762],[32.5862,39.9766],[32.5942,39.9746],[32.5929,39.9717],[32.594,39.9715],[32.5939,39.9699],[32.5941,39.9685],[32.5937,39.9665],[32.5937,39.9623],[32.5861,39.9636]]]]}},{"type":"Feature","properties":{"id":"sincan-cokoren"},"geometry":{"type":"MultiPolygon","coordinates":[[[[32.3795,39.7308],[32.3797,39.7307],[32.3801,39.7309],[32.3829,39.7312],[32.3909,39.7305],[32.4079,39.7296],[32.4086,39.7299],[32.41,39.729],[32.4109,39.7281],[32.4098,39.7276],[32.4127,39.7238],[32.4101,39.7223],[32.4131,39.7184],[32.4159,39.7181],[32.4157,39.7161],[32.4198,39.7148],[32.4325,39.7123],[32.4386,39.7095],[32.4394,39.7105],[32.4458,39.7088],[32.4446,39.7059],[32.444,39.7039],[32.4437,39.7013],[32.4423,39.6989],[32.4421,39.6978],[32.4431,39.6974],[32.4432,39.6969],[32.4436,39.6963],[32.4434,39.6948],[32.443,39.6946],[32.4433,39.694],[32.443,39.6937],[32.4441,39.6929],[32.4507,39.685],[32.4523,39.6816],[32.4528,39.6794],[32.4541,39.6793],[32.455,39.6774],[32.4552,39.6763],[32.4549,39.675],[32.4592,39.6744],[32.4594,39.6717],[32.4596,39.6709],[32.4603,39.6708],[32.4605,39.6685],[32.4602,39.6683],[32.4603,39.668],[32.4597,39.6678],[32.4602,39.6665],[32.4607,39.6667],[32.4622,39.6655],[32.4619,39.6651],[32.4621,39.6649],[32.4614,39.6643],[32.4623,39.663],[32.4606,39.6623],[32.463,39.662],[32.4634,39.6617],[32.4635,39.6613],[32.4649,39.6608],[32.4659,39.6601],[32.4672,39.66],[32.4689,39.6592],[32.4694,39.6586],[32.4694,39.6581],[32.4715,39.6568],[32.4749,39.6562],[32.4747,39.6541],[32.4756,39.654],[32.4756,39.6535],[32.4739,39.6522],[32.4714,39.651],[32.4701,39.6496],[32.469,39.6489],[32.4683,39.6463],[32.4574,39.646],[32.4533,39.6449],[32.4465,39.6444],[32.4443,39.6416],[32.4414,39.641],[32.4381,39.6345],[32.4351,39.6337],[32.4308,39.6311],[32.4285,39.6307],[32.425,39.6283],[32.4186,39.6268],[32.4175,39.6303],[32.4147,39.6317],[32.4124,39.6321],[32.4098,39.6283],[32.4068,39.6289],[32.4061,39.6317],[32.4023,39.632],[32.4023,39.6338],[32.4005,39.634],[32.4008,39.6361],[32.3985,39.6388],[32.3955,39.6367],[32.3948,39.6326],[32.3929,39.6352],[32.3938,39.6367],[32.3943,39.6379],[32.3964,39.6395],[32.3978,39.6399],[32.3987,39.6407],[32.3987,39.642],[32.3994,39.6456],[32.3993,39.647],[32.3995,39.6474],[32.3995,39.6477],[32.3991,39.6491],[32.3989,39.6508],[32.3988,39.656],[32.3985,39.6584],[32.3985,39.659],[32.3987,39.6595],[32.3986,39.6617],[32.3987,39.6625],[32.3986,39.6636],[32.3982,39.6644],[32.3983,39.6663],[32.3973,39.6688],[32.3982,39.6684],[32.4008,39.6682],[32.4009,39.6686],[32.4024,39.6695],[32.4024,39.6699],[32.403,39.6703],[32.4027,39.6708],[32.4023,39.6709],[32.4023,39.6712],[32.4026,39.6716],[32.4028,39.6726],[32.4026,39.6732],[32.4021,39.6736],[32.402,39.674],[32.4028,39.6751],[32.4029,39.6768],[32.4026,39.6774],[32.4018,39.678],[32.4011,39.6781],[32.4006,39.6783],[32.4008,39.6786],[32.4006,39.6796],[32.3997,39.6797],[32.3992,39.6801],[32.3992,39.6809],[32.3984,39.681],[32.3981,39.6813],[32.3965,39.6821],[32.3964,39.6823],[32.397,39.6833],[32.3965,39.6835],[32.3963,39.6844],[32.3963,39.6846],[32.3959,39.6853],[32.396,39.6859],[32.3967,39.6862],[32.3976,39.6859],[32.3978,39.686],[32.398,39.6864],[32.3988,39.6867],[32.3991,39.6873],[32.3991,39.6882],[32.3995,39.6887],[32.3985,39.6898],[32.3986,39.6902],[32.3984,39.6905],[32.3985,39.6909],[32.3967,39.6908],[32.3965,39.6909],[32.3965,39.6911],[32.3969,39.6917],[32.3962,39.6922],[32.3959,39.6929],[32.3962,39.6932],[32.3967,39.6933],[32.3972,39.6932],[32.398,39.6933],[32.3984,39.6935],[32.3985,39.6939],[32.397,39.6952],[32.3966,39.697],[32.3969,39.6973],[32.3973,39.6973],[32.3984,39.6976],[32.3989,39.6972],[32.3992,39.6973],[32.3992,39.6974],[32.3991,39.6978],[32.3988,39.698],[32.3987,39.6987],[32.3976,39.6995],[32.3981,39.7003],[32.3966,39.7024],[32.3966,39.7031],[32.3964,39.7034],[32.3964,39.704],[32.3963,39.7042],[32.3967,39.7051],[32.3963,39.7058],[32.3952,39.7059],[32.3941,39.7067],[32.3892,39.7063],[32.3877,39.7096],[32.3873,39.7095],[32.3779,39.7288],[32.3766,39.7322],[32.3766,39.7342],[32.3768,39.7345],[32.3779,39.7334],[32.3793,39.7332],[32.3797,39.7328],[32.3798,39.7325],[32.3793,39.7324],[32.3802,39.7315],[32.3795,39.7308]]]]}},{"type":"Feature","properties":{"id":"sincan-menderes"},"geometry":{"type":"MultiPolygon","coordinates":[[[[32.5328,39.9991],[32.5328,39.9989],[32.5267,40.0037],[32.5251,40.0053],[32.5242,40.0065],[32.523,40.0084],[32.5145,40.0247],[32.5181,40.0258],[32.5176,40.0267],[32.5185,40.027],[32.5176,40.0288],[32.5252,40.0309],[32.5279,40.026],[32.5253,40.0169],[32.5248,40.0164],[32.5263,40.0155],[32.5272,40.0147],[32.5304,40.0097],[32.5301,40.0094],[32.532,40.0072],[32.5346,40.0046],[32.5328,39.9991]]]]}},{"type":"Feature","properties":{"id":"sincan-turkobasi"},"geometry":{"type":"MultiPolygon","coordinates":[[[[32.4827,39.8364],[32.4882,39.8348],[32.4881,39.8344],[32.488,39.8344],[32.4886,39.8338],[32.4885,39.8335],[32.4874,39.8334],[32.4857,39.8293],[32.4862,39.8292],[32.4866,39.8288],[32.4868,39.8283],[32.4872,39.8277],[32.4876,39.8278],[32.4879,39.8283],[32.4902,39.8282],[32.4918,39.8276],[32.4916,39.8272],[32.4903,39.8276],[32.4887,39.8277],[32.4884,39.8273],[32.4886,39.8267],[32.4877,39.8261],[32.4844,39.8264],[32.4842,39.8234],[32.4846,39.8231],[32.4857,39.8234],[32.4862,39.8233],[32.4866,39.8229],[32.4855,39.8222],[32.4828,39.8213],[32.4824,39.8208],[32.4819,39.8207],[32.4811,39.8209],[32.4809,39.8217],[32.4801,39.821],[32.4791,39.8219],[32.4774,39.8214],[32.4715,39.821],[32.4707,39.8208],[32.4701,39.8212],[32.4693,39.822],[32.4669,39.8227],[32.4663,39.8227],[32.4654,39.8222],[32.4649,39.8222],[32.4646,39.8226],[32.4646,39.8231],[32.4638,39.8235],[32.4639,39.8238],[32.4635,39.8238],[32.4604,39.8223],[32.4591,39.8215],[32.4616,39.8201],[32.4653,39.8196],[32.466,39.8165],[32.4624,39.8159],[32.4608,39.8148],[32.4578,39.8134],[32.4573,39.8129],[32.4557,39.8121],[32.4554,39.8118],[32.4549,39.8105],[32.4525,39.8109],[32.4524,39.8105],[32.4545,39.8101],[32.4442,39.8101],[32.4426,39.8107],[32.4405,39.811],[32.4377,39.8122],[32.4366,39.8133],[32.4336,39.8147],[32.4315,39.8144],[32.4301,39.8137],[32.4227,39.813],[32.4188,39.8151],[32.4178,39.8165],[32.4157,39.8175],[32.4117,39.8184],[32.4121,39.8189],[32.4079,39.8199],[32.3982,39.8211],[32.3941,39.8214],[32.3932,39.8216],[32.3907,39.8176],[32.3899,39.818],[32.3897,39.8177],[32.3766,39.8215],[32.3692,39.8162],[32.3679,39.8149],[32.3603,39.8093],[32.3602,39.8191],[32.3651,39.8235],[32.365,39.8278],[32.3593,39.8332],[32.3642,39.8354],[32.3479,39.8532],[32.3548,39.8614],[32.3633,39.8642],[32.3647,39.8609],[32.3696,39.8639],[32.3704,39.8631],[32.3707,39.862],[32.3681,39.8595],[32.37,39.8581],[32.3704,39.8576],[32.3711,39.8573],[32.3766,39.8558],[32.381,39.8541],[32.3823,39.8532],[32.3838,39.8518],[32.3858,39.8495],[32.3873,39.8472],[32.3885,39.8461],[32.3895,39.8447],[32.3913,39.8434],[32.394,39.8411],[32.3958,39.8392],[32.3985,39.837],[32.3987,39.8364],[32.4004,39.8348],[32.4023,39.8366],[32.4023,39.8375],[32.4043,39.839],[32.4067,39.8439],[32.4099,39.8453],[32.4174,39.8465],[32.4225,39.8489],[32.426,39.8519],[32.4309,39.8543],[32.4351,39.8569],[32.4387,39.8633],[32.4396,39.864],[32.4425,39.8654],[32.4457,39.8689],[32.4491,39.8669],[32.4528,39.8668],[32.4539,39.8661],[32.4556,39.8659],[32.4586,39.8637],[32.4609,39.8628],[32.4633,39.8609],[32.4609,39.8588],[32.4596,39.8565],[32.4603,39.8558],[32.4607,39.8535],[32.4584,39.8505],[32.4622,39.8461],[32.467,39.8438],[32.4731,39.8422],[32.4761,39.8387],[32.4827,39.8364]]]]}},{"type":"Feature","properties":{"id":"sincan-esenler"},"geometry":{"type":"MultiPolygon","coordinates":[[[[32.4879,39.8737],[32.495,39.8734],[32.5012,39.8736],[32.5047,39.8754],[32.5123,39.8752],[32.5154,39.8756],[32.519,39.8734],[32.516,39.8713],[32.5111,39.8669],[32.5137,39.8618],[32.5157,39.8573],[32.5226,39.8457],[32.4998,39.8386],[32.4905,39.8341],[32.4827,39.8364],[32.4761,39.8387],[32.4731,39.8422],[32.467,39.8438],[32.4622,39.8461],[32.4584,39.8505],[32.4607,39.8535],[32.4603,39.8558],[32.4596,39.8565],[32.4609,39.8588],[32.4633,39.8609],[32.4609,39.8628],[32.4586,39.8637],[32.4556,39.8659],[32.4539,39.8661],[32.4528,39.8668],[32.45,39.8669],[32.4658,39.8868],[32.4663,39.8875],[32.466,39.8881],[32.4671,39.8913],[32.4679,39.8934],[32.4684,39.8941],[32.4691,39.896],[32.4703,39.8974],[32.4763,39.8954],[32.4783,39.8858],[32.483,39.8769],[32.4879,39.8737]]]]}},{"type":"Feature","properties":{"id":"sincan-ertugrulgazi"},"geometry":{"type":"MultiPolygon","coordinates":[[[[32.5996,39.9422],[32.6024,39.9397],[32.5971,39.9408],[32.5897,39.9413],[32.5898,39.9419],[32.5904,39.9419],[32.5905,39.9422],[32.5898,39.9424],[32.5907,39.9457],[32.5909,39.9472],[32.5908,39.9498],[32.5953,39.9496],[32.5994,39.9493],[32.5991,39.9471],[32.5969,39.9461],[32.5996,39.9422]]]]}},{"type":"Feature","properties":{"id":"sincan-yunus-emre"},"geometry":{"type":"MultiPolygon","coordinates":[[[[32.6018,39.9729],[32.6018,39.9726],[32.5815,39.9779],[32.5851,39.9834],[32.5938,39.9861],[32.6018,39.9827],[32.6029,39.9778],[32.6018,39.9729]]]]}},{"type":"Feature","properties":{"id":"sincan-yenikayi"},"geometry":{"type":"MultiPolygon","coordinates":[[[[32.4599,40.0289],[32.4606,40.0288],[32.4621,40.0291],[32.466,40.0304],[32.4716,40.0262],[32.4763,40.0245],[32.482,40.0241],[32.4833,40.0243],[32.4862,40.0253],[32.4873,40.0254],[32.4956,40.0239],[32.498,40.0233],[32.4983,40.0232],[32.4974,40.0216],[32.4961,40.0183],[32.5013,40.0172],[32.5044,40.0156],[32.5036,40.0146],[32.4966,40.0078],[32.4964,40.0073],[32.497,39.9977],[32.4957,39.997],[32.4948,39.9918],[32.4949,39.9894],[32.4944,39.9882],[32.494,39.9878],[32.4941,39.9875],[32.4946,39.9872],[32.4939,39.9864],[32.4962,39.9824],[32.4955,39.9811],[32.4957,39.9808],[32.4978,39.9802],[32.4976,39.9791],[32.4987,39.9785],[32.5009,39.9764],[32.5007,39.9752],[32.5014,39.9745],[32.5008,39.974],[32.4801,39.9653],[32.4796,39.9652],[32.4788,39.9647],[32.4663,39.9595],[32.4571,39.9672],[32.452,39.9722],[32.452,39.9728],[32.454,39.9726],[32.4542,39.9748],[32.4539,39.9761],[32.4543,39.9768],[32.4552,39.9772],[32.4556,39.9781],[32.4557,39.9793],[32.4577,39.9804],[32.4579,39.9826],[32.4616,39.9839],[32.4611,39.9861],[32.4129,40.01],[32.4193,40.0164],[32.4176,40.0197],[32.4176,40.0201],[32.416,40.0224],[32.4156,40.0226],[32.4139,40.0282],[32.4135,40.0313],[32.4119,40.0354],[32.4187,40.0393],[32.4462,40.0338],[32.4507,40.0325],[32.4576,40.0296],[32.4599,40.0289]]]]}},{"type":"Feature","properties":{"id":"sincan-akcaoren"},"geometry":{"type":"MultiPolygon","coordinates":[[[[32.4929,40.06],[32.502,40.0556],[32.5022,40.0554],[32.5025,40.0554],[32.5303,40.0421],[32.5252,40.0309],[32.5176,40.0288],[32.5185,40.027],[32.5176,40.0267],[32.5181,40.0258],[32.5145,40.0247],[32.5094,40.0346],[32.5057,40.0303],[32.504,40.029],[32.5031,40.0299],[32.5002,40.0283],[32.498,40.0233],[32.4956,40.0239],[32.4873,40.0254],[32.4862,40.0253],[32.4833,40.0243],[32.482,40.0241],[32.4763,40.0245],[32.4716,40.0262],[32.466,40.0304],[32.4621,40.0291],[32.4606,40.0288],[32.4576,40.0296],[32.4507,40.0325],[32.4462,40.0338],[32.4187,40.0393],[32.4217,40.0432],[32.4318,40.051],[32.4768,40.0579],[32.49,40.0596],[32.4904,40.0595],[32.4905,40.0597],[32.4929,40.06]]]]}},{"type":"Feature","properties":{"id":"sincan-erkeksu"},"geometry":{"type":"MultiPolygon","coordinates":[[[[32.4486,39.9755],[32.4407,39.9776],[32.4365,39.9813],[32.4305,39.9838],[32.4259,39.9838],[32.4243,39.9823],[32.4252,39.9824],[32.4256,39.982],[32.4254,39.9818],[32.4242,39.9814],[32.4226,39.9812],[32.4197,39.9811],[32.4189,39.9805],[32.4186,39.9798],[32.417,39.9788],[32.401,39.9778],[32.3874,39.9829],[32.3954,39.9833],[32.4099,39.992],[32.4078,39.995],[32.4075,40.0026],[32.4129,40.01],[32.4611,39.9861],[32.4616,39.9839],[32.4579,39.9826],[32.4577,39.9804],[32.4557,39.9793],[32.4556,39.9781],[32.4552,39.9772],[32.4543,39.9768],[32.4539,39.9761],[32.4542,39.9748],[32.454,39.9726],[32.452,39.9728],[32.452,39.9722],[32.4486,39.9755]]]]}},{"type":"Feature","properties":{"id":"sincan-coglu"},"geometry":{"type":"MultiPolygon","coordinates":[[[[32.5328,39.9991],[32.5404,40.0237],[32.5387,40.0246],[32.538,40.0239],[32.5368,40.0247],[32.5332,40.0253],[32.5279,40.026],[32.5252,40.0309],[32.5303,40.0421],[32.5439,40.035],[32.5562,40.0266],[32.5505,40.0192],[32.5597,40.0157],[32.5572,40.0137],[32.5538,40.0122],[32.5529,40.0123],[32.5498,40.0113],[32.5471,40.0094],[32.5458,40.0091],[32.5446,40.0094],[32.544,40.0093],[32.543,40.0086],[32.5424,40.0086],[32.5402,40.007],[32.54,40.0068],[32.5402,40.0064],[32.5395,40.0056],[32.5391,40.0055],[32.5381,40.0034],[32.5375,40.0031],[32.5362,40.002],[32.5369,40.0016],[32.5363,40.0014],[32.5358,40.0009],[32.5352,40.0],[32.5352,39.9995],[32.5357,39.9993],[32.5347,39.998],[32.5354,39.9975],[32.5352,39.9974],[32.534,39.9979],[32.5328,39.9989],[32.5328,39.9991]]]]}},{"type":"Feature","properties":{"id":"sincan-torekent"},"geometry":{"type":"MultiPolygon","coordinates":[[[[32.5645,40.0144],[32.5707,40.0109],[32.5732,40.0074],[32.5723,40.0069],[32.5719,40.004],[32.5704,40.0023],[32.5634,39.9965],[32.5697,39.988],[32.5705,39.9876],[32.5732,39.9873],[32.5718,39.9853],[32.57,39.9859],[32.558,39.9876],[32.5574,39.9856],[32.546,39.9893],[32.5445,39.99],[32.5433,39.9907],[32.534,39.9979],[32.5352,39.9974],[32.5354,39.9975],[32.5347,39.998],[32.5357,39.9993],[32.5352,39.9995],[32.5352,40.0],[32.5358,40.0009],[32.5363,40.0014],[32.5369,40.0016],[32.5362,40.002],[32.5375,40.0031],[32.5381,40.0034],[32.5391,40.0055],[32.5395,40.0056],[32.5402,40.0064],[32.54,40.0068],[32.5402,40.007],[32.5424,40.0086],[32.543,40.0086],[32.544,40.0093],[32.5446,40.0094],[32.5458,40.0091],[32.5471,40.0094],[32.5498,40.0113],[32.5529,40.0123],[32.5538,40.0122],[32.5572,40.0137],[32.5609,40.0167],[32.5651,40.0153],[32.5645,40.0144]]]]}},{"type":"Feature","properties":{"id":"sincan-adalet"},"geometry":{"type":"MultiPolygon","coordinates":[[[[32.5773,40.0486],[32.5757,40.0468],[32.5733,40.0449],[32.5722,40.0424],[32.5746,40.0368],[32.5746,40.0332],[32.5749,40.0305],[32.5747,40.0285],[32.5738,40.0267],[32.5712,40.0227],[32.5651,40.0153],[32.5609,40.0167],[32.5597,40.0157],[32.5505,40.0192],[32.5732,40.0484],[32.5734,40.0483],[32.5751,40.0505],[32.578,40.0495],[32.5773,40.0486]]]]}},{"type":"Feature","properties":{"id":"sincan-gazi-osmanpasa"},"geometry":{"type":"MultiPolygon","coordinates":[[[[32.5808,39.9977],[32.5818,39.9977],[32.5819,39.9974],[32.5838,39.9976],[32.5861,39.9974],[32.5863,39.9971],[32.5866,39.997],[32.5867,39.9966],[32.5866,39.9963],[32.5879,39.9953],[32.588,39.9951],[32.5881,39.9917],[32.5869,39.9915],[32.5823,39.9914],[32.5795,39.9867],[32.5732,39.9873],[32.5734,39.9876],[32.5734,39.9882],[32.5732,39.9907],[32.5771,39.9971],[32.5774,39.998],[32.5778,39.9977],[32.5785,39.9984],[32.5791,39.9979],[32.5808,39.9977]]]]}},{"type":"Feature","properties":{"id":"sincan-ahi-evran"},"geometry":{"type":"MultiPolygon","coordinates":[[[[32.5811,39.9773],[32.5801,39.9763],[32.5798,39.9756],[32.5802,39.9683],[32.58,39.9672],[32.5794,39.9661],[32.5781,39.9665],[32.5769,39.9666],[32.5757,39.9666],[32.5738,39.9663],[32.5653,39.9622],[32.5635,39.9615],[32.5621,39.9612],[32.5593,39.9612],[32.5549,39.9618],[32.5536,39.9618],[32.552,39.9615],[32.5517,39.9619],[32.5486,39.9618],[32.5487,39.9628],[32.5499,39.9642],[32.5535,39.9655],[32.5545,39.9657],[32.5547,39.9659],[32.5551,39.9659],[32.5555,39.9656],[32.5561,39.9658],[32.5574,39.9659],[32.5585,39.9667],[32.5591,39.9662],[32.5593,39.9663],[32.5562,39.9688],[32.5517,39.9704],[32.5515,39.9726],[32.5557,39.9727],[32.5613,39.9716],[32.5625,39.9724],[32.5656,39.9736],[32.5699,39.9772],[32.57,39.977],[32.5701,39.9772],[32.5701,39.9769],[32.5713,39.9769],[32.5718,39.9771],[32.5722,39.9775],[32.5736,39.98],[32.5735,39.98],[32.5737,39.9804],[32.5815,39.9779],[32.5811,39.9773]]],[[[32.5451,39.9897],[32.5565,39.9859],[32.5553,39.9833],[32.5546,39.9832],[32.5426,39.9871],[32.5429,39.9874],[32.5432,39.9873],[32.544,39.9889],[32.5442,39.9889],[32.544,39.9893],[32.5428,39.9894],[32.5429,39.9897],[32.5431,39.9896],[32.5438,39.9903],[32.5451,39.9897]]]]}},{"type":"Feature","properties":{"id":"sincan-hurriyet"},"geometry":{"type":"MultiPolygon","coordinates":[[[[32.3813,39.7219],[32.3873,39.7095],[32.3696,39.7044],[32.3709,39.7018],[32.3649,39.7001],[32.3638,39.7006],[32.3597,39.6958],[32.357,39.6922],[32.3558,39.6923],[32.3559,39.6931],[32.3552,39.6935],[32.3544,39.6932],[32.3544,39.6934],[32.3535,39.6934],[32.3537,39.6942],[32.3524,39.694],[32.3522,39.6943],[32.3514,39.6935],[32.3511,39.6935],[32.3511,39.6936],[32.3502,39.6931],[32.3505,39.6936],[32.3496,39.6936],[32.3496,39.6938],[32.3473,39.6943],[32.3476,39.6953],[32.3436,39.6959],[32.3438,39.6954],[32.3411,39.6959],[32.3411,39.6964],[32.3359,39.6972],[32.3401,39.7019],[32.3447,39.7064],[32.3474,39.7141],[32.3518,39.7129],[32.3521,39.7152],[32.3521,39.7169],[32.3523,39.7176],[32.354,39.7176],[32.354,39.7182],[32.3558,39.7188],[32.3568,39.7178],[32.3604,39.719],[32.357,39.7251],[32.3617,39.7266],[32.3768,39.7317],[32.3779,39.7288],[32.3813,39.7219]]]]}},{"type":"Feature","properties":{"id":"sincan-cumhuriyet"},"geometry":{"type":"MultiPolygon","coordinates":[[[[32.3539,39.7274],[32.3547,39.7272],[32.3549,39.7273],[32.3557,39.7259],[32.356,39.725],[32.357,39.7251],[32.3604,39.719],[32.3568,39.7178],[32.3558,39.7188],[32.354,39.7182],[32.354,39.7176],[32.3523,39.7176],[32.3521,39.7169],[32.3521,39.7152],[32.3518,39.7129],[32.3474,39.7141],[32.3447,39.7064],[32.3401,39.7019],[32.3359,39.6972],[32.3358,39.6972],[32.3363,39.6979],[32.3315,39.6982],[32.3318,39.6989],[32.3281,39.6992],[32.3281,39.6994],[32.3279,39.6994],[32.3279,39.7004],[32.3242,39.7],[32.324,39.7011],[32.3207,39.7005],[32.3194,39.7026],[32.3178,39.7033],[32.317,39.7041],[32.3167,39.7027],[32.3163,39.7025],[32.316,39.7016],[32.3155,39.7015],[32.3132,39.7038],[32.311,39.7036],[32.3096,39.7056],[32.3095,39.7063],[32.3099,39.7064],[32.3098,39.7068],[32.308,39.7067],[32.3045,39.7061],[32.3033,39.7076],[32.3019,39.7088],[32.3019,39.7092],[32.2995,39.7086],[32.2988,39.7102],[32.2978,39.709],[32.298,39.7084],[32.2961,39.7087],[32.2946,39.7127],[32.2939,39.7126],[32.2941,39.7121],[32.2936,39.7125],[32.2923,39.7121],[32.2921,39.7122],[32.2959,39.7137],[32.299,39.7144],[32.3448,39.7228],[32.3452,39.7254],[32.3495,39.7263],[32.3523,39.7267],[32.3522,39.7274],[32.3534,39.7275],[32.3539,39.7274]]]]}},{"type":"Feature","properties":{"id":"mamak-dutluk"},"geometry":{"type":"MultiPolygon","coordinates":[[[[32.9295,39.9197],[32.9296,39.9188],[32.9287,39.9184],[32.9294,39.9177],[32.9292,39.9177],[32.9267,39.9162],[32.9265,39.9163],[32.9252,39.9159],[32.9247,39.9152],[32.9239,39.9154],[32.924,39.9159],[32.9249,39.9173],[32.9243,39.9174],[32.9242,39.9183],[32.9237,39.9185],[32.921,39.9206],[32.9207,39.9212],[32.9212,39.9222],[32.9211,39.9232],[32.9211,39.9235],[32.9218,39.9245],[32.9218,39.9248],[32.9222,39.9251],[32.9305,39.9199],[32.9295,39.9197]]]]}},{"type":"Feature","properties":{"id":"mamak-sahap-gurler"},"geometry":{"type":"MultiPolygon","coordinates":[[[[32.9588,39.9038],[32.9591,39.9036],[32.9594,39.9037],[32.9621,39.9019],[32.9621,39.901],[32.9618,39.9007],[32.9623,39.8998],[32.962,39.8995],[32.9635,39.8983],[32.9605,39.8955],[32.9586,39.8932],[32.9556,39.8891],[32.9529,39.8847],[32.9509,39.8893],[32.9453,39.9082],[32.9453,39.9091],[32.9459,39.9098],[32.9458,39.911],[32.9477,39.9115],[32.947,39.9126],[32.9466,39.9138],[32.9517,39.9129],[32.9569,39.9126],[32.9567,39.9115],[32.9569,39.9099],[32.9576,39.907],[32.9575,39.9062],[32.9577,39.9058],[32.9574,39.9057],[32.9582,39.9043],[32.9588,39.9038]]]]}},{"type":"Feature","properties":{"id":"mamak-sehit-cengiz-topel"},"geometry":{"type":"MultiPolygon","coordinates":[[[[32.883,39.9214],[32.884,39.9214],[32.8837,39.921],[32.8824,39.9203],[32.8825,39.9197],[32.8834,39.9198],[32.884,39.9191],[32.8841,39.9185],[32.8847,39.9186],[32.8844,39.9174],[32.8839,39.9164],[32.8838,39.9158],[32.8833,39.9162],[32.8831,39.9161],[32.8829,39.9151],[32.8827,39.9149],[32.8819,39.9152],[32.8816,39.915],[32.8811,39.9153],[32.8813,39.9159],[32.8807,39.9158],[32.8801,39.9175],[32.8793,39.9184],[32.8785,39.9186],[32.877,39.9184],[32.8766,39.9191],[32.8762,39.9192],[32.877,39.9205],[32.8789,39.9214],[32.8802,39.9219],[32.883,39.9214]]]]}},{"type":"Feature","properties":{"id":"mamak-basak"},"geometry":{"type":"MultiPolygon","coordinates":[[[[32.962,39.965],[32.9614,39.9648],[32.9672,39.9596],[32.9674,39.959],[32.968,39.9585],[32.9702,39.9576],[32.9707,39.9566],[32.9715,39.9558],[32.9706,39.9543],[32.9713,39.9541],[32.9728,39.9541],[32.9716,39.9535],[32.971,39.9528],[32.9702,39.9527],[32.9696,39.9524],[32.9698,39.9521],[32.9702,39.952],[32.9704,39.9517],[32.9705,39.951],[32.9707,39.9503],[32.9707,39.9498],[32.9724,39.9496],[32.9735,39.9496],[32.9748,39.9506],[32.9758,39.9502],[32.9782,39.9487],[32.9806,39.9475],[32.9797,39.9472],[32.979,39.9475],[32.977,39.9474],[32.9745,39.9464],[32.9734,39.9458],[32.972,39.9454],[32.9706,39.9445],[32.9683,39.9474],[32.965,39.9493],[32.9643,39.9509],[32.9633,39.9515],[32.9604,39.9521],[32.9588,39.9531],[32.9577,39.953],[32.9552,39.9534],[32.9529,39.9533],[32.9504,39.954],[32.9501,39.9556],[32.9502,39.9567],[32.9514,39.9591],[32.9511,39.9593],[32.951,39.9599],[32.9508,39.9599],[32.9505,39.961],[32.9507,39.9626],[32.9504,39.964],[32.9488,39.9661],[32.9485,39.9663],[32.9515,39.9682],[32.9554,39.9701],[32.9575,39.9708],[32.9605,39.9714],[32.9619,39.9719],[32.9624,39.9687],[32.9622,39.9678],[32.9621,39.9667],[32.9624,39.9651],[32.962,39.965]]]]}},{"type":"Feature","properties":{"id":"mamak-derbent"},"geometry":{"type":"MultiPolygon","coordinates":[[[[32.9319,39.9328],[32.932,39.9325],[32.9341,39.9314],[32.9349,39.9305],[32.9369,39.9292],[32.936,39.9284],[32.9367,39.928],[32.9386,39.9273],[32.9389,39.9254],[32.9392,39.9248],[32.9375,39.9233],[32.939,39.922],[32.9383,39.922],[32.9374,39.9217],[32.9365,39.9207],[32.9366,39.9206],[32.9365,39.9205],[32.9342,39.9189],[32.9336,39.9182],[32.9296,39.9204],[32.9222,39.9251],[32.9213,39.9258],[32.9204,39.927],[32.9198,39.9283],[32.9195,39.9295],[32.9194,39.9303],[32.9217,39.9296],[32.9228,39.9297],[32.9237,39.9305],[32.9248,39.9305],[32.9255,39.9314],[32.9262,39.9314],[32.9269,39.9319],[32.9275,39.9319],[32.9292,39.9329],[32.9303,39.9331],[32.9305,39.9328],[32.931,39.9328],[32.9314,39.9332],[32.9314,39.9338],[32.9317,39.934],[32.9324,39.9333],[32.932,39.9331],[32.9319,39.9328]]]]}},{"type":"Feature","properties":{"id":"mamak-kutlu"},"geometry":{"type":"MultiPolygon","coordinates":[[[[32.8995,39.9183],[32.9002,39.9179],[32.9002,39.9172],[32.9051,39.9138],[32.9062,39.9127],[32.9073,39.9096],[32.9056,39.9107],[32.9041,39.9109],[32.9029,39.9103],[32.8996,39.9104],[32.8963,39.9117],[32.893,39.9109],[32.8923,39.9111],[32.8923,39.9113],[32.8915,39.9118],[32.8928,39.9129],[32.8929,39.9128],[32.8934,39.9129],[32.8937,39.9134],[32.8947,39.9142],[32.8953,39.9149],[32.8967,39.916],[32.8971,39.9172],[32.8976,39.9184],[32.8988,39.9183],[32.8993,39.9184],[32.8995,39.9183]]]]}},{"type":"Feature","properties":{"id":"mamak-kibriskoy"},"geometry":{"type":"MultiPolygon","coordinates":[[[[33.0024,39.893],[33.0023,39.8923],[33.0034,39.8923],[33.0034,39.892],[33.0087,39.8867],[33.0085,39.8853],[33.0078,39.8841],[33.0077,39.8829],[33.0086,39.8822],[33.0096,39.882],[33.0115,39.8818],[33.0131,39.8823],[33.0174,39.8777],[33.0183,39.8776],[33.0191,39.8759],[33.0188,39.8749],[33.0164,39.8738],[33.0155,39.874],[33.0122,39.8733],[33.013,39.872],[33.015,39.87],[33.0163,39.8691],[33.0177,39.8695],[33.0192,39.8711],[33.0205,39.8716],[33.0235,39.8723],[33.0247,39.8716],[33.0253,39.8658],[33.0257,39.8644],[33.0303,39.8605],[33.0309,39.859],[33.0304,39.8582],[33.029,39.8567],[33.0271,39.855],[33.0278,39.8535],[33.0318,39.85],[33.0328,39.8466],[33.0286,39.8392],[33.0222,39.8254],[33.0314,39.8236],[33.0369,39.822],[33.0415,39.8221],[33.0432,39.8219],[33.045,39.821],[33.0467,39.8194],[33.0401,39.8189],[33.0329,39.8159],[33.0216,39.8182],[33.0166,39.8164],[33.0162,39.8102],[33.0225,39.8051],[33.0273,39.801],[33.0273,39.8],[33.0259,39.7981],[33.0239,39.7978],[33.0237,39.7975],[33.0213,39.7965],[33.0187,39.7956],[33.0185,39.7962],[33.0182,39.7964],[33.0177,39.7961],[33.0173,39.7956],[33.0145,39.7941],[33.0121,39.7937],[33.012,39.7932],[33.0112,39.7933],[33.0104,39.7925],[33.009,39.7923],[33.0092,39.7917],[33.0044,39.7915],[33.0053,39.7904],[33.004,39.7901],[33.0038,39.7892],[33.003,39.7892],[33.0029,39.7897],[33.0004,39.7905],[33.001,39.7894],[32.9968,39.7893],[32.9951,39.7884],[32.9931,39.7895],[32.993,39.791],[32.9913,39.7911],[32.9847,39.7935],[32.9862,39.7969],[32.9885,39.7998],[32.989,39.8026],[32.9896,39.8029],[32.9895,39.8036],[32.9903,39.8048],[32.992,39.806],[32.9919,39.8064],[32.9951,39.8069],[32.9946,39.8089],[32.9938,39.8088],[32.9936,39.81],[32.9909,39.81],[32.9904,39.8104],[32.9888,39.8102],[32.9876,39.8123],[32.9866,39.815],[32.9866,39.8156],[32.9871,39.8165],[32.9868,39.8167],[32.987,39.8175],[32.9863,39.818],[32.9852,39.818],[32.9852,39.8193],[32.984,39.8199],[32.9844,39.8203],[32.9839,39.8216],[32.9852,39.8232],[32.9827,39.8239],[32.9808,39.8268],[32.9793,39.8264],[32.979,39.8269],[32.979,39.8276],[32.9785,39.828],[32.98,39.829],[32.979,39.83],[32.9769,39.8305],[32.9764,39.8308],[32.9749,39.8311],[32.9741,39.8317],[32.9729,39.8318],[32.9717,39.8325],[32.9708,39.8338],[32.9709,39.8344],[32.9706,39.8358],[32.9682,39.8369],[32.967,39.8377],[32.9672,39.8383],[32.97,39.843],[32.9687,39.8452],[32.9682,39.8458],[32.9667,39.8472],[32.9661,39.8475],[32.9674,39.8478],[32.9705,39.848],[32.9736,39.8486],[32.9771,39.8499],[32.9786,39.8515],[32.9861,39.856],[32.9833,39.8578],[32.9778,39.8619],[32.9836,39.8632],[32.9869,39.8661],[32.986,39.869],[32.9838,39.8722],[32.983,39.8726],[32.982,39.8748],[32.9836,39.8752],[32.9842,39.8752],[32.9832,39.8809],[32.9817,39.8809],[32.9787,39.8847],[32.9785,39.8854],[32.9785,39.8867],[32.9781,39.8876],[32.9766,39.889],[32.975,39.8901],[32.9747,39.8924],[32.9804,39.8938],[32.9822,39.8947],[32.984,39.8949],[32.984,39.8942],[32.9865,39.8943],[32.987,39.8927],[32.9892,39.8929],[32.9898,39.8928],[32.9904,39.893],[32.9902,39.8939],[32.9997,39.8969],[33.0006,39.8954],[33.0005,39.8945],[33.0016,39.8944],[33.0018,39.8943],[33.0024,39.8936],[33.0024,39.893]]]]}},{"type":"Feature","properties":{"id":"mamak-dirilis"},"geometry":{"type":"MultiPolygon","coordinates":[[[[32.9108,39.9517],[32.9114,39.9515],[32.9104,39.9493],[32.9091,39.9485],[32.9083,39.9467],[32.9085,39.9438],[32.9062,39.9451],[32.9017,39.9462],[32.8993,39.9465],[32.8978,39.9462],[32.8932,39.9446],[32.891,39.9443],[32.9033,39.9542],[32.9108,39.9517]]]]}},{"type":"Feature","properties":{"id":"mamak-safaktepe"},"geometry":{"type":"MultiPolygon","coordinates":[[[[32.8946,39.9378],[32.8961,39.9361],[32.8977,39.9351],[32.8975,39.9348],[32.895,39.9354],[32.8914,39.9366],[32.8905,39.9364],[32.8884,39.9353],[32.8868,39.9376],[32.8863,39.9372],[32.886,39.9375],[32.8854,39.9376],[32.8847,39.9371],[32.8828,39.9374],[32.8839,39.9388],[32.883,39.9395],[32.8836,39.9401],[32.8845,39.9406],[32.8844,39.9425],[32.8878,39.9428],[32.8894,39.9433],[32.8913,39.9406],[32.8929,39.9396],[32.8946,39.9378]]]]}},{"type":"Feature","properties":{"id":"mamak-durali-alic"},"geometry":{"type":"MultiPolygon","coordinates":[[[[32.9343,39.8921],[32.9305,39.8944],[32.9279,39.8947],[32.9279,39.8952],[32.9277,39.8963],[32.9269,39.8988],[32.9265,39.9035],[32.9275,39.9053],[32.9277,39.9062],[32.928,39.9094],[32.9284,39.9111],[32.9282,39.9121],[32.9289,39.9133],[32.9299,39.9142],[32.9304,39.9136],[32.9315,39.9126],[32.9319,39.9121],[32.9335,39.9086],[32.9343,39.9061],[32.9347,39.9056],[32.9358,39.9052],[32.9361,39.9049],[32.9361,39.9034],[32.9369,39.9023],[32.9373,39.9012],[32.9377,39.9007],[32.9362,39.8974],[32.9356,39.8946],[32.9343,39.8921]]]]}},{"type":"Feature","properties":{"id":"mamak-cengizhan"},"geometry":{"type":"MultiPolygon","coordinates":[[[[32.9231,39.9056],[32.9235,39.9053],[32.923,39.9051],[32.9227,39.9045],[32.9234,39.9043],[32.9233,39.9041],[32.9236,39.9041],[32.9244,39.9037],[32.9248,39.9031],[32.9257,39.9025],[32.9266,39.9023],[32.9269,39.8989],[32.9278,39.8958],[32.9279,39.8947],[32.9305,39.8944],[32.9343,39.8921],[32.9336,39.8903],[32.9329,39.8896],[32.9298,39.8881],[32.925,39.8937],[32.922,39.8962],[32.9211,39.8972],[32.9188,39.902],[32.917,39.9047],[32.9171,39.9057],[32.9177,39.9055],[32.9186,39.9056],[32.9201,39.9068],[32.9213,39.9074],[32.9216,39.9072],[32.9219,39.9067],[32.9225,39.9062],[32.9224,39.9059],[32.9231,39.9056]]]]}},{"type":"Feature","properties":{"id":"mamak-lalahan"},"geometry":{"type":"MultiPolygon","coordinates":[[[[33.1337,39.9966],[33.1469,39.9844],[33.139,39.9782],[33.1341,39.9723],[33.1348,39.9702],[33.1351,39.97],[33.1352,39.9698],[33.135,39.9696],[33.1358,39.9671],[33.1268,39.9678],[33.1181,39.9698],[33.1168,39.97],[33.1148,39.97],[33.1132,39.9697],[33.1116,39.9692],[33.1041,39.9653],[33.1017,39.9646],[33.0979,39.9641],[33.0964,39.9637],[33.0911,39.9609],[33.0875,39.9597],[33.0864,39.9614],[33.0842,39.9627],[33.0926,39.9632],[33.0902,39.9715],[33.0921,39.979],[33.0981,39.9866],[33.0936,39.9878],[33.1024,39.9938],[33.1039,39.9938],[33.1097,40.001],[33.1097,40.0056],[33.1136,40.0095],[33.1088,40.0192],[33.1124,40.0217],[33.1222,40.0083],[33.1337,39.9966]]]]}},{"type":"Feature","properties":{"id":"mamak-sirintepe"},"geometry":{"type":"MultiPolygon","coordinates":[[[[32.9242,39.9183],[32.9243,39.9174],[32.9249,39.9173],[32.924,39.9159],[32.9239,39.9154],[32.9247,39.9152],[32.9252,39.9159],[32.9254,39.9159],[32.9262,39.9151],[32.9255,39.9138],[32.9243,39.9122],[32.9239,39.9114],[32.9225,39.912],[32.9188,39.9117],[32.9188,39.912],[32.9194,39.9123],[32.9197,39.9127],[32.9196,39.914],[32.9191,39.9148],[32.9196,39.9164],[32.919,39.9192],[32.9211,39.9235],[32.9212,39.9222],[32.9207,39.9213],[32.921,39.9207],[32.9237,39.9185],[32.9242,39.9183]]]]}},{"type":"Feature","properties":{"id":"mamak-fahri-koruturk"},"geometry":{"type":"MultiPolygon","coordinates":[[[[32.9284,39.9115],[32.9278,39.9081],[32.9277,39.9062],[32.9275,39.9053],[32.9265,39.9035],[32.9266,39.9023],[32.9257,39.9025],[32.9248,39.9031],[32.9244,39.9037],[32.9236,39.9041],[32.9233,39.9041],[32.9234,39.9043],[32.9227,39.9045],[32.923,39.9051],[32.9235,39.9053],[32.9228,39.9057],[32.9224,39.9059],[32.9225,39.9062],[32.9215,39.9073],[32.9211,39.9073],[32.9202,39.9069],[32.9186,39.9056],[32.9177,39.9055],[32.9171,39.9057],[32.918,39.9084],[32.9183,39.9101],[32.9182,39.9105],[32.9186,39.9109],[32.9188,39.9117],[32.9225,39.912],[32.9239,39.9114],[32.9243,39.9122],[32.9255,39.9138],[32.9262,39.9151],[32.9254,39.9159],[32.9256,39.9161],[32.9265,39.9163],[32.9281,39.9156],[32.9289,39.915],[32.9288,39.9145],[32.93,39.9143],[32.9288,39.9132],[32.9282,39.9121],[32.9284,39.9115]]]]}},{"type":"Feature","properties":{"id":"mamak-gulveren"},"geometry":{"type":"MultiPolygon","coordinates":[[[[32.9015,39.9462],[32.9034,39.9458],[32.9028,39.9447],[32.9021,39.9439],[32.9015,39.9441],[32.901,39.9437],[32.8997,39.9435],[32.8989,39.9446],[32.8974,39.9435],[32.8968,39.944],[32.896,39.9435],[32.8953,39.9433],[32.8956,39.9429],[32.8942,39.942],[32.8944,39.9417],[32.8934,39.9415],[32.8929,39.9412],[32.8925,39.9416],[32.8912,39.9409],[32.8909,39.941],[32.8894,39.9433],[32.891,39.9443],[32.8919,39.9443],[32.8938,39.9448],[32.8983,39.9464],[32.8993,39.9465],[32.9015,39.9462]]]]}},{"type":"Feature","properties":{"id":"mamak-gokceyurt"},"geometry":{"type":"MultiPolygon","coordinates":[[[[33.0765,39.9815],[33.0779,39.975],[33.0816,39.9751],[33.0847,39.9734],[33.0844,39.9711],[33.0796,39.9699],[33.0786,39.9694],[33.0806,39.9661],[33.0842,39.9627],[33.0864,39.9614],[33.0875,39.9597],[33.0792,39.9576],[33.0653,39.9522],[33.0638,39.9514],[33.0629,39.9501],[33.06,39.9489],[33.0588,39.9487],[33.0517,39.9449],[33.0436,39.9377],[33.0416,39.939],[33.0407,39.9402],[33.0404,39.9419],[33.0393,39.9437],[33.0395,39.9438],[33.0392,39.944],[33.0376,39.9461],[33.0288,39.9408],[33.0277,39.9423],[33.0206,39.9555],[33.0118,39.9621],[33.0077,39.9621],[33.0059,39.9636],[33.0074,39.9658],[33.0051,39.9678],[33.0053,39.9679],[33.0056,39.9708],[33.0073,39.9714],[33.0109,39.9737],[33.0164,39.9754],[33.0159,39.976],[33.0158,39.9764],[33.0155,39.977],[33.018,39.9803],[33.0212,39.9813],[33.0281,39.9801],[33.029,39.9802],[33.0311,39.9808],[33.0338,39.982],[33.038,39.9832],[33.0531,39.9864],[33.0582,39.989],[33.0623,39.9896],[33.0745,39.9907],[33.0765,39.9815]]]]}},{"type":"Feature","properties":{"id":"mamak-peyami-safa"},"geometry":{"type":"MultiPolygon","coordinates":[[[[32.9022,39.922],[32.902,39.9213],[32.901,39.9197],[32.9002,39.9179],[32.8993,39.9184],[32.8988,39.9183],[32.8976,39.9184],[32.8955,39.9188],[32.8944,39.9189],[32.89,39.9183],[32.8893,39.9185],[32.8882,39.9192],[32.8894,39.9206],[32.8903,39.9226],[32.892,39.9221],[32.8935,39.9234],[32.8939,39.9233],[32.8952,39.9223],[32.8964,39.9228],[32.8968,39.9229],[32.8973,39.9227],[32.8978,39.9221],[32.8983,39.922],[32.8994,39.9221],[32.9007,39.9234],[32.9018,39.9235],[32.9026,39.9232],[32.9022,39.922]]]]}},{"type":"Feature","properties":{"id":"mamak-caglayan"},"geometry":{"type":"MultiPolygon","coordinates":[[[[32.9059,39.933],[32.9086,39.9325],[32.9104,39.9318],[32.9101,39.9314],[32.9118,39.9302],[32.9115,39.9288],[32.9126,39.9263],[32.9113,39.926],[32.9107,39.9265],[32.91,39.9257],[32.9088,39.9249],[32.9068,39.9249],[32.907,39.9257],[32.9081,39.9271],[32.908,39.9274],[32.9073,39.928],[32.9055,39.929],[32.904,39.9288],[32.9032,39.929],[32.903,39.9298],[32.9032,39.9308],[32.9022,39.9315],[32.9032,39.9329],[32.9039,39.9329],[32.9042,39.9333],[32.9059,39.933]]]]}},{"type":"Feature","properties":{"id":"mamak-abidinpasa"},"geometry":{"type":"MultiPolygon","coordinates":[[[[32.8886,39.9241],[32.8886,39.9239],[32.8894,39.9236],[32.8891,39.9232],[32.8871,39.924],[32.8864,39.9239],[32.8855,39.9235],[32.8835,39.9245],[32.8826,39.9252],[32.8826,39.9257],[32.883,39.9265],[32.883,39.9282],[32.8841,39.9298],[32.8855,39.9313],[32.886,39.9308],[32.8872,39.9301],[32.8903,39.9289],[32.89,39.9275],[32.8901,39.9251],[32.8887,39.9243],[32.8886,39.9241]]]]}},{"type":"Feature","properties":{"id":"mamak-yeni-bayindir"},"geometry":{"type":"MultiPolygon","coordinates":[[[[33.0055,39.9003],[33.0042,39.9001],[33.0015,39.9007],[32.9984,39.8995],[32.9989,39.8986],[32.9978,39.8982],[32.9983,39.8974],[32.9993,39.8977],[32.9997,39.8969],[32.9902,39.8939],[32.9904,39.893],[32.9898,39.8928],[32.9892,39.8929],[32.987,39.8927],[32.9865,39.8943],[32.984,39.8942],[32.984,39.8949],[32.9822,39.8947],[32.9793,39.8982],[32.979,39.8994],[32.9778,39.8994],[32.9748,39.9012],[32.9759,39.903],[32.9749,39.9031],[32.9761,39.9054],[32.9762,39.9063],[32.976,39.907],[32.9784,39.9071],[32.9796,39.9073],[32.9804,39.9068],[32.9825,39.9081],[32.9832,39.9101],[32.9845,39.9089],[32.9852,39.9094],[32.9859,39.9087],[32.9859,39.9093],[32.9854,39.9109],[32.9855,39.9121],[32.9854,39.913],[32.985,39.9144],[32.9847,39.9149],[32.9806,39.9144],[32.9805,39.9146],[32.9865,39.9172],[32.9996,39.9238],[33.0001,39.9235],[33.0247,39.9165],[33.0127,39.9118],[33.0087,39.9115],[33.0073,39.911],[33.0059,39.9003],[33.0055,39.9003]]]]}},{"type":"Feature","properties":{"id":"mamak-bostancik"},"geometry":{"type":"MultiPolygon","coordinates":[[[[32.9364,39.9619],[32.9378,39.9622],[32.9373,39.9601],[32.9376,39.9597],[32.9384,39.9599],[32.9385,39.9594],[32.9373,39.9585],[32.9375,39.9582],[32.9381,39.9582],[32.9431,39.9526],[32.9264,39.9542],[32.9256,39.9553],[32.9226,39.9569],[32.9221,39.9567],[32.921,39.9564],[32.9219,39.9575],[32.9243,39.9594],[32.9259,39.96],[32.9299,39.9611],[32.9329,39.9623],[32.9364,39.9619]]]]}},{"type":"Feature","properties":{"id":"mamak-ege"},"geometry":{"type":"MultiPolygon","coordinates":[[[[32.9169,39.9057],[32.9171,39.9057],[32.9169,39.9051],[32.9171,39.9044],[32.9188,39.902],[32.9211,39.8972],[32.922,39.8962],[32.925,39.8937],[32.9298,39.8881],[32.9227,39.885],[32.9211,39.8846],[32.9195,39.8846],[32.9176,39.8849],[32.9174,39.8859],[32.9162,39.8868],[32.9148,39.89],[32.9134,39.8923],[32.9108,39.8946],[32.9072,39.8926],[32.9058,39.8937],[32.9026,39.8947],[32.9014,39.8948],[32.901,39.8951],[32.9013,39.8956],[32.9033,39.897],[32.903,39.8996],[32.9029,39.9001],[32.9035,39.9005],[32.9048,39.901],[32.9051,39.9013],[32.9051,39.9017],[32.9074,39.9023],[32.9082,39.9022],[32.9091,39.9027],[32.9119,39.9034],[32.9114,39.9041],[32.9115,39.9045],[32.9135,39.9055],[32.9155,39.906],[32.9169,39.9057]]]]}},{"type":"Feature","properties":{"id":"mamak-general-zeki-dogan"},"geometry":{"type":"MultiPolygon","coordinates":[[[[32.9178,39.9078],[32.9171,39.9057],[32.9135,39.9064],[32.9121,39.9062],[32.9117,39.9066],[32.9111,39.9078],[32.9106,39.9076],[32.9102,39.9076],[32.9073,39.9096],[32.9063,39.9126],[32.9053,39.9136],[32.9002,39.9172],[32.9002,39.9179],[32.9004,39.9186],[32.902,39.9213],[32.9025,39.9231],[32.903,39.9239],[32.9038,39.9235],[32.9044,39.923],[32.9057,39.9207],[32.9061,39.9204],[32.91,39.9186],[32.9109,39.918],[32.9126,39.9157],[32.9132,39.9136],[32.9135,39.913],[32.9181,39.9106],[32.9183,39.9101],[32.9178,39.9078]]]]}},{"type":"Feature","properties":{"id":"mamak-turkozu"},"geometry":{"type":"MultiPolygon","coordinates":[[[[32.8859,39.9168],[32.8859,39.9166],[32.8888,39.9163],[32.8882,39.9143],[32.889,39.9141],[32.8889,39.9136],[32.8897,39.9132],[32.8923,39.9113],[32.8923,39.9111],[32.8931,39.9108],[32.8942,39.91],[32.8945,39.9094],[32.8943,39.9066],[32.8946,39.9052],[32.8957,39.9035],[32.8965,39.9026],[32.8956,39.9032],[32.8952,39.9039],[32.8944,39.9046],[32.8926,39.9056],[32.8916,39.9065],[32.8866,39.9101],[32.8854,39.9108],[32.8819,39.9114],[32.8795,39.9105],[32.879,39.9106],[32.8783,39.9111],[32.8781,39.912],[32.8783,39.9128],[32.8801,39.9139],[32.8807,39.9158],[32.8813,39.9159],[32.8811,39.9153],[32.8814,39.9151],[32.8816,39.915],[32.8819,39.9152],[32.8827,39.9149],[32.8829,39.9151],[32.8831,39.9161],[32.8833,39.9162],[32.8838,39.9158],[32.8841,39.9168],[32.8859,39.9168]]]]}},{"type":"Feature","properties":{"id":"mamak-saimekadin"},"geometry":{"type":"MultiPolygon","coordinates":[[[[32.8954,39.9341],[32.8961,39.9321],[32.8967,39.9282],[32.8966,39.9271],[32.8961,39.9262],[32.8924,39.9278],[32.8903,39.9289],[32.8924,39.9317],[32.8936,39.9344],[32.8954,39.9341]]]]}},{"type":"Feature","properties":{"id":"mamak-akdere"},"geometry":{"type":"MultiPolygon","coordinates":[[[[32.8897,39.9229],[32.8903,39.9226],[32.8903,39.9223],[32.8894,39.9206],[32.8882,39.9192],[32.8901,39.9181],[32.889,39.9141],[32.8882,39.9143],[32.8888,39.9163],[32.8859,39.9166],[32.8859,39.9168],[32.8841,39.9168],[32.8844,39.9174],[32.8847,39.9186],[32.8841,39.9185],[32.884,39.9191],[32.8834,39.9198],[32.8825,39.9197],[32.8824,39.9201],[32.8825,39.9203],[32.8837,39.921],[32.8847,39.9221],[32.8851,39.9229],[32.8855,39.9231],[32.8855,39.9235],[32.8864,39.9239],[32.8873,39.924],[32.8897,39.9229]]]]}},{"type":"Feature","properties":{"id":"mamak-kayas"},"geometry":{"type":"MultiPolygon","coordinates":[[[[32.9845,39.9163],[32.977,39.9132],[32.9753,39.9128],[32.9733,39.9125],[32.9586,39.9125],[32.9585,39.9129],[32.9567,39.915],[32.9584,39.9159],[32.9595,39.9161],[32.9598,39.9171],[32.9601,39.9177],[32.9615,39.9185],[32.962,39.9189],[32.9622,39.9192],[32.9623,39.9198],[32.9627,39.9199],[32.9674,39.9219],[32.9697,39.9238],[32.9718,39.9246],[32.9708,39.9251],[32.9726,39.9271],[32.981,39.9285],[32.9886,39.9308],[32.9941,39.9267],[32.9945,39.9266],[32.9944,39.9264],[32.9954,39.9257],[32.9958,39.9256],[32.9957,39.9254],[32.9986,39.9233],[32.9845,39.9163]]]]}},{"type":"Feature","properties":{"id":"mamak-cigiltepe"},"geometry":{"type":"MultiPolygon","coordinates":[[[[32.9233,39.9565],[32.9256,39.9553],[32.9264,39.9542],[32.9431,39.9526],[32.9504,39.954],[32.9529,39.9533],[32.9552,39.9534],[32.9577,39.953],[32.9588,39.9531],[32.9604,39.9521],[32.9633,39.9515],[32.9643,39.9509],[32.965,39.9493],[32.9683,39.9474],[32.9706,39.9445],[32.9509,39.9387],[32.95,39.9387],[32.9484,39.9383],[32.9478,39.9385],[32.9475,39.9382],[32.9477,39.9379],[32.9475,39.9377],[32.9473,39.9376],[32.9465,39.9376],[32.9457,39.9368],[32.9448,39.9364],[32.9446,39.936],[32.9435,39.9361],[32.9433,39.9356],[32.9425,39.9356],[32.9421,39.9351],[32.9412,39.9352],[32.9409,39.9349],[32.9408,39.9344],[32.9402,39.9343],[32.9398,39.9336],[32.9369,39.9329],[32.9355,39.9318],[32.9347,39.9318],[32.9341,39.9323],[32.9335,39.9324],[32.9331,39.9331],[32.9324,39.9333],[32.9317,39.934],[32.9314,39.9338],[32.9314,39.9332],[32.931,39.9328],[32.9305,39.9328],[32.9303,39.9331],[32.9292,39.9329],[32.9275,39.9319],[32.9269,39.9319],[32.9262,39.9314],[32.9255,39.9314],[32.9248,39.9305],[32.9237,39.9305],[32.9228,39.9297],[32.9217,39.9296],[32.9194,39.9303],[32.9195,39.9309],[32.9198,39.9321],[32.9203,39.9332],[32.9213,39.9344],[32.9231,39.9363],[32.9241,39.9377],[32.9245,39.9387],[32.9249,39.9403],[32.9249,39.9413],[32.9246,39.943],[32.9241,39.9443],[32.9235,39.9454],[32.9225,39.9466],[32.9208,39.948],[32.9181,39.9493],[32.9105,39.9518],[32.9113,39.9533],[32.9094,39.9539],[32.9105,39.956],[32.9166,39.9541],[32.9168,39.9546],[32.9182,39.955],[32.9206,39.9563],[32.9221,39.9567],[32.9226,39.9569],[32.9233,39.9565]]]]}},{"type":"Feature","properties":{"id":"mamak-ekin"},"geometry":{"type":"MultiPolygon","coordinates":[[[[32.9505,39.961],[32.9508,39.9599],[32.951,39.9599],[32.9511,39.9593],[32.9514,39.9591],[32.9502,39.9567],[32.9501,39.9556],[32.9504,39.954],[32.9431,39.9526],[32.9381,39.9582],[32.9375,39.9582],[32.9373,39.9585],[32.9385,39.9594],[32.9384,39.9599],[32.9376,39.9597],[32.9373,39.9601],[32.9378,39.9622],[32.9413,39.9636],[32.9447,39.9642],[32.9478,39.9657],[32.9485,39.9663],[32.9488,39.9661],[32.9504,39.964],[32.9507,39.9626],[32.9505,39.961]]]]}},{"type":"Feature","properties":{"id":"mamak-uregil"},"geometry":{"type":"MultiPolygon","coordinates":[[[[32.9477,39.9165],[32.9517,39.9167],[32.9533,39.9166],[32.9545,39.9163],[32.9569,39.9151],[32.9567,39.915],[32.9585,39.9129],[32.9586,39.9125],[32.9517,39.9129],[32.9466,39.9138],[32.947,39.9126],[32.9477,39.9115],[32.9458,39.911],[32.9459,39.9098],[32.9453,39.9091],[32.9453,39.9082],[32.9509,39.8893],[32.9529,39.8847],[32.9493,39.878],[32.9484,39.8769],[32.9476,39.8762],[32.9459,39.8752],[32.9412,39.8735],[32.9402,39.8756],[32.9386,39.8769],[32.9379,39.8779],[32.9424,39.8801],[32.9419,39.8824],[32.9408,39.8846],[32.941,39.885],[32.9399,39.8872],[32.9396,39.8874],[32.9395,39.8882],[32.9397,39.8892],[32.9395,39.8901],[32.9397,39.8901],[32.9399,39.8904],[32.9407,39.8907],[32.9404,39.8916],[32.9406,39.8922],[32.9408,39.8939],[32.9411,39.8944],[32.9379,39.8954],[32.9377,39.897],[32.9374,39.8976],[32.9378,39.8989],[32.9387,39.8996],[32.9392,39.9002],[32.94,39.9009],[32.9402,39.9017],[32.9404,39.9021],[32.9404,39.903],[32.9395,39.9035],[32.9393,39.9045],[32.9394,39.9047],[32.94,39.9049],[32.941,39.9057],[32.9398,39.9062],[32.9392,39.9069],[32.9378,39.907],[32.9373,39.9069],[32.9371,39.908],[32.9371,39.9091],[32.9382,39.9106],[32.9386,39.9128],[32.9386,39.9146],[32.939,39.9153],[32.9391,39.9159],[32.9336,39.9182],[32.9361,39.9203],[32.9366,39.92],[32.9376,39.919],[32.9387,39.9187],[32.9416,39.9175],[32.9477,39.9165]]]]}},{"type":"Feature","properties":{"id":"mamak-kusunlar"},"geometry":{"type":"MultiPolygon","coordinates":[[[[32.9653,39.8992],[32.9654,39.8988],[32.9646,39.898],[32.9645,39.8975],[32.9649,39.8969],[32.9671,39.8953],[32.9687,39.8951],[32.9695,39.8939],[32.9719,39.8915],[32.9747,39.8924],[32.975,39.8901],[32.9766,39.889],[32.9781,39.8876],[32.9785,39.8867],[32.9785,39.8854],[32.9787,39.8847],[32.9817,39.8809],[32.9832,39.8809],[32.9842,39.8752],[32.9836,39.8752],[32.9813,39.8746],[32.9782,39.8743],[32.9781,39.8739],[32.9785,39.8709],[32.977,39.8708],[32.9768,39.8706],[32.9766,39.8699],[32.9715,39.8695],[32.9676,39.87],[32.9648,39.8696],[32.9634,39.8692],[32.9631,39.8683],[32.9606,39.8653],[32.9602,39.865],[32.9464,39.8626],[32.9412,39.8735],[32.9459,39.8752],[32.9476,39.8762],[32.9486,39.8771],[32.9493,39.878],[32.9539,39.8863],[32.9572,39.8914],[32.9605,39.8955],[32.9617,39.8967],[32.9651,39.8995],[32.9653,39.8992]]]]}},{"type":"Feature","properties":{"id":"mamak-kostence"},"geometry":{"type":"MultiPolygon","coordinates":[[[[32.9566,39.9239],[32.9575,39.924],[32.9572,39.9236],[32.956,39.9231],[32.9552,39.9224],[32.9552,39.9213],[32.9549,39.9204],[32.9545,39.9196],[32.9532,39.9177],[32.9534,39.9171],[32.9533,39.9166],[32.9512,39.9167],[32.9477,39.9165],[32.9417,39.9175],[32.9387,39.9187],[32.9376,39.919],[32.9366,39.92],[32.9361,39.9203],[32.9366,39.9206],[32.9365,39.9207],[32.9374,39.9217],[32.9383,39.922],[32.9403,39.9221],[32.9406,39.9204],[32.9419,39.9199],[32.9426,39.9201],[32.9455,39.9197],[32.9471,39.9193],[32.9487,39.9194],[32.9497,39.9192],[32.9502,39.9199],[32.952,39.9214],[32.9527,39.9229],[32.953,39.9231],[32.9536,39.9235],[32.955,39.9237],[32.9556,39.9242],[32.9566,39.9239]]]]}},{"type":"Feature","properties":{"id":"mamak-dostlar"},"geometry":{"type":"MultiPolygon","coordinates":[[[[32.9588,39.9317],[32.9672,39.9293],[32.9672,39.9289],[32.9663,39.9277],[32.9651,39.927],[32.9644,39.9268],[32.9635,39.9268],[32.9627,39.9266],[32.9609,39.9256],[32.9575,39.924],[32.9565,39.9239],[32.9556,39.9242],[32.955,39.9237],[32.9536,39.9235],[32.9527,39.9229],[32.952,39.9214],[32.9502,39.9199],[32.9497,39.9192],[32.9487,39.9194],[32.9471,39.9193],[32.9455,39.9197],[32.9426,39.9201],[32.9419,39.9199],[32.9406,39.9204],[32.9403,39.9221],[32.939,39.922],[32.9386,39.9223],[32.9393,39.9226],[32.9408,39.9228],[32.9424,39.9226],[32.9464,39.9234],[32.9481,39.9242],[32.9488,39.9253],[32.9495,39.9253],[32.9509,39.9251],[32.952,39.9241],[32.9517,39.9253],[32.9513,39.9259],[32.9514,39.9268],[32.9513,39.9274],[32.9521,39.9287],[32.953,39.9294],[32.9532,39.9297],[32.9532,39.9299],[32.9536,39.9301],[32.9541,39.9304],[32.9548,39.9303],[32.9553,39.9311],[32.9565,39.9307],[32.9572,39.9312],[32.9581,39.9312],[32.9583,39.9315],[32.9588,39.9317]]]]}},{"type":"Feature","properties":{"id":"mamak-kucuk-kayas"},"geometry":{"type":"MultiPolygon","coordinates":[[[[32.985,39.9144],[32.9855,39.9126],[32.9854,39.9109],[32.9859,39.9093],[32.9859,39.9087],[32.9852,39.9094],[32.9845,39.9089],[32.9832,39.9101],[32.9825,39.9081],[32.9804,39.9068],[32.9796,39.9073],[32.9784,39.9071],[32.976,39.907],[32.9762,39.9063],[32.9761,39.9054],[32.9749,39.9031],[32.9701,39.9037],[32.9704,39.9049],[32.9688,39.9051],[32.9687,39.9059],[32.9682,39.9058],[32.968,39.9079],[32.9682,39.9081],[32.9677,39.9083],[32.9681,39.909],[32.9689,39.9097],[32.9691,39.9097],[32.9695,39.9094],[32.9699,39.9099],[32.9688,39.9108],[32.9689,39.9115],[32.9692,39.9116],[32.9691,39.9125],[32.9733,39.9125],[32.9753,39.9128],[32.9773,39.9133],[32.9805,39.9146],[32.9806,39.9144],[32.9845,39.9149],[32.9847,39.9149],[32.985,39.9144]]]]}},{"type":"Feature","properties":{"id":"mamak-altiagac"},"geometry":{"type":"MultiPolygon","coordinates":[[[[32.9227,39.9426],[32.9221,39.9419],[32.9215,39.9403],[32.9209,39.9396],[32.9206,39.9376],[32.9187,39.9373],[32.9181,39.9361],[32.9179,39.9346],[32.9175,39.9343],[32.9159,39.9336],[32.9143,39.932],[32.9134,39.9329],[32.9136,39.9343],[32.9129,39.9343],[32.9119,39.9357],[32.9119,39.9358],[32.9126,39.9353],[32.9131,39.9345],[32.9136,39.9345],[32.9133,39.935],[32.9138,39.9354],[32.9141,39.9353],[32.9142,39.9355],[32.9138,39.936],[32.9142,39.9365],[32.9146,39.9364],[32.916,39.9403],[32.9184,39.9412],[32.9182,39.9414],[32.9183,39.9422],[32.9194,39.9425],[32.9201,39.9433],[32.9206,39.9434],[32.9213,39.9449],[32.9219,39.9443],[32.9229,39.943],[32.9227,39.9426]]]]}},{"type":"Feature","properties":{"id":"mamak-huseyingazi"},"geometry":{"type":"MultiPolygon","coordinates":[[[[32.9193,39.9425],[32.9183,39.9422],[32.9182,39.9414],[32.9184,39.9412],[32.916,39.9403],[32.9146,39.9364],[32.9142,39.9365],[32.9138,39.936],[32.9142,39.9355],[32.9141,39.9353],[32.9138,39.9354],[32.9133,39.935],[32.9136,39.9345],[32.9131,39.9345],[32.9126,39.9353],[32.9119,39.9358],[32.9119,39.9357],[32.9129,39.9343],[32.9136,39.9343],[32.9134,39.9329],[32.9143,39.932],[32.9135,39.9315],[32.9133,39.9306],[32.9098,39.9321],[32.9077,39.9327],[32.9082,39.933],[32.9087,39.9336],[32.91,39.9333],[32.9109,39.9333],[32.9109,39.934],[32.91,39.9359],[32.9098,39.9368],[32.9099,39.9385],[32.9095,39.9393],[32.9097,39.9401],[32.9087,39.9429],[32.9083,39.9466],[32.909,39.9484],[32.9103,39.9492],[32.9114,39.9515],[32.9181,39.9493],[32.9196,39.9487],[32.9217,39.9473],[32.9232,39.9459],[32.9213,39.9449],[32.9206,39.9434],[32.9201,39.9433],[32.9193,39.9425]]]]}},{"type":"Feature","properties":{"id":"mamak-karaagac"},"geometry":{"type":"MultiPolygon","coordinates":[[[[32.9236,39.9369],[32.923,39.9361],[32.9224,39.9365],[32.9215,39.9353],[32.9207,39.935],[32.9198,39.9343],[32.9191,39.9344],[32.9179,39.9348],[32.9181,39.9361],[32.9187,39.9373],[32.9206,39.9376],[32.9209,39.9396],[32.9215,39.9403],[32.9221,39.9419],[32.9229,39.943],[32.9219,39.9443],[32.9213,39.9449],[32.9232,39.9459],[32.9244,39.9438],[32.9249,39.9413],[32.9247,39.9393],[32.9243,39.9382],[32.9236,39.9369]]]]}},{"type":"Feature","properties":{"id":"mamak-bahcelerici"},"geometry":{"type":"MultiPolygon","coordinates":[[[[32.9213,39.9344],[32.92,39.9326],[32.9196,39.9314],[32.9194,39.9303],[32.9198,39.9283],[32.9204,39.927],[32.921,39.9262],[32.9194,39.9265],[32.9179,39.9272],[32.9143,39.93],[32.9133,39.9306],[32.9135,39.9315],[32.9144,39.9321],[32.9159,39.9336],[32.9175,39.9343],[32.9179,39.9348],[32.9191,39.9344],[32.9198,39.9343],[32.9207,39.935],[32.9215,39.9353],[32.9224,39.9365],[32.923,39.9361],[32.9213,39.9344]]]]}},{"type":"Feature","properties":{"id":"mamak-balkiraz"},"geometry":{"type":"MultiPolygon","coordinates":[[[[32.892,39.9365],[32.8957,39.9353],[32.8957,39.9352],[32.8953,39.9345],[32.8954,39.9341],[32.8936,39.9344],[32.8924,39.9317],[32.8903,39.9289],[32.8866,39.9304],[32.8848,39.932],[32.8804,39.9334],[32.8797,39.9335],[32.8804,39.9336],[32.8815,39.9344],[32.8832,39.9349],[32.8865,39.9348],[32.8887,39.9354],[32.8909,39.9365],[32.892,39.9365]]]]}},{"type":"Feature","properties":{"id":"mamak-altinevler"},"geometry":{"type":"MultiPolygon","coordinates":[[[[32.8995,39.9554],[32.9033,39.9542],[32.8905,39.9439],[32.8894,39.9433],[32.8889,39.9441],[32.8902,39.9445],[32.8905,39.9444],[32.8911,39.9454],[32.8906,39.9474],[32.8908,39.9481],[32.8963,39.9548],[32.8969,39.9553],[32.8975,39.9552],[32.8979,39.9559],[32.8995,39.9554]]]]}},{"type":"Feature","properties":{"id":"mamak-tepecik"},"geometry":{"type":"MultiPolygon","coordinates":[[[[32.981,39.9285],[32.9726,39.9271],[32.9708,39.9251],[32.9718,39.9246],[32.9697,39.9238],[32.9674,39.9219],[32.9627,39.9199],[32.9623,39.9198],[32.9622,39.9192],[32.962,39.9189],[32.9615,39.9185],[32.9601,39.9177],[32.9598,39.9171],[32.9595,39.9161],[32.9586,39.916],[32.9569,39.9151],[32.9547,39.9162],[32.9533,39.9166],[32.9534,39.9171],[32.9532,39.9177],[32.9545,39.9196],[32.9549,39.9204],[32.9552,39.9213],[32.9552,39.9224],[32.956,39.9231],[32.9572,39.9236],[32.9575,39.924],[32.9609,39.9256],[32.9627,39.9266],[32.9635,39.9268],[32.9644,39.9268],[32.9652,39.9271],[32.9662,39.9276],[32.9667,39.9281],[32.9672,39.9289],[32.9672,39.9293],[32.9807,39.9358],[32.9886,39.9308],[32.981,39.9285]]]]}},{"type":"Feature","properties":{"id":"mamak-bahcelerustu"},"geometry":{"type":"MultiPolygon","coordinates":[[[[32.8997,39.9436],[32.8997,39.9435],[32.901,39.9437],[32.9015,39.9441],[32.9021,39.9439],[32.9017,39.9434],[32.9014,39.9424],[32.902,39.9422],[32.902,39.9413],[32.9032,39.9399],[32.9008,39.9403],[32.8995,39.9409],[32.8986,39.9404],[32.8978,39.9395],[32.8981,39.9386],[32.898,39.9375],[32.8971,39.9382],[32.8948,39.9391],[32.8929,39.9396],[32.8913,39.9406],[32.8909,39.941],[32.8912,39.9409],[32.8925,39.9416],[32.8929,39.9412],[32.8934,39.9415],[32.8944,39.9417],[32.8942,39.942],[32.8956,39.9429],[32.8953,39.9433],[32.896,39.9435],[32.8968,39.944],[32.8974,39.9435],[32.8989,39.9446],[32.8997,39.9436]]]]}},{"type":"Feature","properties":{"id":"mamak-karsiyaka"},"geometry":{"type":"MultiPolygon","coordinates":[[[[33.1353,39.9488],[33.1361,39.9455],[33.1389,39.9402],[33.1675,39.9304],[33.1672,39.9283],[33.1662,39.9276],[33.1668,39.9271],[33.1668,39.9259],[33.1641,39.923],[33.166,39.9222],[33.1653,39.9215],[33.1659,39.9213],[33.1664,39.9198],[33.1639,39.9138],[33.1618,39.9138],[33.1585,39.9128],[33.1595,39.9113],[33.159,39.9101],[33.1546,39.9092],[33.1495,39.9097],[33.134,39.9088],[33.1313,39.9063],[33.1161,39.9047],[33.1137,39.9088],[33.1087,39.9127],[33.0979,39.9139],[33.0911,39.9212],[33.081,39.9384],[33.0903,39.9481],[33.0855,39.947],[33.0755,39.947],[33.0755,39.949],[33.075,39.9515],[33.0744,39.9532],[33.0753,39.9543],[33.0757,39.9555],[33.0766,39.9566],[33.0804,39.9579],[33.0895,39.9603],[33.0919,39.9612],[33.0964,39.9637],[33.0979,39.9641],[33.1011,39.9645],[33.1033,39.965],[33.1052,39.9658],[33.1106,39.9687],[33.1125,39.9695],[33.1144,39.9699],[33.1168,39.97],[33.1268,39.9678],[33.1358,39.9671],[33.1371,39.9623],[33.1339,39.9606],[33.1325,39.9554],[33.1343,39.953],[33.1353,39.9488]]]]}},{"type":"Feature","properties":{"id":"mamak-ortakoy"},"geometry":{"type":"MultiPolygon","coordinates":[[[[33.0755,39.949],[33.0755,39.947],[33.0855,39.947],[33.0903,39.9481],[33.081,39.9384],[33.0911,39.9212],[33.0979,39.9139],[33.1087,39.9127],[33.1137,39.9088],[33.1102,39.9069],[33.1078,39.9026],[33.111,39.8993],[33.1089,39.8978],[33.1051,39.9005],[33.1008,39.9019],[33.0979,39.8989],[33.0928,39.9009],[33.0909,39.8987],[33.0852,39.8964],[33.0766,39.8999],[33.0718,39.8984],[33.0696,39.9018],[33.0707,39.9042],[33.0688,39.9067],[33.065,39.9103],[33.0616,39.9113],[33.0589,39.9126],[33.0508,39.9148],[33.0443,39.9141],[33.0432,39.9141],[33.0404,39.9147],[33.0356,39.9152],[33.0293,39.9161],[33.0293,39.9138],[33.0269,39.9086],[33.025,39.9079],[33.0247,39.9165],[33.0001,39.9235],[32.9996,39.9238],[33.0074,39.9284],[33.0071,39.9288],[33.0069,39.9296],[33.0072,39.9299],[33.008,39.9301],[33.0078,39.9306],[33.0094,39.935],[33.0102,39.9364],[33.0107,39.9379],[33.0117,39.9422],[33.0122,39.9497],[33.0119,39.9531],[33.0197,39.9562],[33.0206,39.9555],[33.0277,39.9423],[33.0288,39.9408],[33.0376,39.9461],[33.0392,39.944],[33.0395,39.9438],[33.0393,39.9437],[33.0404,39.9419],[33.0407,39.9402],[33.0416,39.939],[33.0436,39.9377],[33.0517,39.9449],[33.0588,39.9487],[33.06,39.9489],[33.0629,39.9501],[33.0638,39.9514],[33.0653,39.9522],[33.0766,39.9566],[33.0757,39.9555],[33.0753,39.9543],[33.0744,39.9532],[33.075,39.9515],[33.0755,39.949]]]]}},{"type":"Feature","properties":{"id":"mamak-sahintepe"},"geometry":{"type":"MultiPolygon","coordinates":[[[[32.9138,39.9223],[32.914,39.9219],[32.9159,39.9221],[32.9183,39.9228],[32.9207,39.9226],[32.919,39.9192],[32.9196,39.9164],[32.9191,39.9148],[32.9196,39.914],[32.9197,39.9126],[32.9194,39.9123],[32.9188,39.912],[32.9187,39.911],[32.9182,39.9105],[32.9176,39.9109],[32.9135,39.9131],[32.9132,39.9136],[32.9126,39.9157],[32.9109,39.918],[32.9108,39.9231],[32.911,39.9236],[32.9115,39.9232],[32.9137,39.9226],[32.9138,39.9223]]]]}},{"type":"Feature","properties":{"id":"mamak-asik-veysel"},"geometry":{"type":"MultiPolygon","coordinates":[[[[32.8989,39.9251],[32.9039,39.9252],[32.9026,39.9232],[32.9018,39.9235],[32.9007,39.9234],[32.8997,39.9222],[32.8993,39.922],[32.8979,39.9221],[32.8973,39.9227],[32.8967,39.9229],[32.8952,39.9223],[32.8941,39.9231],[32.8936,39.9234],[32.8932,39.9233],[32.892,39.9221],[32.8903,39.9226],[32.8891,39.9232],[32.8894,39.9236],[32.8886,39.9239],[32.8887,39.9243],[32.8901,39.9251],[32.89,39.9275],[32.8903,39.9289],[32.8924,39.9278],[32.8946,39.9269],[32.8982,39.9252],[32.8989,39.9251]]]]}},{"type":"Feature","properties":{"id":"mamak-kazim-orbay"},"geometry":{"type":"MultiPolygon","coordinates":[[[[32.8976,39.9184],[32.8971,39.9172],[32.8967,39.916],[32.8953,39.9149],[32.8947,39.9142],[32.8937,39.9134],[32.8934,39.9129],[32.8929,39.9128],[32.8928,39.9129],[32.8915,39.9118],[32.8897,39.9132],[32.8889,39.9136],[32.8901,39.9179],[32.89,39.9183],[32.8944,39.9189],[32.8955,39.9188],[32.8976,39.9184]]]]}},{"type":"Feature","properties":{"id":"mamak-araplar"},"geometry":{"type":"MultiPolygon","coordinates":[[[[32.9848,39.9487],[32.9826,39.9417],[32.9826,39.9411],[32.9822,39.9404],[32.9821,39.9397],[32.9807,39.9358],[32.9672,39.9293],[32.9588,39.9317],[32.9583,39.9315],[32.9581,39.9312],[32.9572,39.9312],[32.9565,39.9307],[32.9553,39.9311],[32.9548,39.9303],[32.9541,39.9304],[32.9532,39.9299],[32.9532,39.9297],[32.9521,39.9287],[32.9513,39.9274],[32.9514,39.9268],[32.9513,39.9259],[32.9517,39.9253],[32.952,39.9241],[32.9509,39.9251],[32.9495,39.9253],[32.9488,39.9253],[32.9481,39.9242],[32.9464,39.9234],[32.9424,39.9226],[32.9408,39.9228],[32.9393,39.9226],[32.9386,39.9223],[32.9375,39.9233],[32.9392,39.9248],[32.9389,39.9254],[32.9386,39.9273],[32.9367,39.928],[32.936,39.9284],[32.9369,39.9292],[32.9349,39.9305],[32.9341,39.9314],[32.932,39.9325],[32.9319,39.9328],[32.932,39.9331],[32.9324,39.9333],[32.9329,39.9332],[32.9335,39.9324],[32.9341,39.9323],[32.9347,39.9318],[32.9355,39.9318],[32.9369,39.9329],[32.9398,39.9336],[32.9402,39.9343],[32.9408,39.9344],[32.9409,39.9349],[32.9412,39.9352],[32.9421,39.9351],[32.9425,39.9356],[32.9433,39.9356],[32.9435,39.9361],[32.9446,39.936],[32.9448,39.9364],[32.9457,39.9368],[32.9465,39.9376],[32.9473,39.9376],[32.9475,39.9377],[32.9477,39.9379],[32.9475,39.9382],[32.9478,39.9385],[32.9484,39.9383],[32.95,39.9387],[32.9509,39.9387],[32.9706,39.9446],[32.972,39.9454],[32.9734,39.9458],[32.9745,39.9464],[32.977,39.9474],[32.979,39.9475],[32.9797,39.9472],[32.9848,39.9487]]]]}},{"type":"Feature","properties":{"id":"mamak-bayindir"},"geometry":{"type":"MultiPolygon","coordinates":[[[[33.024,39.9004],[33.0236,39.8993],[33.0236,39.898],[33.0239,39.8978],[33.0244,39.8959],[33.0253,39.8954],[33.0265,39.8951],[33.0271,39.8938],[33.027,39.891],[33.0276,39.8881],[33.0298,39.8849],[33.0322,39.8834],[33.0338,39.8815],[33.0347,39.8792],[33.0348,39.8783],[33.0356,39.8778],[33.038,39.8772],[33.0406,39.8759],[33.0384,39.8719],[33.0419,39.8703],[33.0458,39.8667],[33.05,39.8659],[33.0622,39.8627],[33.0671,39.8554],[33.0669,39.8554],[33.0671,39.8553],[33.0711,39.8496],[33.0811,39.8472],[33.087,39.8448],[33.0907,39.841],[33.0863,39.8347],[33.0856,39.8283],[33.0829,39.8246],[33.0791,39.8257],[33.0651,39.8193],[33.0514,39.8198],[33.0467,39.8194],[33.045,39.821],[33.0432,39.8219],[33.0415,39.8221],[33.0369,39.822],[33.0314,39.8236],[33.0222,39.8254],[33.0286,39.8392],[33.0328,39.8466],[33.0318,39.85],[33.0278,39.8535],[33.0271,39.855],[33.029,39.8567],[33.0304,39.8582],[33.0309,39.859],[33.0303,39.8605],[33.0257,39.8644],[33.0253,39.8658],[33.0247,39.8716],[33.0235,39.8723],[33.0205,39.8716],[33.0192,39.8711],[33.0177,39.8695],[33.0163,39.8691],[33.015,39.87],[33.013,39.872],[33.0122,39.8733],[33.0155,39.874],[33.0164,39.8738],[33.0188,39.8749],[33.0191,39.8759],[33.0183,39.8776],[33.0174,39.8777],[33.0131,39.8823],[33.0115,39.8818],[33.0096,39.882],[33.0086,39.8822],[33.0077,39.8829],[33.0078,39.8841],[33.0085,39.8853],[33.0087,39.8867],[33.0034,39.892],[33.0034,39.8923],[33.0023,39.8923],[33.0024,39.8936],[33.0016,39.8944],[33.0005,39.8945],[33.0006,39.8954],[32.9993,39.8977],[32.9983,39.8974],[32.9978,39.8982],[32.9989,39.8986],[32.9984,39.8995],[32.9997,39.8999],[33.0013,39.9006],[33.002,39.9006],[33.0042,39.9001],[33.0059,39.9003],[33.0073,39.911],[33.0087,39.9115],[33.0127,39.9118],[33.0247,39.9165],[33.0251,39.9048],[33.0234,39.9025],[33.0236,39.9021],[33.0221,39.9017],[33.0237,39.901],[33.024,39.9004]]]]}},{"type":"Feature","properties":{"id":"mamak-mehtap"},"geometry":{"type":"MultiPolygon","coordinates":[[[[32.9022,39.9315],[32.9024,39.9312],[32.9014,39.9307],[32.9009,39.9296],[32.8996,39.9296],[32.8999,39.9292],[32.898,39.9284],[32.8967,39.9282],[32.8961,39.9321],[32.8953,39.9345],[32.8957,39.9353],[32.8975,39.9348],[32.8977,39.9351],[32.9042,39.9333],[32.9039,39.9329],[32.9032,39.9329],[32.9022,39.9315]]]]}},{"type":"Feature","properties":{"id":"mamak-yukari-imrohor"},"geometry":{"type":"MultiPolygon","coordinates":[[[[32.919,39.8846],[32.9211,39.8846],[32.9227,39.885],[32.9298,39.8881],[32.9367,39.8803],[32.938,39.8776],[32.9402,39.8756],[32.9412,39.8735],[32.9363,39.8724],[32.9181,39.8739],[32.9074,39.8755],[32.8992,39.8813],[32.9016,39.8826],[32.9036,39.8841],[32.9043,39.8848],[32.9052,39.8865],[32.9058,39.8877],[32.9053,39.89],[32.9053,39.8906],[32.9045,39.8914],[32.9072,39.8926],[32.9108,39.8946],[32.9134,39.8923],[32.9148,39.89],[32.9162,39.8868],[32.9174,39.8859],[32.9176,39.8849],[32.919,39.8846]]]]}},{"type":"Feature","properties":{"id":"mamak-harman"},"geometry":{"type":"MultiPolygon","coordinates":[[[[32.9105,39.9349],[32.911,39.9336],[32.9109,39.9333],[32.91,39.9333],[32.9087,39.9336],[32.9082,39.933],[32.9077,39.9327],[32.9036,39.9334],[32.8991,39.9346],[32.8994,39.9348],[32.8997,39.9353],[32.8999,39.9355],[32.9009,39.9348],[32.9026,39.9342],[32.9031,39.9351],[32.9046,39.9349],[32.9046,39.9357],[32.905,39.937],[32.905,39.9376],[32.9036,39.9387],[32.9031,39.9401],[32.902,39.9413],[32.902,39.9422],[32.9014,39.9424],[32.9019,39.9438],[32.9028,39.9447],[32.9034,39.9458],[32.9064,39.945],[32.9085,39.9438],[32.9088,39.9426],[32.9097,39.9402],[32.9095,39.9393],[32.9099,39.9385],[32.9098,39.9368],[32.91,39.9359],[32.9105,39.9349]]]]}},{"type":"Feature","properties":{"id":"mamak-kartaltepe"},"geometry":{"type":"MultiPolygon","coordinates":[[[[32.903,39.9298],[32.9032,39.929],[32.904,39.9288],[32.9054,39.9289],[32.9045,39.927],[32.9039,39.9252],[32.8989,39.9251],[32.8982,39.9252],[32.8961,39.9262],[32.8966,39.9271],[32.8967,39.9282],[32.898,39.9284],[32.8999,39.9292],[32.8996,39.9296],[32.9009,39.9296],[32.9014,39.9307],[32.9016,39.9309],[32.9024,39.9312],[32.9032,39.9308],[32.903,39.9298]]]]}},{"type":"Feature","properties":{"id":"mamak-kizilca"},"geometry":{"type":"MultiPolygon","coordinates":[[[[32.9999,39.9677],[33.0,39.9676],[33.0051,39.9678],[33.0074,39.9658],[33.0059,39.9636],[33.0077,39.9621],[33.0118,39.9621],[33.0197,39.9562],[33.0119,39.9531],[33.0122,39.9497],[33.0117,39.9422],[33.0107,39.9379],[33.0102,39.9364],[33.0094,39.935],[33.0078,39.9306],[33.008,39.9301],[33.0072,39.9299],[33.0069,39.9296],[33.0071,39.9288],[33.0074,39.9284],[33.0015,39.9248],[32.9986,39.9233],[32.9957,39.9254],[32.9958,39.9256],[32.9954,39.9257],[32.9944,39.9264],[32.9945,39.9266],[32.9941,39.9267],[32.9886,39.9308],[32.9807,39.9358],[32.9821,39.9397],[32.9822,39.9404],[32.9826,39.9411],[32.9826,39.9417],[32.9855,39.9507],[32.9831,39.9513],[32.9836,39.9528],[32.9864,39.9537],[32.9885,39.961],[32.9954,39.9644],[32.997,39.9656],[32.9984,39.9672],[32.9997,39.9678],[32.9999,39.9677]]]]}},{"type":"Feature","properties":{"id":"mamak-tuzlucayir"},"geometry":{"type":"MultiPolygon","coordinates":[[[[32.908,39.9274],[32.9081,39.9271],[32.907,39.9257],[32.9068,39.9249],[32.9088,39.9249],[32.91,39.9257],[32.9107,39.9265],[32.9113,39.9261],[32.9114,39.9258],[32.9112,39.9241],[32.9108,39.9231],[32.9109,39.918],[32.91,39.9186],[32.9061,39.9204],[32.9057,39.9207],[32.9044,39.923],[32.9038,39.9235],[32.903,39.9239],[32.904,39.9252],[32.9045,39.927],[32.9055,39.929],[32.9073,39.928],[32.908,39.9274]]]]}},{"type":"Feature","properties":{"id":"mamak-kutludugun"},"geometry":{"type":"MultiPolygon","coordinates":[[[[33.0226,39.9015],[33.0221,39.9017],[33.0236,39.9021],[33.0234,39.9025],[33.0251,39.9048],[33.025,39.9079],[33.0269,39.9086],[33.0293,39.9138],[33.0293,39.9161],[33.0356,39.9152],[33.0404,39.9147],[33.0432,39.9141],[33.0443,39.9141],[33.0508,39.9148],[33.0589,39.9126],[33.0616,39.9113],[33.065,39.9103],[33.0688,39.9067],[33.0707,39.9042],[33.0696,39.9018],[33.0718,39.8984],[33.0766,39.8999],[33.0852,39.8964],[33.0909,39.8987],[33.0928,39.9009],[33.0979,39.8989],[33.1008,39.9019],[33.1051,39.9005],[33.1089,39.8978],[33.111,39.8993],[33.1078,39.9026],[33.1102,39.9069],[33.1137,39.9088],[33.1161,39.9047],[33.1313,39.9063],[33.134,39.9088],[33.1495,39.9097],[33.1546,39.9092],[33.159,39.9101],[33.1509,39.8993],[33.1506,39.8943],[33.1539,39.8897],[33.1509,39.8849],[33.1467,39.8842],[33.1443,39.881],[33.1458,39.8787],[33.1452,39.8727],[33.1387,39.8709],[33.1425,39.8659],[33.1449,39.8624],[33.1461,39.8592],[33.1437,39.8525],[33.1529,39.8429],[33.1574,39.8374],[33.1485,39.8378],[33.138,39.8372],[33.1231,39.8328],[33.1014,39.8329],[33.0856,39.8283],[33.0863,39.8347],[33.0907,39.841],[33.087,39.8448],[33.0811,39.8472],[33.0711,39.8496],[33.0671,39.8553],[33.0669,39.8554],[33.0671,39.8554],[33.0622,39.8627],[33.05,39.8659],[33.0458,39.8667],[33.0419,39.8703],[33.0384,39.8719],[33.0406,39.8759],[33.038,39.8772],[33.0356,39.8778],[33.0348,39.8783],[33.0347,39.8792],[33.0338,39.8815],[33.0322,39.8834],[33.0298,39.8849],[33.0276,39.8881],[33.027,39.891],[33.0271,39.8938],[33.0265,39.8951],[33.0253,39.8954],[33.0244,39.8959],[33.0239,39.8978],[33.0236,39.898],[33.0236,39.8993],[33.024,39.9004],[33.0238,39.9009],[33.0226,39.9015]]]]}},{"type":"Feature","properties":{"id":"mamak-yesilbayir"},"geometry":{"type":"MultiPolygon","coordinates":[[[[32.9589,39.9125],[32.9691,39.9125],[32.9692,39.9116],[32.9689,39.9115],[32.9688,39.9108],[32.9699,39.9099],[32.9695,39.9094],[32.9691,39.9097],[32.9689,39.9097],[32.9681,39.909],[32.9677,39.9083],[32.9682,39.9081],[32.968,39.9079],[32.9682,39.9058],[32.9687,39.9059],[32.9688,39.9051],[32.9704,39.9049],[32.9701,39.9037],[32.9759,39.903],[32.9748,39.9012],[32.9778,39.8994],[32.979,39.8994],[32.9793,39.8982],[32.9822,39.8947],[32.9804,39.8938],[32.9773,39.8931],[32.9719,39.8915],[32.9695,39.8939],[32.9687,39.8951],[32.9671,39.8953],[32.9649,39.8969],[32.9645,39.8975],[32.9646,39.898],[32.9654,39.8988],[32.9651,39.8995],[32.9635,39.8983],[32.962,39.8995],[32.9623,39.8998],[32.9618,39.9007],[32.9621,39.901],[32.9621,39.9019],[32.9594,39.9037],[32.9591,39.9036],[32.9582,39.9043],[32.9574,39.9057],[32.9577,39.9058],[32.9575,39.9062],[32.9576,39.907],[32.9569,39.9099],[32.9567,39.9115],[32.9568,39.9123],[32.9569,39.9126],[32.9589,39.9125]]]]}},{"type":"Feature","properties":{"id":"mamak-zirvekent"},"geometry":{"type":"MultiPolygon","coordinates":[[[[32.9838,39.8722],[32.986,39.869],[32.9869,39.8661],[32.9836,39.8632],[32.9778,39.8619],[32.9833,39.8578],[32.9861,39.856],[32.9786,39.8515],[32.9771,39.8499],[32.9736,39.8486],[32.9705,39.848],[32.9674,39.8478],[32.9656,39.8473],[32.9648,39.8464],[32.965,39.8447],[32.9627,39.8443],[32.9621,39.8438],[32.9614,39.8429],[32.9588,39.8424],[32.9579,39.8424],[32.9571,39.8427],[32.956,39.8439],[32.9529,39.8446],[32.9516,39.8453],[32.9492,39.8503],[32.9487,39.8525],[32.9483,39.8537],[32.9471,39.8557],[32.9465,39.8571],[32.9464,39.8577],[32.9466,39.8591],[32.9464,39.8598],[32.9464,39.8626],[32.9602,39.865],[32.9606,39.8653],[32.9631,39.8683],[32.9634,39.8692],[32.9648,39.8696],[32.9676,39.87],[32.9715,39.8695],[32.9766,39.8699],[32.9768,39.8706],[32.977,39.8708],[32.9785,39.8709],[32.9781,39.8739],[32.9782,39.8743],[32.9785,39.8744],[32.982,39.8748],[32.983,39.8726],[32.9838,39.8722]]]]}},{"type":"Feature","properties":{"id":"mamak-misket"},"geometry":{"type":"MultiPolygon","coordinates":[[[[32.911,39.9236],[32.9114,39.9251],[32.9113,39.926],[32.9126,39.9263],[32.9115,39.9288],[32.9118,39.9302],[32.9101,39.9314],[32.9104,39.9318],[32.9137,39.9304],[32.9176,39.9273],[32.9191,39.9266],[32.921,39.9262],[32.9222,39.9251],[32.9218,39.9248],[32.9218,39.9245],[32.921,39.9234],[32.9207,39.9226],[32.9183,39.9228],[32.9159,39.9221],[32.914,39.9219],[32.9137,39.9226],[32.9115,39.9232],[32.911,39.9236]]]]}},{"type":"Feature","properties":{"id":"mamak-demirlibahce"},"geometry":{"type":"MultiPolygon","coordinates":[[[[32.8845,39.9371],[32.885,39.9372],[32.8854,39.9376],[32.886,39.9375],[32.8863,39.9372],[32.8868,39.9376],[32.8884,39.9353],[32.8861,39.9348],[32.8833,39.9349],[32.8815,39.9344],[32.8804,39.9336],[32.8797,39.9335],[32.876,39.9345],[32.8777,39.9374],[32.8792,39.9407],[32.8802,39.9417],[32.8814,39.9422],[32.8844,39.9425],[32.8845,39.9406],[32.8836,39.9401],[32.883,39.9395],[32.8839,39.9388],[32.8828,39.9374],[32.8845,39.9371]]]]}},{"type":"Feature","properties":{"id":"mamak-aksemsettin"},"geometry":{"type":"MultiPolygon","coordinates":[[[[32.9336,39.9125],[32.934,39.9127],[32.9348,39.9124],[32.9359,39.9122],[32.9359,39.9125],[32.9366,39.9123],[32.9376,39.9124],[32.9385,39.9121],[32.9382,39.9106],[32.9371,39.9091],[32.9371,39.908],[32.9373,39.9069],[32.9378,39.907],[32.9392,39.9069],[32.9398,39.9062],[32.941,39.9057],[32.94,39.9049],[32.9394,39.9047],[32.9393,39.9045],[32.9395,39.9035],[32.9404,39.903],[32.9404,39.9021],[32.9402,39.9017],[32.94,39.9009],[32.9392,39.9002],[32.9387,39.8996],[32.9378,39.8989],[32.9374,39.8976],[32.9377,39.897],[32.9379,39.8954],[32.9411,39.8944],[32.9408,39.8939],[32.9406,39.8922],[32.9404,39.8916],[32.9407,39.8907],[32.9399,39.8904],[32.9397,39.8901],[32.9395,39.8901],[32.9397,39.8892],[32.9395,39.8882],[32.9396,39.8874],[32.9399,39.8872],[32.941,39.885],[32.9408,39.8846],[32.9419,39.8824],[32.9424,39.8801],[32.9379,39.8779],[32.9367,39.8803],[32.9298,39.8881],[32.9329,39.8896],[32.9336,39.8903],[32.9356,39.8945],[32.9362,39.8974],[32.9377,39.9007],[32.9373,39.9012],[32.9369,39.9023],[32.9361,39.9034],[32.9361,39.9049],[32.9358,39.9052],[32.9347,39.9056],[32.9343,39.9061],[32.9335,39.9086],[32.9319,39.9121],[32.9301,39.914],[32.9309,39.9143],[32.9312,39.9138],[32.9336,39.9125]]]]}},{"type":"Feature","properties":{"id":"mamak-bogazici"},"geometry":{"type":"MultiPolygon","coordinates":[[[[32.9343,39.9179],[32.9391,39.9159],[32.939,39.9153],[32.9386,39.9146],[32.9386,39.9132],[32.9385,39.9121],[32.9376,39.9124],[32.9366,39.9123],[32.9359,39.9125],[32.9359,39.9122],[32.9348,39.9124],[32.934,39.9127],[32.9337,39.9124],[32.9312,39.9138],[32.9309,39.9143],[32.9301,39.914],[32.93,39.9143],[32.9288,39.9145],[32.9289,39.915],[32.928,39.9157],[32.9267,39.9162],[32.9292,39.9177],[32.9294,39.9177],[32.9287,39.9184],[32.9296,39.9188],[32.9295,39.9197],[32.9305,39.9199],[32.9343,39.9179]]]]}},{"type":"Feature","properties":{"id":"mamak-mutlu"},"geometry":{"type":"MultiPolygon","coordinates":[[[[32.9028,39.9103],[32.9043,39.9109],[32.9058,39.9107],[32.91,39.9077],[32.9105,39.9075],[32.9111,39.9078],[32.9117,39.9066],[32.9121,39.9062],[32.9132,39.9064],[32.9155,39.906],[32.9131,39.9053],[32.9115,39.9045],[32.9114,39.9041],[32.9119,39.9034],[32.9091,39.9027],[32.9082,39.9022],[32.9074,39.9023],[32.9051,39.9017],[32.9051,39.9013],[32.9048,39.901],[32.9035,39.9005],[32.9028,39.9011],[32.9021,39.9014],[32.8979,39.9016],[32.8975,39.902],[32.8966,39.9024],[32.8957,39.9035],[32.8946,39.9052],[32.8943,39.9066],[32.8944,39.9096],[32.8941,39.9102],[32.893,39.9109],[32.8963,39.9117],[32.8995,39.9105],[32.9028,39.9103]]]]}},{"type":"Feature","properties":{"id":"mamak-hurel"},"geometry":{"type":"MultiPolygon","coordinates":[[[[32.9029,39.9399],[32.9032,39.9399],[32.9036,39.9387],[32.905,39.9376],[32.905,39.9372],[32.9046,39.9357],[32.9046,39.9349],[32.9031,39.9351],[32.9026,39.9342],[32.9009,39.9348],[32.9001,39.9355],[32.8997,39.9355],[32.8994,39.9348],[32.8991,39.9346],[32.8969,39.9355],[32.8956,39.9365],[32.8929,39.9396],[32.8948,39.9391],[32.8971,39.9382],[32.898,39.9375],[32.8981,39.9386],[32.8978,39.9395],[32.8986,39.9404],[32.8994,39.9409],[32.8996,39.941],[32.9008,39.9403],[32.9029,39.9399]]]]}},{"type":"Feature","properties":{"id":"akyurt-karayatak"},"geometry":{"type":"MultiPolygon","coordinates":[[[[33.2035,40.0909],[33.2018,40.0893],[33.1992,40.0879],[33.1965,40.0907],[33.1954,40.0937],[33.1932,40.0933],[33.1921,40.095],[33.19,40.0958],[33.1924,40.0955],[33.1972,40.096],[33.194,40.1025],[33.1902,40.1049],[33.1903,40.1082],[33.1897,40.1095],[33.1887,40.1101],[33.1878,40.1112],[33.1845,40.1138],[33.1814,40.1167],[33.176,40.1183],[33.1767,40.1226],[33.1739,40.1273],[33.1749,40.1269],[33.1756,40.1269],[33.1766,40.1273],[33.1786,40.1272],[33.1805,40.1267],[33.182,40.1261],[33.1831,40.1265],[33.1843,40.1257],[33.1863,40.1251],[33.1876,40.1272],[33.1918,40.1272],[33.1925,40.1273],[33.1932,40.1276],[33.1925,40.1294],[33.1926,40.1309],[33.1939,40.1331],[33.1944,40.1337],[33.1993,40.1333],[33.2011,40.1335],[33.202,40.1325],[33.2018,40.1309],[33.2019,40.13],[33.2025,40.1287],[33.2057,40.1262],[33.2065,40.1258],[33.2075,40.1257],[33.2093,40.1244],[33.2112,40.124],[33.2129,40.12],[33.214,40.1189],[33.2145,40.1179],[33.214,40.1161],[33.2127,40.1142],[33.2116,40.112],[33.2118,40.1111],[33.2114,40.1086],[33.2115,40.1085],[33.2101,40.1069],[33.2095,40.1054],[33.2094,40.105],[33.2107,40.102],[33.2109,40.1005],[33.2107,40.1001],[33.21,40.0998],[33.2088,40.0966],[33.2079,40.0958],[33.2076,40.0948],[33.2068,40.0938],[33.2065,40.0925],[33.2066,40.0914],[33.206,40.0908],[33.2035,40.0909]]]]}},{"type":"Feature","properties":{"id":"akyurt-haydar"},"geometry":{"type":"MultiPolygon","coordinates":[[[[33.2647,40.1737],[33.27,40.1705],[33.2734,40.1708],[33.2774,40.1681],[33.278,40.168],[33.2783,40.1677],[33.2797,40.1672],[33.2813,40.1657],[33.2843,40.1623],[33.2855,40.16],[33.2823,40.1585],[33.281,40.1583],[33.2779,40.1587],[33.2764,40.1584],[33.2739,40.1568],[33.2719,40.155],[33.271,40.1545],[33.2689,40.1554],[33.267,40.1564],[33.2654,40.1535],[33.2615,40.1545],[33.2615,40.1533],[33.2606,40.1531],[33.2606,40.1527],[33.259,40.152],[33.2552,40.1518],[33.2528,40.1496],[33.2519,40.1503],[33.2509,40.1497],[33.2499,40.1495],[33.2507,40.1483],[33.249,40.1477],[33.2485,40.1481],[33.248,40.1519],[33.248,40.1533],[33.2464,40.1543],[33.2454,40.1556],[33.2452,40.1574],[33.2446,40.1587],[33.2443,40.1596],[33.2443,40.1608],[33.2431,40.1634],[33.2401,40.1656],[33.2393,40.1679],[33.2334,40.1724],[33.2329,40.1736],[33.2365,40.1748],[33.2391,40.1781],[33.2395,40.1801],[33.2437,40.1823],[33.2477,40.1864],[33.253,40.1795],[33.2581,40.1765],[33.2647,40.1737]]]]}},{"type":"Feature","properties":{"id":"akyurt-ahmetadil"},"geometry":{"type":"MultiPolygon","coordinates":[[[[33.2467,40.1383],[33.2498,40.1342],[33.2493,40.1337],[33.2492,40.1331],[33.2503,40.1315],[33.252,40.1301],[33.2531,40.13],[33.2532,40.1296],[33.2527,40.1287],[33.2521,40.1281],[33.2527,40.1281],[33.2529,40.1277],[33.2529,40.1273],[33.2503,40.1259],[33.2496,40.1262],[33.2487,40.1261],[33.2487,40.1252],[33.25,40.1242],[33.2523,40.1228],[33.254,40.1224],[33.2538,40.1217],[33.2532,40.1213],[33.2531,40.1209],[33.253,40.12],[33.2525,40.1197],[33.2521,40.1196],[33.2517,40.1191],[33.2511,40.1194],[33.2506,40.1194],[33.2505,40.1156],[33.249,40.1146],[33.2493,40.114],[33.2501,40.114],[33.2502,40.1138],[33.2498,40.1132],[33.25,40.1108],[33.2497,40.11],[33.251,40.1088],[33.251,40.1093],[33.252,40.1095],[33.2527,40.1088],[33.254,40.1081],[33.2538,40.1072],[33.2541,40.1067],[33.2538,40.1061],[33.2531,40.1053],[33.2519,40.1033],[33.2528,40.1021],[33.2532,40.1012],[33.2522,40.1005],[33.2526,40.1001],[33.2527,40.0979],[33.2533,40.0965],[33.2529,40.0933],[33.2535,40.0914],[33.2537,40.0899],[33.2532,40.0888],[33.2527,40.0885],[33.2584,40.0762],[33.2621,40.0772],[33.2655,40.0803],[33.2658,40.0834],[33.267,40.0844],[33.2707,40.0846],[33.2738,40.0841],[33.2789,40.0861],[33.2803,40.0872],[33.2819,40.0879],[33.2896,40.0879],[33.2703,40.0673],[33.265,40.0677],[33.2625,40.0707],[33.2578,40.072],[33.2542,40.0718],[33.2525,40.0696],[33.2488,40.0666],[33.2398,40.0634],[33.2333,40.0643],[33.2282,40.0633],[33.2242,40.0646],[33.2172,40.0608],[33.2112,40.0604],[33.2016,40.0633],[33.2008,40.0652],[33.2007,40.066],[33.2004,40.0663],[33.199,40.0691],[33.1981,40.0696],[33.1959,40.0695],[33.1948,40.0697],[33.1946,40.07],[33.1946,40.0707],[33.1942,40.0711],[33.1942,40.0715],[33.1959,40.0739],[33.1971,40.0762],[33.1969,40.0767],[33.1966,40.0771],[33.1966,40.0772],[33.1977,40.0779],[33.1984,40.0786],[33.199,40.0791],[33.2006,40.0797],[33.2014,40.0812],[33.202,40.0817],[33.2037,40.0837],[33.205,40.0847],[33.2057,40.0856],[33.2055,40.0863],[33.2048,40.0869],[33.2046,40.0873],[33.2054,40.0886],[33.2055,40.0898],[33.2058,40.0906],[33.2066,40.0915],[33.2065,40.0925],[33.2068,40.0938],[33.2076,40.0948],[33.2079,40.0958],[33.2088,40.0966],[33.21,40.0998],[33.2107,40.1001],[33.2109,40.1005],[33.2107,40.102],[33.2094,40.105],[33.2095,40.1054],[33.2101,40.1069],[33.2115,40.1085],[33.2114,40.1086],[33.2118,40.1111],[33.2116,40.112],[33.2127,40.1142],[33.214,40.1161],[33.2145,40.1179],[33.214,40.1189],[33.2129,40.12],[33.2112,40.124],[33.2093,40.1244],[33.2075,40.1257],[33.2065,40.1258],[33.2057,40.1262],[33.2025,40.1287],[33.2019,40.13],[33.2018,40.1309],[33.202,40.1325],[33.2011,40.1335],[33.2052,40.1352],[33.2113,40.1357],[33.2142,40.1367],[33.2151,40.1367],[33.2169,40.1363],[33.2183,40.1364],[33.2199,40.1371],[33.2207,40.138],[33.2211,40.1387],[33.2225,40.1371],[33.2246,40.1364],[33.2256,40.1365],[33.2294,40.1375],[33.2359,40.1383],[33.2376,40.1384],[33.24,40.1378],[33.2444,40.1405],[33.2467,40.1383]]]]}},{"type":"Feature","properties":{"id":"akyurt-timurhan"},"geometry":{"type":"MultiPolygon","coordinates":[[[[33.0722,40.117],[33.0732,40.1171],[33.0736,40.1148],[33.0716,40.1145],[33.0718,40.1137],[33.0725,40.1121],[33.0717,40.112],[33.0719,40.1114],[33.0721,40.1114],[33.0725,40.1103],[33.0729,40.1098],[33.0716,40.1095],[33.0693,40.1083],[33.065,40.1067],[33.063,40.1073],[33.0611,40.1073],[33.061,40.1096],[33.0591,40.1095],[33.0591,40.1108],[33.0625,40.1107],[33.0627,40.1113],[33.0588,40.1125],[33.0586,40.1133],[33.0586,40.1147],[33.0598,40.1161],[33.0578,40.1146],[33.0555,40.1159],[33.0555,40.1161],[33.0578,40.1162],[33.0577,40.118],[33.0559,40.118],[33.0561,40.119],[33.0549,40.1191],[33.0547,40.122],[33.0572,40.1227],[33.0565,40.1237],[33.0562,40.1235],[33.0559,40.1243],[33.056,40.1244],[33.0561,40.1258],[33.0566,40.1257],[33.0568,40.1296],[33.0499,40.1283],[33.0463,40.1282],[33.0476,40.1294],[33.051,40.132],[33.0526,40.1327],[33.0527,40.1332],[33.053,40.1335],[33.0549,40.1342],[33.0562,40.1351],[33.0572,40.1354],[33.0584,40.136],[33.0597,40.137],[33.0648,40.1426],[33.0666,40.1454],[33.0678,40.147],[33.0707,40.1455],[33.0709,40.1456],[33.0723,40.145],[33.0723,40.1441],[33.0716,40.1439],[33.072,40.1432],[33.0726,40.1425],[33.0733,40.1423],[33.0732,40.1418],[33.0721,40.1423],[33.0712,40.1407],[33.0722,40.1401],[33.0711,40.1382],[33.0745,40.1367],[33.0732,40.1356],[33.0719,40.1347],[33.073,40.1342],[33.0731,40.1323],[33.073,40.1317],[33.0737,40.1293],[33.0668,40.1229],[33.0723,40.1192],[33.0722,40.117]]]]}},{"type":"Feature","properties":{"id":"akyurt-yesiltepe"},"geometry":{"type":"MultiPolygon","coordinates":[[[[33.1594,40.1585],[33.161,40.1579],[33.1625,40.1576],[33.1634,40.1576],[33.1673,40.1585],[33.1685,40.1583],[33.169,40.1572],[33.1693,40.1568],[33.1696,40.1567],[33.1696,40.1561],[33.1699,40.1556],[33.1692,40.155],[33.1689,40.1542],[33.168,40.1537],[33.1673,40.1535],[33.166,40.1535],[33.1656,40.1533],[33.1652,40.153],[33.1652,40.1528],[33.1631,40.152],[33.1588,40.1518],[33.158,40.1517],[33.1577,40.1515],[33.1582,40.1505],[33.1586,40.1502],[33.1593,40.148],[33.1585,40.1475],[33.1584,40.147],[33.1562,40.1469],[33.1547,40.1466],[33.1543,40.1468],[33.1532,40.1465],[33.1525,40.1466],[33.1512,40.1462],[33.1507,40.1465],[33.1496,40.1467],[33.1488,40.1466],[33.1476,40.146],[33.1472,40.1461],[33.1461,40.1454],[33.1459,40.1448],[33.1458,40.1448],[33.1452,40.1442],[33.1445,40.1429],[33.1454,40.1424],[33.1451,40.1417],[33.1454,40.1409],[33.1422,40.1403],[33.1402,40.1387],[33.1403,40.1386],[33.1392,40.1385],[33.1373,40.1389],[33.1358,40.138],[33.1341,40.1382],[33.1336,40.1379],[33.1325,40.1379],[33.1304,40.1385],[33.13,40.1383],[33.1295,40.1382],[33.1285,40.1384],[33.1273,40.1384],[33.1265,40.1379],[33.1253,40.1377],[33.124,40.1378],[33.1227,40.1372],[33.1211,40.135],[33.118,40.1353],[33.1127,40.1368],[33.1116,40.1369],[33.0909,40.1356],[33.09,40.1356],[33.0871,40.1354],[33.0869,40.1355],[33.0861,40.1351],[33.0839,40.1347],[33.0837,40.1344],[33.0833,40.1343],[33.0832,40.1345],[33.0824,40.1343],[33.08,40.1334],[33.0756,40.1307],[33.0737,40.1293],[33.073,40.1317],[33.0731,40.1323],[33.073,40.1342],[33.0719,40.1347],[33.0732,40.1356],[33.0745,40.1367],[33.0711,40.1382],[33.0722,40.1401],[33.0712,40.1407],[33.0721,40.1423],[33.0732,40.1418],[33.0733,40.1423],[33.0726,40.1425],[33.072,40.1432],[33.0716,40.1439],[33.0746,40.1448],[33.0757,40.145],[33.0769,40.1458],[33.0776,40.1467],[33.0782,40.1469],[33.0786,40.1461],[33.0783,40.1456],[33.0797,40.1433],[33.0805,40.1436],[33.0805,40.1437],[33.0823,40.1438],[33.0846,40.145],[33.0849,40.1443],[33.0862,40.1448],[33.0864,40.1445],[33.089,40.1454],[33.0901,40.1461],[33.0906,40.1454],[33.0915,40.1457],[33.0923,40.1462],[33.0912,40.1476],[33.0909,40.1482],[33.0912,40.1484],[33.0918,40.1479],[33.0937,40.1472],[33.0936,40.1469],[33.0948,40.1462],[33.096,40.1452],[33.0966,40.1452],[33.0965,40.1444],[33.0987,40.1451],[33.0994,40.146],[33.1,40.1473],[33.1008,40.1486],[33.1027,40.1503],[33.1033,40.1506],[33.1045,40.1508],[33.1058,40.1508],[33.1088,40.1505],[33.1122,40.1497],[33.1147,40.1501],[33.1188,40.1523],[33.1199,40.1532],[33.1205,40.1539],[33.122,40.1549],[33.1266,40.1549],[33.1295,40.154],[33.132,40.154],[33.1343,40.1543],[33.1354,40.1551],[33.1431,40.1576],[33.1437,40.1574],[33.1492,40.1571],[33.1507,40.1579],[33.1526,40.1582],[33.1539,40.1586],[33.156,40.1585],[33.1577,40.1591],[33.1594,40.1585]]]]}},{"type":"Feature","properties":{"id":"akyurt-ataturk"},"geometry":{"type":"MultiPolygon","coordinates":[[[[33.1058,40.1366],[33.1062,40.1361],[33.1071,40.1357],[33.1065,40.1349],[33.1068,40.1345],[33.1075,40.1324],[33.1078,40.1307],[33.1078,40.1302],[33.1073,40.1293],[33.1094,40.1292],[33.1103,40.1302],[33.1113,40.1301],[33.1116,40.1295],[33.1124,40.1288],[33.1136,40.1287],[33.1149,40.1274],[33.1148,40.1255],[33.1146,40.1254],[33.1131,40.1263],[33.1122,40.1266],[33.1092,40.1267],[33.1093,40.128],[33.1084,40.128],[33.1084,40.1275],[33.108,40.1275],[33.1077,40.1268],[33.1031,40.1272],[33.1002,40.1272],[33.0944,40.1279],[33.0912,40.1286],[33.0921,40.1297],[33.0921,40.13],[33.0912,40.1299],[33.0919,40.1315],[33.0918,40.132],[33.0951,40.1328],[33.095,40.133],[33.0952,40.1337],[33.096,40.1351],[33.0959,40.1354],[33.0955,40.1359],[33.1058,40.1366]]]]}},{"type":"Feature","properties":{"id":"akyurt-beyazit"},"geometry":{"type":"MultiPolygon","coordinates":[[[[33.0906,40.1357],[33.0909,40.1356],[33.0955,40.1359],[33.0959,40.1354],[33.096,40.1351],[33.0952,40.1337],[33.095,40.133],[33.0951,40.1328],[33.0918,40.132],[33.0919,40.1315],[33.0912,40.1299],[33.0921,40.13],[33.0921,40.1297],[33.0912,40.1286],[33.0889,40.1297],[33.0885,40.1302],[33.0874,40.1307],[33.0858,40.1309],[33.0844,40.1308],[33.0829,40.1313],[33.0802,40.1295],[33.0695,40.1243],[33.0686,40.1244],[33.0737,40.1293],[33.0749,40.1302],[33.08,40.1334],[33.0824,40.1343],[33.0832,40.1345],[33.0833,40.1343],[33.0837,40.1344],[33.0839,40.1347],[33.0861,40.1351],[33.0869,40.1355],[33.0871,40.1354],[33.0906,40.1357]]]]}},{"type":"Feature","properties":{"id":"akyurt-kizik"},"geometry":{"type":"MultiPolygon","coordinates":[[[[33.139,40.1386],[33.1392,40.1385],[33.1403,40.1386],[33.1419,40.1367],[33.1435,40.1358],[33.1435,40.1355],[33.1432,40.1351],[33.1453,40.135],[33.1457,40.1326],[33.1463,40.1313],[33.1472,40.1306],[33.1469,40.1293],[33.1473,40.1285],[33.1472,40.1276],[33.1494,40.1274],[33.1501,40.1267],[33.1516,40.1256],[33.1531,40.1253],[33.156,40.1249],[33.1604,40.1235],[33.1622,40.1232],[33.1631,40.1233],[33.1652,40.1238],[33.1701,40.1261],[33.1739,40.1273],[33.1767,40.1226],[33.176,40.1183],[33.1814,40.1167],[33.1845,40.1138],[33.1878,40.1112],[33.1887,40.1101],[33.1897,40.1095],[33.1903,40.1082],[33.1902,40.1049],[33.194,40.1025],[33.1972,40.096],[33.1924,40.0955],[33.19,40.0958],[33.1893,40.0954],[33.1863,40.0951],[33.1838,40.0942],[33.1806,40.0928],[33.1737,40.0901],[33.1688,40.0923],[33.161,40.0943],[33.1574,40.0961],[33.1518,40.0965],[33.1495,40.097],[33.1476,40.0989],[33.1433,40.101],[33.1427,40.1015],[33.1414,40.1015],[33.1394,40.102],[33.1357,40.1025],[33.1339,40.1031],[33.1315,40.1018],[33.13,40.1005],[33.127,40.0992],[33.1247,40.0986],[33.1206,40.0989],[33.1182,40.0997],[33.1141,40.1016],[33.1132,40.1011],[33.1114,40.0985],[33.111,40.0983],[33.1105,40.0991],[33.1054,40.1033],[33.1024,40.1025],[33.102,40.1029],[33.0986,40.109],[33.0992,40.1095],[33.0984,40.1106],[33.0978,40.1108],[33.0968,40.1124],[33.0957,40.1134],[33.0976,40.1144],[33.0998,40.1153],[33.1012,40.1157],[33.1024,40.1158],[33.1036,40.1183],[33.1037,40.1199],[33.1033,40.1207],[33.1033,40.1216],[33.1048,40.1244],[33.1071,40.1244],[33.1083,40.125],[33.11,40.125],[33.1103,40.1246],[33.1111,40.1244],[33.1118,40.1246],[33.113,40.1252],[33.1145,40.1253],[33.1148,40.1256],[33.1149,40.1274],[33.1136,40.1287],[33.1124,40.1288],[33.1116,40.1295],[33.1113,40.1301],[33.1103,40.1302],[33.1094,40.1292],[33.1073,40.1293],[33.1078,40.1302],[33.1078,40.1307],[33.1075,40.1324],[33.1068,40.1345],[33.1065,40.1349],[33.1071,40.1357],[33.1062,40.1361],[33.1058,40.1366],[33.1109,40.1369],[33.1121,40.1369],[33.118,40.1353],[33.1211,40.135],[33.1227,40.1372],[33.124,40.1378],[33.1253,40.1377],[33.1265,40.1379],[33.1273,40.1384],[33.1285,40.1384],[33.1295,40.1382],[33.13,40.1383],[33.1304,40.1385],[33.1325,40.1379],[33.1336,40.1379],[33.1341,40.1382],[33.1358,40.138],[33.1373,40.1389],[33.139,40.1386]]]]}},{"type":"Feature","properties":{"id":"akyurt-guzelhisar"},"geometry":{"type":"MultiPolygon","coordinates":[[[[33.0189,40.0829],[33.0192,40.0829],[33.0205,40.0834],[33.0249,40.0858],[33.0249,40.0856],[33.0257,40.0846],[33.0284,40.0825],[33.0288,40.0821],[33.0292,40.0816],[33.0299,40.0796],[33.0285,40.0796],[33.0243,40.0809],[33.0234,40.0781],[33.0229,40.0754],[33.0269,40.076],[33.0262,40.0752],[33.0282,40.0742],[33.0275,40.074],[33.0263,40.074],[33.0263,40.0729],[33.0262,40.0725],[33.0255,40.0716],[33.0259,40.0712],[33.0252,40.0705],[33.0244,40.0663],[33.0223,40.0656],[33.0225,40.0647],[33.0231,40.0647],[33.0227,40.0643],[33.0215,40.0643],[33.0218,40.0639],[33.021,40.0635],[33.0214,40.0632],[33.0208,40.0628],[33.0207,40.062],[33.0205,40.062],[33.0204,40.0615],[33.0204,40.061],[33.0211,40.061],[33.0209,40.0602],[33.0222,40.0581],[33.0209,40.0564],[33.0209,40.0549],[33.0203,40.0535],[33.0197,40.0524],[33.0197,40.0521],[33.02,40.0513],[33.0209,40.0501],[33.02,40.0493],[33.0231,40.0478],[33.0258,40.0461],[33.0292,40.046],[33.0292,40.0456],[33.029,40.045],[33.0264,40.0407],[33.025,40.0397],[33.0224,40.0384],[33.0196,40.0376],[33.0109,40.0428],[33.0041,40.0435],[33.0025,40.0446],[33.0007,40.0469],[32.9996,40.0475],[32.9957,40.0474],[32.9956,40.047],[32.9945,40.047],[32.9924,40.0474],[32.9874,40.047],[32.987,40.0462],[32.9856,40.0464],[32.9843,40.0473],[32.9845,40.0476],[32.9836,40.0476],[32.9837,40.0498],[32.9832,40.05],[32.9836,40.0521],[32.9841,40.0532],[32.9843,40.0544],[32.9849,40.0548],[32.9854,40.0563],[32.9849,40.0564],[32.9861,40.0593],[32.986,40.0597],[32.9833,40.0598],[32.9834,40.0603],[32.9843,40.0611],[32.9851,40.0652],[32.9839,40.0654],[32.9866,40.07],[32.9878,40.0758],[32.9875,40.0759],[32.9931,40.0798],[33.0151,40.0866],[33.0171,40.0851],[33.0189,40.0829]]]]}},{"type":"Feature","properties":{"id":"akyurt-cinar"},"geometry":{"type":"MultiPolygon","coordinates":[[[[33.0503,40.0926],[33.0511,40.0925],[33.0515,40.0922],[33.0522,40.092],[33.0559,40.0923],[33.0563,40.0902],[33.0549,40.0898],[33.0539,40.0899],[33.0529,40.0874],[33.0544,40.0872],[33.0541,40.0866],[33.0544,40.085],[33.0543,40.085],[33.0543,40.0808],[33.0537,40.0807],[33.0545,40.0788],[33.0562,40.079],[33.0561,40.0788],[33.0548,40.078],[33.0561,40.0769],[33.0568,40.0772],[33.0573,40.077],[33.0574,40.0757],[33.0578,40.0756],[33.0571,40.0746],[33.056,40.075],[33.056,40.0747],[33.0556,40.0746],[33.0556,40.0732],[33.0532,40.0733],[33.0517,40.0731],[33.0534,40.0716],[33.0528,40.071],[33.0553,40.0702],[33.0567,40.0691],[33.0551,40.0669],[33.0549,40.0634],[33.0561,40.0609],[33.0553,40.0594],[33.0554,40.0579],[33.0532,40.0558],[33.052,40.051],[33.0506,40.0506],[33.0505,40.05],[33.0497,40.0499],[33.0492,40.049],[33.0482,40.0484],[33.0454,40.0483],[33.0451,40.0475],[33.0437,40.0473],[33.0436,40.0455],[33.0433,40.0454],[33.043,40.0446],[33.0374,40.0458],[33.0365,40.045],[33.0337,40.0446],[33.0325,40.0455],[33.0314,40.0459],[33.0296,40.0461],[33.0295,40.0459],[33.026,40.0461],[33.0231,40.0478],[33.02,40.0493],[33.0209,40.0501],[33.02,40.0513],[33.0197,40.0521],[33.0197,40.0524],[33.0203,40.0535],[33.0209,40.0549],[33.0209,40.0564],[33.0222,40.0581],[33.0209,40.0602],[33.0211,40.061],[33.0204,40.061],[33.0204,40.0615],[33.0205,40.062],[33.0207,40.062],[33.0208,40.0628],[33.0214,40.0632],[33.021,40.0635],[33.0218,40.0639],[33.0215,40.0643],[33.0227,40.0643],[33.0231,40.0647],[33.0225,40.0647],[33.0223,40.0656],[33.0244,40.0663],[33.0252,40.0705],[33.0259,40.0712],[33.0255,40.0716],[33.0262,40.0725],[33.0263,40.0729],[33.0263,40.074],[33.0275,40.074],[33.0282,40.0742],[33.0262,40.0752],[33.0269,40.076],[33.0229,40.0754],[33.0234,40.0781],[33.0243,40.0809],[33.0285,40.0796],[33.0299,40.0796],[33.0292,40.0816],[33.0288,40.0821],[33.0284,40.0825],[33.0257,40.0846],[33.0249,40.0856],[33.0249,40.0858],[33.0313,40.0893],[33.0333,40.0909],[33.0341,40.0918],[33.0376,40.0924],[33.0406,40.0923],[33.0433,40.0919],[33.0474,40.0925],[33.0497,40.0927],[33.0503,40.0926]]]]}},{"type":"Feature","properties":{"id":"akyurt-teberik"},"geometry":{"type":"MultiPolygon","coordinates":[[[[33.0592,40.0909],[33.0605,40.0909],[33.0632,40.0917],[33.0655,40.0916],[33.0684,40.091],[33.0679,40.09],[33.0684,40.0891],[33.0686,40.0876],[33.0694,40.0856],[33.0696,40.0855],[33.0695,40.0847],[33.0704,40.0837],[33.0707,40.0835],[33.0709,40.0829],[33.0715,40.0823],[33.0733,40.0809],[33.0738,40.0797],[33.0758,40.0806],[33.0761,40.0813],[33.08,40.0821],[33.0826,40.0797],[33.0816,40.0776],[33.0818,40.0767],[33.0822,40.0765],[33.0808,40.0738],[33.0817,40.0733],[33.0814,40.0712],[33.0811,40.0704],[33.081,40.0693],[33.0818,40.0681],[33.0825,40.0678],[33.0841,40.0678],[33.0846,40.067],[33.0859,40.0676],[33.0878,40.0677],[33.0899,40.0625],[33.0874,40.0599],[33.0902,40.0585],[33.0922,40.0557],[33.0945,40.0551],[33.0979,40.0553],[33.1038,40.0523],[33.1081,40.0502],[33.1127,40.0489],[33.1129,40.0483],[33.115,40.0472],[33.116,40.0457],[33.1191,40.0451],[33.1201,40.0455],[33.1283,40.046],[33.1328,40.0478],[33.1335,40.0469],[33.1338,40.0451],[33.1339,40.0451],[33.1296,40.0414],[33.1285,40.0382],[33.1257,40.034],[33.1215,40.0312],[33.1173,40.0304],[33.1102,40.0277],[33.1007,40.0265],[33.0944,40.0241],[33.0896,40.0232],[33.0856,40.0238],[33.0836,40.03],[33.0807,40.0315],[33.0785,40.0358],[33.0783,40.039],[33.0761,40.0406],[33.0697,40.0472],[33.0637,40.0487],[33.0552,40.0494],[33.0532,40.0516],[33.0521,40.0515],[33.0532,40.0558],[33.0554,40.0579],[33.0553,40.0594],[33.0561,40.0609],[33.0549,40.0634],[33.0551,40.0669],[33.0567,40.0691],[33.0553,40.0702],[33.0528,40.071],[33.0534,40.0716],[33.0517,40.0731],[33.0532,40.0733],[33.0556,40.0732],[33.0556,40.0746],[33.056,40.0747],[33.056,40.075],[33.0571,40.0746],[33.0578,40.0756],[33.0574,40.0757],[33.0573,40.077],[33.0568,40.0772],[33.0561,40.0769],[33.0548,40.078],[33.0561,40.0788],[33.0562,40.079],[33.0545,40.0788],[33.0537,40.0807],[33.0543,40.0808],[33.0543,40.085],[33.0544,40.085],[33.0541,40.0866],[33.0544,40.0872],[33.0529,40.0874],[33.0539,40.0899],[33.0549,40.0898],[33.0563,40.0902],[33.0559,40.0923],[33.0582,40.0912],[33.0592,40.0909]]]]}},{"type":"Feature","properties":{"id":"akyurt-saracalar"},"geometry":{"type":"MultiPolygon","coordinates":[[[[32.9931,40.0798],[32.9828,40.0728],[32.9809,40.0724],[32.9783,40.0723],[32.977,40.0727],[32.9754,40.0737],[32.9722,40.0762],[32.9677,40.0719],[32.9662,40.0707],[32.9649,40.0712],[32.9637,40.0722],[32.9631,40.073],[32.9575,40.0729],[32.9541,40.0739],[32.9546,40.0777],[32.9552,40.0781],[32.9574,40.0777],[32.9602,40.0783],[32.962,40.0784],[32.9647,40.0791],[32.9663,40.0798],[32.9679,40.0807],[32.9693,40.0818],[32.97,40.0826],[32.9757,40.0909],[32.9931,40.0798]]]]}},{"type":"Feature","properties":{"id":"akyurt-samut"},"geometry":{"type":"MultiPolygon","coordinates":[[[[33.1403,40.1018],[33.1414,40.1015],[33.1427,40.1015],[33.1433,40.101],[33.1476,40.0989],[33.1495,40.097],[33.1518,40.0965],[33.1574,40.0961],[33.161,40.0943],[33.1688,40.0923],[33.1737,40.0901],[33.1806,40.0928],[33.1838,40.0942],[33.1863,40.0951],[33.1893,40.0954],[33.19,40.0958],[33.1921,40.095],[33.1932,40.0933],[33.1954,40.0937],[33.1965,40.0907],[33.1992,40.0879],[33.2018,40.0893],[33.2035,40.0909],[33.206,40.0908],[33.2055,40.0898],[33.2054,40.0886],[33.2046,40.0873],[33.2048,40.0869],[33.2056,40.0861],[33.2057,40.0857],[33.2056,40.0854],[33.205,40.0847],[33.2037,40.0837],[33.202,40.0817],[33.2014,40.0812],[33.2006,40.0797],[33.199,40.0791],[33.1984,40.0786],[33.1977,40.0779],[33.1966,40.0772],[33.1966,40.0771],[33.1969,40.0767],[33.1971,40.0762],[33.1959,40.0739],[33.1942,40.0715],[33.1942,40.0711],[33.1946,40.0707],[33.1946,40.07],[33.1948,40.0697],[33.1959,40.0695],[33.1981,40.0696],[33.199,40.0691],[33.2004,40.0663],[33.2007,40.066],[33.2008,40.0652],[33.2016,40.0633],[33.194,40.0626],[33.1851,40.0609],[33.1817,40.0591],[33.1818,40.0614],[33.1812,40.0622],[33.1793,40.063],[33.1774,40.0632],[33.173,40.0653],[33.1696,40.0675],[33.1648,40.069],[33.1604,40.0697],[33.1577,40.071],[33.1546,40.0721],[33.1513,40.0724],[33.1459,40.0755],[33.1434,40.0774],[33.1426,40.0781],[33.142,40.0796],[33.142,40.0801],[33.1414,40.0807],[33.1411,40.0814],[33.14,40.0831],[33.1395,40.0835],[33.1393,40.0856],[33.1387,40.0868],[33.1351,40.0918],[33.1332,40.0925],[33.1314,40.0927],[33.1308,40.0938],[33.1279,40.094],[33.1241,40.0935],[33.1237,40.0954],[33.1237,40.0968],[33.1246,40.0986],[33.127,40.0992],[33.13,40.1005],[33.1315,40.1018],[33.1339,40.1031],[33.1357,40.1025],[33.1403,40.1018]]]]}},{"type":"Feature","properties":{"id":"akyurt-bugduz"},"geometry":{"type":"MultiPolygon","coordinates":[[[[33.05,40.1452],[33.0497,40.1449],[33.055,40.1438],[33.0624,40.1462],[33.0666,40.148],[33.0663,40.147],[33.0666,40.1453],[33.0641,40.1417],[33.0597,40.137],[33.0584,40.136],[33.0572,40.1354],[33.0562,40.1351],[33.0549,40.1342],[33.053,40.1335],[33.0527,40.1332],[33.0526,40.1327],[33.051,40.132],[33.0476,40.1294],[33.0463,40.1282],[33.0499,40.1283],[33.0568,40.1296],[33.0566,40.1257],[33.0561,40.1258],[33.056,40.1244],[33.0559,40.1243],[33.0562,40.1235],[33.0565,40.1237],[33.0572,40.1227],[33.0547,40.122],[33.0549,40.1191],[33.0561,40.119],[33.0559,40.118],[33.0577,40.118],[33.0578,40.1162],[33.0555,40.1161],[33.0555,40.1158],[33.0578,40.1146],[33.0598,40.1161],[33.0586,40.1147],[33.0586,40.1133],[33.0588,40.1125],[33.0627,40.1113],[33.0625,40.1107],[33.0591,40.1108],[33.0591,40.1095],[33.061,40.1096],[33.0611,40.1073],[33.063,40.1073],[33.065,40.1067],[33.0604,40.1056],[33.0623,40.1026],[33.0594,40.1017],[33.0591,40.1021],[33.0578,40.1017],[33.058,40.1014],[33.0574,40.1012],[33.0576,40.1],[33.0569,40.0992],[33.0565,40.0985],[33.0561,40.0966],[33.0546,40.0942],[33.0526,40.0947],[33.0519,40.0939],[33.0518,40.0927],[33.0504,40.093],[33.0493,40.093],[33.0464,40.0923],[33.0453,40.0923],[33.0433,40.0919],[33.0406,40.0923],[33.0376,40.0924],[33.0341,40.0918],[33.0349,40.0928],[33.0334,40.093],[33.0336,40.0959],[33.0343,40.0978],[33.0274,40.0997],[33.028,40.1013],[33.0293,40.1027],[33.0302,40.1033],[33.0316,40.1037],[33.0315,40.104],[33.0305,40.1036],[33.0301,40.1038],[33.029,40.1029],[33.0279,40.1029],[33.0273,40.1031],[33.0262,40.1029],[33.0262,40.1035],[33.0265,40.1036],[33.026,40.1068],[33.0272,40.1069],[33.0271,40.1079],[33.0258,40.1097],[33.0269,40.1103],[33.0264,40.1113],[33.0222,40.1107],[33.0216,40.1123],[33.02,40.1111],[33.0177,40.1112],[33.0174,40.1127],[33.0176,40.1126],[33.0175,40.1134],[33.0158,40.1132],[33.0166,40.115],[33.0149,40.1156],[33.0155,40.1163],[33.017,40.1176],[33.0155,40.1181],[33.0161,40.1194],[33.0112,40.1179],[33.0096,40.1169],[33.0081,40.1165],[33.0103,40.121],[33.0116,40.1243],[33.0128,40.1269],[33.0138,40.1279],[33.0144,40.1298],[33.0174,40.1344],[33.0193,40.1384],[33.0199,40.1394],[33.0166,40.1439],[33.0191,40.1457],[33.0224,40.1472],[33.0269,40.1489],[33.0298,40.1502],[33.0323,40.1516],[33.0364,40.1558],[33.0361,40.1562],[33.036,40.1586],[33.0367,40.1589],[33.0389,40.1587],[33.0407,40.1577],[33.0415,40.1563],[33.0425,40.1531],[33.0454,40.1506],[33.0459,40.149],[33.0479,40.1478],[33.0478,40.1469],[33.05,40.1452]]]]}},{"type":"Feature","properties":{"id":"akyurt-cucuk"},"geometry":{"type":"MultiPolygon","coordinates":[[[[33.0753,40.2044],[33.0779,40.2043],[33.0817,40.203],[33.089,40.2026],[33.0872,40.1997],[33.0913,40.1993],[33.0953,40.1992],[33.0966,40.1985],[33.1014,40.1995],[33.1028,40.1991],[33.1022,40.197],[33.102,40.1945],[33.1011,40.1921],[33.1043,40.1902],[33.1058,40.1927],[33.1088,40.1912],[33.1111,40.1903],[33.1114,40.1893],[33.1161,40.1887],[33.1178,40.1887],[33.1176,40.1895],[33.1198,40.1901],[33.1216,40.1887],[33.1342,40.1891],[33.1352,40.1845],[33.1388,40.1812],[33.1414,40.1803],[33.1444,40.1811],[33.1472,40.1826],[33.1496,40.1842],[33.1524,40.1853],[33.1539,40.1846],[33.155,40.1823],[33.1569,40.1804],[33.1593,40.1796],[33.1614,40.1807],[33.1674,40.1816],[33.17,40.1842],[33.1724,40.1843],[33.1773,40.1838],[33.1772,40.1805],[33.1782,40.1779],[33.183,40.1742],[33.1829,40.1729],[33.1789,40.1728],[33.1772,40.1726],[33.1763,40.1721],[33.1749,40.1718],[33.174,40.1723],[33.1733,40.1725],[33.1714,40.1727],[33.1705,40.1726],[33.1681,40.1731],[33.1668,40.173],[33.1665,40.1746],[33.1642,40.175],[33.1597,40.1748],[33.1579,40.1749],[33.1557,40.1746],[33.1551,40.1738],[33.1531,40.1729],[33.1503,40.1711],[33.1463,40.1693],[33.1449,40.1683],[33.1443,40.1693],[33.1428,40.1684],[33.1416,40.168],[33.1421,40.1672],[33.1413,40.1664],[33.1407,40.1661],[33.1401,40.166],[33.1396,40.1663],[33.1392,40.167],[33.1381,40.1674],[33.1361,40.1691],[33.1352,40.1689],[33.1348,40.1691],[33.1371,40.1673],[33.1371,40.1665],[33.1365,40.1662],[33.136,40.1653],[33.1318,40.1649],[33.1322,40.1654],[33.1321,40.1657],[33.1322,40.166],[33.1328,40.1665],[33.1324,40.1672],[33.1324,40.1674],[33.1328,40.1678],[33.1331,40.1686],[33.1341,40.1694],[33.1302,40.171],[33.1282,40.169],[33.1272,40.1686],[33.1172,40.1704],[33.115,40.1703],[33.1148,40.1701],[33.1149,40.1694],[33.1143,40.169],[33.1097,40.1686],[33.1068,40.1686],[33.1063,40.1684],[33.1052,40.1676],[33.1052,40.1688],[33.1047,40.1678],[33.1042,40.1679],[33.1041,40.1678],[33.1039,40.1668],[33.1034,40.167],[33.1011,40.1645],[33.1001,40.1648],[33.098,40.1662],[33.0963,40.1662],[33.0947,40.1652],[33.0943,40.1653],[33.0938,40.1661],[33.0913,40.165],[33.0902,40.1637],[33.0899,40.1638],[33.0867,40.1638],[33.0831,40.1635],[33.0829,40.1641],[33.0826,40.1639],[33.0824,40.164],[33.0816,40.1652],[33.0798,40.1642],[33.0787,40.163],[33.0788,40.1646],[33.0798,40.1665],[33.0787,40.1668],[33.0787,40.1669],[33.0792,40.1681],[33.077,40.1685],[33.0769,40.1688],[33.0774,40.1696],[33.0775,40.1704],[33.0802,40.1706],[33.0803,40.1733],[33.0793,40.1758],[33.0805,40.1764],[33.0809,40.179],[33.0808,40.1803],[33.0785,40.1798],[33.0759,40.1806],[33.0761,40.1819],[33.0744,40.182],[33.0754,40.1831],[33.0725,40.1851],[33.0716,40.1875],[33.0742,40.1884],[33.076,40.1881],[33.0767,40.1919],[33.0762,40.1922],[33.078,40.1927],[33.0775,40.1937],[33.0747,40.1939],[33.0718,40.1984],[33.0716,40.1999],[33.0757,40.2],[33.0768,40.2008],[33.0753,40.2044]]]]}},{"type":"Feature","properties":{"id":"akyurt-karacakaya"},"geometry":{"type":"MultiPolygon","coordinates":[[[[33.2214,40.1778],[33.2245,40.1765],[33.2288,40.1757],[33.233,40.1736],[33.2334,40.1724],[33.2393,40.1679],[33.2401,40.1656],[33.2431,40.1634],[33.2443,40.1608],[33.2443,40.1596],[33.2446,40.1587],[33.2452,40.1574],[33.2454,40.1556],[33.2464,40.1543],[33.248,40.1533],[33.248,40.1519],[33.2485,40.1481],[33.249,40.1477],[33.2507,40.1483],[33.2499,40.1495],[33.2509,40.1497],[33.2519,40.1503],[33.2528,40.1496],[33.253,40.148],[33.2527,40.1471],[33.2527,40.1467],[33.2521,40.1454],[33.2511,40.1444],[33.2507,40.1446],[33.2505,40.144],[33.2506,40.1437],[33.2516,40.1426],[33.2506,40.1422],[33.2486,40.1417],[33.2491,40.141],[33.2469,40.1404],[33.2464,40.1401],[33.2448,40.1409],[33.2444,40.1405],[33.24,40.1378],[33.2376,40.1384],[33.2359,40.1383],[33.2294,40.1375],[33.2256,40.1365],[33.2246,40.1364],[33.2225,40.1371],[33.2211,40.1387],[33.2207,40.138],[33.2199,40.1371],[33.2181,40.1363],[33.2169,40.1363],[33.2151,40.1367],[33.2142,40.1367],[33.2111,40.1357],[33.2006,40.1349],[33.2004,40.1365],[33.199,40.138],[33.1957,40.1393],[33.1954,40.141],[33.1983,40.1448],[33.1995,40.1469],[33.2013,40.151],[33.201,40.1516],[33.1989,40.1516],[33.1981,40.1525],[33.1967,40.1534],[33.1963,40.1542],[33.1965,40.1548],[33.1912,40.1623],[33.1891,40.163],[33.1905,40.1636],[33.1927,40.1653],[33.1957,40.1679],[33.1998,40.171],[33.2048,40.1722],[33.2067,40.1745],[33.2095,40.1755],[33.2129,40.1773],[33.2184,40.1775],[33.2198,40.1769],[33.2214,40.1778]]]]}},{"type":"Feature","properties":{"id":"akyurt-cam"},"geometry":{"type":"MultiPolygon","coordinates":[[[[33.1943,40.158],[33.1965,40.1548],[33.1963,40.1542],[33.1967,40.1534],[33.1981,40.1525],[33.1989,40.1516],[33.201,40.1516],[33.2013,40.151],[33.1995,40.1469],[33.1983,40.1448],[33.1954,40.141],[33.1957,40.1393],[33.199,40.138],[33.2004,40.1365],[33.2006,40.1349],[33.2052,40.1352],[33.2011,40.1335],[33.1993,40.1333],[33.1944,40.1337],[33.1939,40.1331],[33.1926,40.1309],[33.1925,40.1294],[33.1932,40.1276],[33.1925,40.1273],[33.1918,40.1272],[33.1876,40.1272],[33.1863,40.1251],[33.1843,40.1257],[33.1831,40.1265],[33.182,40.1261],[33.1805,40.1267],[33.1786,40.1272],[33.1766,40.1273],[33.1756,40.1269],[33.1749,40.1269],[33.1739,40.1273],[33.1709,40.1264],[33.1661,40.1242],[33.1645,40.1236],[33.1622,40.1232],[33.1604,40.1235],[33.156,40.1249],[33.1531,40.1253],[33.1516,40.1256],[33.1501,40.1267],[33.1494,40.1274],[33.1473,40.1276],[33.1472,40.1279],[33.1473,40.1285],[33.1469,40.1293],[33.1472,40.1306],[33.1463,40.1313],[33.1457,40.1326],[33.1453,40.135],[33.1432,40.1351],[33.1435,40.1355],[33.1435,40.1358],[33.1419,40.1367],[33.1402,40.1387],[33.1422,40.1403],[33.1454,40.1409],[33.1451,40.1417],[33.1454,40.1424],[33.1445,40.1429],[33.1452,40.1442],[33.1458,40.1448],[33.1459,40.1448],[33.1461,40.1454],[33.1472,40.1461],[33.1476,40.146],[33.1488,40.1466],[33.1496,40.1467],[33.1507,40.1465],[33.1512,40.1462],[33.1525,40.1466],[33.1532,40.1465],[33.1543,40.1468],[33.1547,40.1466],[33.1562,40.1469],[33.1584,40.147],[33.1585,40.1475],[33.1593,40.148],[33.1586,40.1502],[33.1582,40.1505],[33.1577,40.1515],[33.158,40.1517],[33.1588,40.1518],[33.1631,40.1519],[33.1652,40.1528],[33.1652,40.153],[33.1656,40.1533],[33.166,40.1535],[33.1673,40.1535],[33.168,40.1537],[33.1689,40.1542],[33.1692,40.155],[33.1699,40.1556],[33.1696,40.1561],[33.1696,40.1567],[33.1693,40.1568],[33.1687,40.1577],[33.1692,40.1575],[33.1707,40.1573],[33.1734,40.1574],[33.1775,40.1563],[33.1808,40.1559],[33.1833,40.1573],[33.1838,40.1574],[33.1845,40.1572],[33.1857,40.1592],[33.1865,40.1615],[33.1882,40.1627],[33.1891,40.163],[33.1912,40.1623],[33.1943,40.158]]]]}},{"type":"Feature","properties":{"id":"akyurt-yildirim"},"geometry":{"type":"MultiPolygon","coordinates":[[[[33.0841,40.1309],[33.0874,40.1307],[33.0885,40.1302],[33.0889,40.1297],[33.0912,40.1286],[33.0925,40.1282],[33.1002,40.1272],[33.1031,40.1272],[33.1077,40.1268],[33.108,40.1275],[33.1084,40.1275],[33.1084,40.128],[33.1093,40.128],[33.1092,40.1267],[33.1122,40.1266],[33.1131,40.1263],[33.1146,40.1254],[33.113,40.1252],[33.1118,40.1246],[33.1111,40.1244],[33.1103,40.1246],[33.11,40.125],[33.1083,40.125],[33.1071,40.1244],[33.1048,40.1244],[33.1033,40.1216],[33.1033,40.1207],[33.1037,40.1199],[33.1036,40.1183],[33.1024,40.1158],[33.1012,40.1157],[33.0998,40.1153],[33.0976,40.1144],[33.0957,40.1134],[33.0968,40.1124],[33.0978,40.1108],[33.0984,40.1106],[33.0992,40.1095],[33.0986,40.109],[33.102,40.1029],[33.1024,40.1025],[33.1054,40.1033],[33.1105,40.0991],[33.1108,40.0987],[33.1113,40.0977],[33.1116,40.0943],[33.112,40.0942],[33.1127,40.0932],[33.1135,40.0928],[33.1142,40.0922],[33.1132,40.0917],[33.113,40.0909],[33.1112,40.091],[33.1108,40.0908],[33.1107,40.0904],[33.1103,40.09],[33.1095,40.0897],[33.1065,40.0907],[33.1051,40.0903],[33.1047,40.0917],[33.1044,40.0919],[33.104,40.0926],[33.1034,40.0928],[33.1033,40.0936],[33.1029,40.0943],[33.102,40.0953],[33.1003,40.0983],[33.0997,40.099],[33.0992,40.1003],[33.0982,40.1013],[33.0981,40.102],[33.0959,40.1017],[33.0932,40.102],[33.0854,40.1011],[33.0848,40.1001],[33.0823,40.1014],[33.0794,40.1027],[33.0773,40.1035],[33.0764,40.1035],[33.0764,40.1042],[33.077,40.1055],[33.0769,40.1059],[33.0764,40.1064],[33.0761,40.1071],[33.0753,40.1076],[33.0748,40.1095],[33.0727,40.1099],[33.0721,40.1114],[33.0719,40.1114],[33.0717,40.112],[33.0725,40.1121],[33.0718,40.1137],[33.0716,40.1145],[33.0736,40.1148],[33.0732,40.1171],[33.0722,40.117],[33.0723,40.1192],[33.0668,40.1229],[33.0684,40.1243],[33.0695,40.1243],[33.0802,40.1295],[33.0829,40.1313],[33.0841,40.1309]]]]}},{"type":"Feature","properties":{"id":"akyurt-karacalar"},"geometry":{"type":"MultiPolygon","coordinates":[[[[33.1246,40.0986],[33.1237,40.0968],[33.1237,40.0954],[33.1241,40.0935],[33.1279,40.094],[33.1308,40.0938],[33.1314,40.0927],[33.1332,40.0925],[33.1351,40.0918],[33.1387,40.0868],[33.1393,40.0856],[33.1395,40.0835],[33.14,40.0831],[33.1411,40.0814],[33.1414,40.0807],[33.142,40.0801],[33.142,40.0796],[33.1425,40.0783],[33.1434,40.0774],[33.1459,40.0755],[33.1513,40.0724],[33.1546,40.0721],[33.1577,40.071],[33.1604,40.0697],[33.1648,40.069],[33.1696,40.0675],[33.173,40.0653],[33.1774,40.0632],[33.1793,40.063],[33.1812,40.0622],[33.1818,40.0614],[33.1817,40.0591],[33.181,40.0574],[33.1768,40.0536],[33.1719,40.052],[33.1657,40.0528],[33.1596,40.0512],[33.1592,40.0515],[33.1565,40.0544],[33.1545,40.0561],[33.1522,40.0574],[33.1418,40.0575],[33.1393,40.0608],[33.1354,40.0609],[33.1341,40.0604],[33.1303,40.0604],[33.1277,40.0613],[33.1242,40.0619],[33.1242,40.0639],[33.1223,40.066],[33.1227,40.0687],[33.122,40.0698],[33.1206,40.0703],[33.119,40.0714],[33.1175,40.0729],[33.1146,40.0772],[33.1143,40.0782],[33.1129,40.0803],[33.1105,40.0806],[33.1091,40.0816],[33.1071,40.082],[33.1069,40.085],[33.1069,40.0863],[33.1076,40.088],[33.1079,40.0893],[33.1083,40.09],[33.1081,40.0902],[33.1095,40.0897],[33.1102,40.0899],[33.1107,40.0904],[33.1109,40.0909],[33.1115,40.0911],[33.113,40.0909],[33.1132,40.0917],[33.1142,40.0922],[33.1135,40.0928],[33.1127,40.0932],[33.112,40.0942],[33.1116,40.0943],[33.1113,40.0977],[33.111,40.0983],[33.1114,40.0985],[33.1132,40.1011],[33.1141,40.1016],[33.1182,40.0997],[33.1206,40.0989],[33.1246,40.0986]]]]}},{"type":"Feature","properties":{"id":"akyurt-seyhler"},"geometry":{"type":"MultiPolygon","coordinates":[[[[33.1081,40.0902],[33.1083,40.09],[33.1079,40.0893],[33.1076,40.088],[33.1069,40.0863],[33.1071,40.082],[33.1063,40.0806],[33.1063,40.08],[33.1055,40.0797],[33.105,40.0774],[33.104,40.0765],[33.1019,40.0751],[33.0991,40.0742],[33.0966,40.0727],[33.0948,40.0708],[33.0909,40.0691],[33.0857,40.0694],[33.0841,40.0678],[33.0825,40.0678],[33.0818,40.0681],[33.081,40.0693],[33.0811,40.0704],[33.0814,40.0712],[33.0817,40.0733],[33.0808,40.0738],[33.0822,40.0765],[33.0818,40.0767],[33.0816,40.0776],[33.0826,40.0797],[33.08,40.0821],[33.0761,40.0813],[33.0758,40.0806],[33.0738,40.0797],[33.0733,40.0809],[33.0715,40.0823],[33.0709,40.0829],[33.0707,40.0835],[33.0704,40.0837],[33.0695,40.0847],[33.0696,40.0855],[33.0694,40.0856],[33.0686,40.0876],[33.0684,40.0891],[33.0679,40.09],[33.0684,40.091],[33.0655,40.0916],[33.0632,40.0917],[33.0605,40.0909],[33.0592,40.0909],[33.0582,40.0912],[33.0559,40.0923],[33.0522,40.092],[33.0515,40.0922],[33.0511,40.0925],[33.0497,40.0927],[33.0474,40.0925],[33.0493,40.093],[33.0504,40.093],[33.0518,40.0927],[33.0519,40.0939],[33.0526,40.0947],[33.0546,40.0942],[33.0561,40.0966],[33.0565,40.0985],[33.0569,40.0992],[33.0576,40.1],[33.0574,40.1012],[33.058,40.1014],[33.0578,40.1017],[33.0591,40.1021],[33.0594,40.1017],[33.0623,40.1026],[33.0604,40.1056],[33.0662,40.1071],[33.0693,40.1083],[33.0716,40.1095],[33.0726,40.1098],[33.0734,40.1098],[33.0748,40.1095],[33.0753,40.1076],[33.0761,40.1071],[33.0764,40.1064],[33.0769,40.1059],[33.077,40.1055],[33.0764,40.1042],[33.0764,40.1035],[33.0773,40.1035],[33.0794,40.1027],[33.0823,40.1014],[33.0848,40.1001],[33.0854,40.1011],[33.0932,40.102],[33.0959,40.1017],[33.0981,40.102],[33.0982,40.1013],[33.0992,40.1003],[33.0997,40.099],[33.1003,40.0983],[33.102,40.0953],[33.1029,40.0943],[33.1033,40.0936],[33.1034,40.0928],[33.104,40.0926],[33.1044,40.0919],[33.1047,40.0917],[33.1051,40.0903],[33.1065,40.0907],[33.1081,40.0902]]]]}},{"type":"Feature","properties":{"id":"akyurt-galaba"},"geometry":{"type":"MultiPolygon","coordinates":[[[[33.1333,40.1687],[33.1331,40.1686],[33.1328,40.1678],[33.1324,40.1672],[33.1328,40.1665],[33.1322,40.166],[33.1321,40.1657],[33.1322,40.1654],[33.1318,40.1649],[33.136,40.1653],[33.1365,40.1662],[33.1371,40.1665],[33.1371,40.1673],[33.1348,40.1691],[33.1352,40.1689],[33.1361,40.1691],[33.1381,40.1674],[33.1392,40.167],[33.1396,40.1663],[33.1401,40.166],[33.1407,40.1661],[33.1413,40.1664],[33.1421,40.1672],[33.1423,40.1669],[33.1412,40.1647],[33.1409,40.1635],[33.1409,40.1609],[33.1411,40.1606],[33.1426,40.16],[33.1429,40.1596],[33.1429,40.1587],[33.1432,40.1582],[33.143,40.1581],[33.1432,40.1578],[33.1431,40.1576],[33.1354,40.1551],[33.1345,40.1544],[33.1334,40.1542],[33.1298,40.154],[33.1266,40.1549],[33.122,40.1549],[33.1205,40.1539],[33.1199,40.1532],[33.1188,40.1523],[33.1155,40.1504],[33.1144,40.15],[33.1122,40.1497],[33.1084,40.1505],[33.1051,40.1508],[33.1036,40.1507],[33.1027,40.1503],[33.1008,40.1486],[33.1,40.1473],[33.0994,40.146],[33.0987,40.1451],[33.0965,40.1444],[33.0966,40.1452],[33.096,40.1452],[33.0948,40.1462],[33.0936,40.1469],[33.0937,40.1472],[33.0918,40.1479],[33.0912,40.1484],[33.0909,40.1482],[33.0912,40.1476],[33.0923,40.1462],[33.0915,40.1457],[33.0906,40.1454],[33.0901,40.1461],[33.089,40.1454],[33.0864,40.1445],[33.0862,40.1448],[33.0849,40.1443],[33.0846,40.145],[33.0823,40.1438],[33.0805,40.1437],[33.0805,40.1436],[33.0797,40.1433],[33.0783,40.1456],[33.0786,40.1461],[33.0782,40.1469],[33.0776,40.1467],[33.0769,40.1458],[33.0757,40.145],[33.0723,40.1441],[33.0723,40.145],[33.0709,40.1456],[33.0707,40.1455],[33.0678,40.147],[33.0666,40.1454],[33.0663,40.147],[33.0666,40.148],[33.0624,40.1462],[33.055,40.1438],[33.0497,40.1449],[33.05,40.1452],[33.0523,40.1463],[33.0515,40.1491],[33.0536,40.1493],[33.0542,40.1501],[33.057,40.151],[33.0576,40.1501],[33.0607,40.1523],[33.0596,40.1529],[33.0599,40.1539],[33.063,40.1535],[33.0633,40.1523],[33.0661,40.1527],[33.0658,40.1551],[33.0658,40.1572],[33.0683,40.1568],[33.0708,40.1571],[33.0755,40.1568],[33.0761,40.1577],[33.0771,40.1603],[33.0772,40.161],[33.0775,40.1616],[33.0791,40.1636],[33.0798,40.1642],[33.0816,40.1652],[33.0824,40.164],[33.0826,40.1639],[33.0829,40.1641],[33.0831,40.1635],[33.0867,40.1638],[33.0899,40.1638],[33.0902,40.1637],[33.0913,40.165],[33.0938,40.1661],[33.0943,40.1653],[33.0947,40.1652],[33.0963,40.1662],[33.098,40.1662],[33.1001,40.1648],[33.1011,40.1645],[33.1034,40.167],[33.1039,40.1668],[33.1041,40.1678],[33.1042,40.1679],[33.1047,40.1678],[33.1052,40.1688],[33.1052,40.1676],[33.1063,40.1684],[33.1068,40.1686],[33.1097,40.1686],[33.1143,40.169],[33.1149,40.1694],[33.1148,40.1701],[33.1151,40.1703],[33.1178,40.1704],[33.1272,40.1686],[33.1282,40.169],[33.1302,40.171],[33.1341,40.1694],[33.1333,40.1687]]]]}},{"type":"Feature","properties":{"id":"akyurt-cardakbagi"},"geometry":{"type":"MultiPolygon","coordinates":[[[[33.115,40.0767],[33.1175,40.0729],[33.119,40.0714],[33.1206,40.0703],[33.122,40.0698],[33.1227,40.0687],[33.1223,40.066],[33.1242,40.0639],[33.1242,40.0619],[33.1277,40.0613],[33.1303,40.0604],[33.1341,40.0604],[33.1354,40.0609],[33.1393,40.0608],[33.1418,40.0575],[33.1522,40.0574],[33.1545,40.0561],[33.1565,40.0544],[33.1592,40.0515],[33.1596,40.0512],[33.1604,40.0499],[33.1584,40.0484],[33.1585,40.0467],[33.1521,40.0467],[33.1479,40.048],[33.1434,40.0485],[33.1383,40.0458],[33.1338,40.0451],[33.1335,40.0469],[33.1328,40.0478],[33.1283,40.046],[33.1201,40.0455],[33.1191,40.0451],[33.116,40.0457],[33.115,40.0472],[33.1129,40.0483],[33.1127,40.0489],[33.1081,40.0502],[33.1038,40.0523],[33.0979,40.0553],[33.0945,40.0551],[33.0922,40.0557],[33.0902,40.0585],[33.0874,40.0599],[33.0899,40.0625],[33.0878,40.0677],[33.0859,40.0676],[33.0846,40.067],[33.0841,40.0678],[33.0857,40.0694],[33.0909,40.0691],[33.0948,40.0708],[33.0966,40.0727],[33.0991,40.0742],[33.1019,40.0751],[33.104,40.0765],[33.105,40.0774],[33.1055,40.0797],[33.1063,40.08],[33.1063,40.0806],[33.1071,40.082],[33.1091,40.0816],[33.1105,40.0806],[33.1129,40.0803],[33.1143,40.0782],[33.1146,40.0772],[33.115,40.0767]]]]}},{"type":"Feature","properties":{"id":"akyurt-balikhisar"},"geometry":{"type":"MultiPolygon","coordinates":[[[[33.0084,40.1172],[33.0081,40.1165],[33.0096,40.1169],[33.0112,40.1179],[33.0161,40.1194],[33.0155,40.1181],[33.017,40.1176],[33.0155,40.1163],[33.0149,40.1156],[33.0166,40.115],[33.0158,40.1132],[33.0175,40.1134],[33.0176,40.1126],[33.0174,40.1127],[33.0177,40.1112],[33.02,40.1111],[33.0216,40.1123],[33.0222,40.1107],[33.0264,40.1113],[33.0269,40.1103],[33.0258,40.1097],[33.0271,40.1079],[33.0272,40.1069],[33.026,40.1068],[33.0265,40.1036],[33.0262,40.1035],[33.0262,40.1029],[33.0273,40.1031],[33.0279,40.1029],[33.029,40.1029],[33.0301,40.1038],[33.0305,40.1036],[33.0315,40.104],[33.0316,40.1037],[33.0302,40.1033],[33.0293,40.1027],[33.028,40.1013],[33.0274,40.0997],[33.0343,40.0978],[33.0336,40.0959],[33.0334,40.093],[33.0349,40.0928],[33.0333,40.0909],[33.0313,40.0893],[33.0214,40.0839],[33.019,40.0828],[33.0171,40.0851],[33.0151,40.0866],[32.9931,40.0798],[32.9757,40.0909],[32.97,40.0826],[32.9693,40.0818],[32.9679,40.0807],[32.9663,40.0798],[32.9647,40.0791],[32.962,40.0784],[32.9602,40.0783],[32.9574,40.0777],[32.9552,40.0781],[32.9571,40.0794],[32.9569,40.0825],[32.9571,40.0829],[32.9614,40.0832],[32.9632,40.0848],[32.9624,40.0854],[32.9634,40.0864],[32.9639,40.0864],[32.9657,40.0873],[32.9654,40.0887],[32.9661,40.0895],[32.9663,40.0902],[32.967,40.0914],[32.9669,40.0929],[32.969,40.0935],[32.9703,40.095],[32.9704,40.0971],[32.9737,40.0983],[32.9749,40.0979],[32.9761,40.102],[32.9759,40.102],[32.976,40.1026],[32.9759,40.1029],[32.9762,40.1034],[32.977,40.104],[32.977,40.1046],[32.9773,40.1056],[32.9785,40.1055],[32.9788,40.1062],[32.98,40.1068],[32.9794,40.1079],[32.9819,40.1093],[32.9825,40.1095],[32.9823,40.1107],[32.9826,40.1111],[32.9841,40.1109],[32.9862,40.11],[32.9874,40.1113],[32.9883,40.1111],[32.9886,40.1112],[32.9896,40.1122],[32.9899,40.1133],[32.9881,40.1136],[32.9883,40.1141],[32.9909,40.114],[32.995,40.1151],[32.9998,40.1171],[33.002,40.1171],[33.0014,40.118],[33.0046,40.1189],[33.005,40.1207],[33.0104,40.1211],[33.0084,40.1172]]]]}},{"type":"Feature","properties":{"id":"akyurt-kozayagi"},"geometry":{"type":"MultiPolygon","coordinates":[[[[33.2855,40.16],[33.289,40.1556],[33.288,40.154],[33.2843,40.1543],[33.283,40.1529],[33.2838,40.1521],[33.2835,40.1503],[33.2826,40.1499],[33.2813,40.1495],[33.2773,40.1457],[33.2737,40.1444],[33.2728,40.1427],[33.2721,40.142],[33.2702,40.1414],[33.2701,40.1405],[33.2732,40.1395],[33.2741,40.1387],[33.2743,40.1373],[33.2752,40.1345],[33.2761,40.1344],[33.2763,40.1328],[33.2773,40.1321],[33.2781,40.1322],[33.2818,40.1311],[33.2933,40.1322],[33.2939,40.1279],[33.2902,40.1223],[33.2863,40.1187],[33.2873,40.1163],[33.2868,40.1108],[33.2849,40.1077],[33.2835,40.1041],[33.2853,40.1008],[33.2828,40.0982],[33.2823,40.0946],[33.2819,40.0879],[33.2803,40.0872],[33.2789,40.0861],[33.2738,40.0841],[33.2707,40.0846],[33.267,40.0844],[33.2658,40.0834],[33.2655,40.0803],[33.2621,40.0772],[33.2584,40.0762],[33.2527,40.0885],[33.2532,40.0888],[33.2537,40.0899],[33.2535,40.0914],[33.2529,40.0933],[33.2533,40.0965],[33.2527,40.0979],[33.2526,40.1001],[33.2522,40.1005],[33.2532,40.1012],[33.2528,40.1021],[33.2519,40.1033],[33.2531,40.1053],[33.2538,40.1061],[33.2541,40.1067],[33.2538,40.1072],[33.254,40.1081],[33.2527,40.1088],[33.252,40.1095],[33.251,40.1093],[33.251,40.1088],[33.2497,40.11],[33.25,40.1108],[33.2498,40.1132],[33.2502,40.1138],[33.2501,40.114],[33.2493,40.114],[33.249,40.1146],[33.2505,40.1156],[33.2506,40.1194],[33.2511,40.1194],[33.2517,40.1191],[33.2521,40.1196],[33.2525,40.1197],[33.253,40.12],[33.2531,40.1209],[33.2532,40.1213],[33.2538,40.1217],[33.254,40.1224],[33.2523,40.1228],[33.25,40.1242],[33.2487,40.1252],[33.2487,40.1261],[33.2496,40.1262],[33.2503,40.1259],[33.2529,40.1273],[33.2529,40.1277],[33.2527,40.1281],[33.2521,40.1281],[33.2527,40.1287],[33.2532,40.1296],[33.2531,40.13],[33.252,40.1301],[33.2503,40.1315],[33.2492,40.1331],[33.2493,40.1337],[33.2498,40.1342],[33.2467,40.1383],[33.2444,40.1405],[33.2448,40.1409],[33.2464,40.1401],[33.2469,40.1404],[33.2491,40.141],[33.2486,40.1417],[33.2506,40.1422],[33.2516,40.1426],[33.2505,40.1438],[33.2507,40.1446],[33.2511,40.1444],[33.2521,40.1454],[33.2527,40.1467],[33.2527,40.1471],[33.253,40.148],[33.2528,40.1496],[33.2552,40.1518],[33.259,40.152],[33.2606,40.1527],[33.2606,40.1531],[33.2615,40.1533],[33.2615,40.1545],[33.2654,40.1535],[33.267,40.1564],[33.2689,40.1554],[33.271,40.1545],[33.2719,40.155],[33.2739,40.1568],[33.2764,40.1584],[33.2779,40.1587],[33.281,40.1583],[33.2823,40.1585],[33.2855,40.16]]]]}},{"type":"Feature","properties":{"id":"akyurt-elecik"},"geometry":{"type":"MultiPolygon","coordinates":[[[[33.2825,40.2254],[33.2867,40.2216],[33.2864,40.221],[33.2846,40.2211],[33.2838,40.2202],[33.2824,40.2201],[33.283,40.2183],[33.2869,40.2157],[33.2873,40.215],[33.2886,40.2151],[33.2893,40.2134],[33.288,40.2128],[33.2871,40.2129],[33.2864,40.2105],[33.2897,40.2072],[33.2909,40.2062],[33.2933,40.2054],[33.295,40.2012],[33.2945,40.2],[33.2948,40.1991],[33.2975,40.1985],[33.2989,40.197],[33.2988,40.1965],[33.3013,40.1945],[33.3039,40.1945],[33.3064,40.1873],[33.3086,40.1873],[33.3097,40.1866],[33.3101,40.1801],[33.3075,40.1769],[33.3073,40.1756],[33.3087,40.1744],[33.3141,40.1787],[33.3166,40.1767],[33.3134,40.1733],[33.3116,40.1683],[33.3066,40.1642],[33.3051,40.1608],[33.3006,40.1556],[33.2977,40.1542],[33.2922,40.1544],[33.288,40.154],[33.289,40.1556],[33.2855,40.16],[33.2843,40.1623],[33.2813,40.1657],[33.2797,40.1672],[33.2783,40.1677],[33.278,40.168],[33.2774,40.1681],[33.2734,40.1708],[33.27,40.1705],[33.2647,40.1737],[33.2581,40.1765],[33.253,40.1795],[33.2477,40.1864],[33.2493,40.1909],[33.2524,40.194],[33.2526,40.1953],[33.2542,40.1965],[33.2557,40.1988],[33.2559,40.2023],[33.2567,40.2046],[33.2579,40.2053],[33.2626,40.2107],[33.2607,40.2137],[33.2578,40.2165],[33.2645,40.2183],[33.2702,40.2223],[33.273,40.2261],[33.2787,40.2271],[33.2825,40.2254]]]]}},{"type":"Feature","properties":{"id":"akyurt-uzunlar"},"geometry":{"type":"MultiPolygon","coordinates":[[[[33.1642,40.175],[33.1665,40.1746],[33.1668,40.173],[33.1681,40.1731],[33.1705,40.1726],[33.1714,40.1727],[33.1733,40.1725],[33.174,40.1723],[33.1749,40.1718],[33.1763,40.1721],[33.1772,40.1726],[33.1789,40.1728],[33.1829,40.1729],[33.183,40.1708],[33.1848,40.1682],[33.1891,40.1699],[33.1911,40.1716],[33.1929,40.1722],[33.1959,40.1713],[33.1999,40.171],[33.1957,40.1679],[33.1927,40.1653],[33.1905,40.1636],[33.1897,40.1632],[33.1882,40.1627],[33.1865,40.1615],[33.1857,40.1592],[33.1845,40.1572],[33.1838,40.1574],[33.1833,40.1573],[33.1808,40.1559],[33.1775,40.1563],[33.1734,40.1574],[33.1707,40.1573],[33.1692,40.1575],[33.1687,40.1577],[33.1685,40.1583],[33.1675,40.1585],[33.1658,40.1582],[33.1637,40.1576],[33.1625,40.1576],[33.1608,40.158],[33.1599,40.1584],[33.1577,40.1591],[33.156,40.1585],[33.1539,40.1586],[33.1526,40.1582],[33.1507,40.1579],[33.1492,40.1571],[33.1437,40.1574],[33.1431,40.1576],[33.1432,40.1578],[33.143,40.1581],[33.1432,40.1582],[33.1429,40.1587],[33.1429,40.1596],[33.1426,40.16],[33.1411,40.1606],[33.1409,40.1609],[33.1411,40.1641],[33.1412,40.1647],[33.1423,40.1669],[33.1416,40.168],[33.1428,40.1684],[33.1443,40.1693],[33.1449,40.1683],[33.1463,40.1693],[33.1503,40.1711],[33.1531,40.1729],[33.1551,40.1738],[33.1557,40.1746],[33.1579,40.1749],[33.1597,40.1748],[33.1642,40.175]]]]}}]}